term,ngram_len,total_freq,doc_freq_of_62,example_sentence
rate,1,1273,62,"After a continued rise in inflation since the beginning of 2018, the inflation rate is stabilizing slightly above the lower bound of the target range, and is expected to remain within the target in the coming months as well."
inflation,1,1107,62,"After a continued rise in inflation since the beginning of 2018, the inflation rate is stabilizing slightly above the lower bound of the target range, and is expected to remain within the target in the coming months as well."
activity,1,785,62,An analysis of the data and of updated indicators of economic activity leads to the assessment that the economy is converging to its potential growth rate.
increase,1,692,62,"The number of transactions and mortgage volume appear to be stabilizing, with a slight increase in mortgage interest rates."
economic,1,579,62,An analysis of the data and of updated indicators of economic activity leads to the assessment that the economy is converging to its potential growth rate.
increased,1,572,61,"New mortgage volume is stabilizing after increasing since 2017, and mortgage interest rates have increased slightly in recent months, against the background of the increase in government bond yields  ."
expected,1,498,57,"After a continued rise in inflation since the beginning of 2018, the inflation rate is stabilizing slightly above the lower bound of the target range, and is expected to remain within the target in the coming months as well."
interest,1,472,62,"Since the previous interest rate decision, the shekel weakened by 3.6 percent in terms of the nominal effective exchange rate and by 3.2 percent vis-à-vis the dollar."
continued,1,471,62,"After a continued rise in inflation since the beginning of 2018, the inflation rate is stabilizing slightly above the lower bound of the target range, and is expected to remain within the target in the coming months as well."
growth,1,455,62,An analysis of the data and of updated indicators of economic activity leads to the assessment that the economy is converging to its potential growth rate.
economic activity,2,455,62,An analysis of the data and of updated indicators of economic activity leads to the assessment that the economy is converging to its potential growth rate.
target,1,452,61,"After a continued rise in inflation since the beginning of 2018, the inflation rate is stabilizing slightly above the lower bound of the target range, and is expected to remain within the target in the coming months as well."
range,1,437,62,"After a continued rise in inflation since the beginning of 2018, the inflation rate is stabilizing slightly above the lower bound of the target range, and is expected to remain within the target in the coming months as well."
months,1,427,62,"After a continued rise in inflation since the beginning of 2018, the inflation rate is stabilizing slightly above the lower bound of the target range, and is expected to remain within the target in the coming months as well."
remains,1,409,61,"The US economy remains robust, though the risks due to the worsening “trade war” and the heightened political risk in Europe continue to weigh on momentum."
interest rate,2,403,62,"Since the previous interest rate decision, the shekel weakened by 3.6 percent in terms of the nominal effective exchange rate and by 3.2 percent vis-à-vis the dollar."
declined,1,398,62,"Private consumption grew moderately, and investment continued to contract, despite the firming of residential construction investment after it had declined over several quarters."
decline,1,391,62,"Expectations for medium terms remained entrenched within the target range, though there has been a slight decline recently in longer-term expectations."
market,1,381,62,"In the second and third quarters, there was some slowdown in the economy’s growth rate, but current indicators of activity support the assessment that the economy is at full employment, and in particular, the tight labor market data indicate a high level of demand."
high,1,380,58,"In the second and third quarters, there was some slowdown in the economy’s growth rate, but current indicators of activity support the assessment that the economy is at full employment, and in particular, the tight labor market data indicate a high level of demand."
global,1,375,61,"The Bank of Israel continues to monitor developments in inflation, the real economy, the financial markets, and the global economy, and will act to attain the monetary policy targets in accordance with such developments."
level,1,373,60,One-year expectations and forecasts from the various sources hover around the level of one percent.
target range,2,369,61,"After a continued rise in inflation since the beginning of 2018, the inflation rate is stabilizing slightly above the lower bound of the target range, and is expected to remain within the target in the coming months as well."
continues,1,350,59,"The IMF revised its growth forecast downward for most countries and regions, and the moderation in world trade continues."
prices,1,344,62,Home prices stabilized in recent months.
remained,1,332,61,Medium-term expectations remained entrenched within the target range.
annual,1,328,55,"After a continued rise in actual inflation since the beginning of 2018, the annual inflation rate has ranged between 1.2–1.4 percent in the past five months, and the “adjusted indices” are in a similar environment  ."
expectations,1,327,62,One-year expectations and forecasts from the various sources hover around the level of one percent.
data,1,327,62,An analysis of the data and of updated indicators of economic activity leads to the assessment that the economy is converging to its potential growth rate.
pace,1,323,53,"After the growth rate slowed in the second and third quarters of 2018, the findings from the fourth quarter Companies Survey   and data on tax revenues support the assessment that the economy is growing at a pace hovering around the long term path."
trend,1,322,60,"Assessments are that it is not a change in trend, although leading indicators point to a loss of momentum."
previous,1,319,62,"Since the previous interest rate decision, the shekel weakened by 3.6 percent in terms of the nominal effective exchange rate and by 3.2 percent vis-à-vis the dollar."
economy,1,317,56,The rise in wages in the economy and the expansionary fiscal policy will support the continued entrenchment of inflation within the target.
war,1,297,39,"The US economy remains robust, though the risks due to the worsening “trade war” and the heightened political risk in Europe continue to weigh on momentum."
view,1,295,59,"Likewise, global quantitative easing wound down, and in the coming months quantitative contraction is expected to begin, in view of the Fed contracting its balance sheet and the cessation of purchases by the ECB  ."
slightly,1,281,60,"After a continued rise in inflation since the beginning of 2018, the inflation rate is stabilizing slightly above the lower bound of the target range, and is expected to remain within the target in the coming months as well."
past,1,280,60,"After a continued rise in actual inflation since the beginning of 2018, the annual inflation rate has ranged between 1.2–1.4 percent in the past five months, and the “adjusted indices” are in a similar environment  ."
forecast,1,273,53,"The IMF revised its growth forecast downward for most countries and regions, and the moderation in world trade continues."
lower,1,271,60,"After a continued rise in inflation since the beginning of 2018, the inflation rate is stabilizing slightly above the lower bound of the target range, and is expected to remain within the target in the coming months as well."
terms,1,265,62,"Since the previous interest rate decision, the shekel weakened by 3.6 percent in terms of the nominal effective exchange rate and by 3.2 percent vis-à-vis the dollar."
credit,1,257,51,"In addition, the ECB renewed its program of providing credit to the commercial banks in order to support economic activity in the eurozone."
central,1,255,61,"The Composite State of the Economy Index  , the Purchasing Managers Index and the Consumer Confidence Index  , and the Business Tendency Survey of the Central Bureau of Statistics all support this assessment, as do labor market data."
government,1,247,60,"Since the previous interest rate decision, 10-year government bond yields stabilized, after increasing in previous months."
decision,1,242,62,"Since the previous interest rate decision, the shekel weakened by 3.6 percent in terms of the nominal effective exchange rate and by 3.2 percent vis-à-vis the dollar."
period,1,241,53,"In the intermeeting period, the shekel weakened by 3.6 percent in terms of the nominal effective exchange rate  ."
moderate,1,238,60,"Inflation in tradable goods prices continued to moderate, primarily as a result of the decline in energy prices."
policy,1,233,62,The rise in wages in the economy and the expansionary fiscal policy will support the continued entrenchment of inflation within the target.
business,1,232,62,"The Composite State of the Economy Index  , the Purchasing Managers Index and the Consumer Confidence Index  , and the Business Tendency Survey of the Central Bureau of Statistics all support this assessment, as do labor market data."
markets,1,226,61,"In financial markets, there were marked declines in most equity indices."
labor,1,224,62,"In the second and third quarters, there was some slowdown in the economy’s growth rate, but current indicators of activity support the assessment that the economy is at full employment, and in particular, the tight labor market data indicate a high level of demand."
higher,1,216,50,"In the past 9 months, except for December 2018, the annual inflation rate has been 1.2 percent or higher."
shekel,1,212,62,The main risk to this is the possibility of a sharp appreciation of the shekel.
recent,1,204,56,Home prices stabilized in recent months.
crisis,1,201,30,"If the crisis persists and spills over into additional countries, and particularly if strict preventative measures are required in Israel, it is expected to have a more significant impact."
number,1,193,56,"The number of transactions and mortgage volume appear to be stabilizing, with a slight increase in mortgage interest rates."
index,1,190,57,"The Composite State of the Economy Index  , the Purchasing Managers Index and the Consumer Confidence Index  , and the Business Tendency Survey of the Central Bureau of Statistics all support this assessment, as do labor market data."
employment,1,187,58,"In the second and third quarters, there was some slowdown in the economy’s growth rate, but current indicators of activity support the assessment that the economy is at full employment, and in particular, the tight labor market data indicate a high level of demand."
continue,1,187,51,"The US economy remains robust, though the risks due to the worsening “trade war” and the heightened political risk in Europe continue to weigh on momentum."
bank,1,186,55,"The Bank of Israel continues to monitor developments in inflation, the real economy, the financial markets, and the global economy, and will act to attain the monetary policy targets in accordance with such developments."
exchange,1,178,62,"Since the previous interest rate decision, the shekel weakened by 3.6 percent in terms of the nominal effective exchange rate and by 3.2 percent vis-à-vis the dollar."
exports,1,175,61,"Services (excluding start-up companies) exports returned to growth, while weakness continued in goods (excluding diamonds) exports  ."
past months,2,175,57,"In the past 9 months, except for December 2018, the annual inflation rate has been 1.2 percent or higher."
labor market,2,174,60,"In the second and third quarters, there was some slowdown in the economy’s growth rate, but current indicators of activity support the assessment that the economy is at full employment, and in particular, the tight labor market data indicate a high level of demand."
indices,1,172,59,"In financial markets, there were marked declines in most equity indices."
impact,1,172,46,"The steep decline in oil prices in recent weeks may offset the factors supporting inflation, but its impact on the “adjusted indices” will be limited."
uncertainty,1,171,47,"The macro picture conveyed by the global economy continues to indicate declining momentum, high volatility, and uncertainty."
however,1,169,51,"However, an analysis of the data and of updated indicators of activity—and considering the impact of volatility in vehicle imports on GDP—indicates that the economy is apparently converging to its potential growth rate."
recovery,1,167,42,"In Japan, the economic activity data published in the fourth quarter indicate a recovery, following contraction in the third quarter."
exchange rate,2,161,62,"Since the previous interest rate decision, the shekel weakened by 3.6 percent in terms of the nominal effective exchange rate and by 3.2 percent vis-à-vis the dollar."
trade,1,158,57,"The US economy remains robust, though the risks due to the worsening “trade war” and the heightened political risk in Europe continue to weigh on momentum."
services,1,158,56,"Services (excluding start-up companies) exports returned to growth, while weakness continued in goods (excluding diamonds) exports  ."
unemployment,1,157,62,"The unemployment rate remains very low, though the participation and employment rates appear to be moderating from the elevated levels they had reached."
around,1,157,54,One-year expectations and forecasts from the various sources hover around the level of one percent.
low,1,154,56,"The unemployment rate remains very low, though the participation and employment rates appear to be moderating from the elevated levels they had reached."
rate decision,2,153,56,"Since the previous interest rate decision, the shekel weakened by 3.6 percent in terms of the nominal effective exchange rate and by 3.2 percent vis-à-vis the dollar."
interest rate decision,3,153,56,"Since the previous interest rate decision, the shekel weakened by 3.6 percent in terms of the nominal effective exchange rate and by 3.2 percent vis-à-vis the dollar."
goods,1,152,58,"Inflation in tradable goods prices moderated, primarily as a result of a slowdown in the annual rate of increase in energy prices, despite the increase in oil prices until recently and the depreciation of the shekel."
environment,1,151,54,"After a continued rise in actual inflation since the beginning of 2018, the annual inflation rate has ranged between 1.2–1.4 percent in the past five months, and the “adjusted indices” are in a similar environment  ."
industries,1,151,48,"The ratio of job vacancies to total employee posts rose to a record level  , and wages continue to increase  , led by a relatively sharp rise in the business sector, encompassing a wide range of industries and all salary levels."
remain,1,149,55,"After a continued rise in inflation since the beginning of 2018, the inflation rate is stabilizing slightly above the lower bound of the target range, and is expected to remain within the target in the coming months as well."
bound,1,149,49,"After a continued rise in inflation since the beginning of 2018, the inflation rate is stabilizing slightly above the lower bound of the target range, and is expected to remain within the target in the coming months as well."
increases,1,148,52,The wage increases in the economy and the expansionary fiscal policy will support the entrenchment of inflation within the target range.
indicate,1,147,59,"In the second and third quarters, there was some slowdown in the economy’s growth rate, but current indicators of activity support the assessment that the economy is at full employment, and in particular, the tight labor market data indicate a high level of demand."
survey,1,147,59,"The Composite State of the Economy Index  , the Purchasing Managers Index and the Consumer Confidence Index  , and the Business Tendency Survey of the Central Bureau of Statistics all support this assessment, as do labor market data."
world,1,145,60,"The IMF revised its growth forecast downward for most countries and regions, and the moderation in world trade continues."
unchanged,1,144,51,"However, the IMF kept its 2019 world trade growth forecast unchanged and slightly reduced its 2020 forecast."
following,1,142,54,"The tension between the Italian government and European authorities grew stronger, following the proposed budget that is expected to lead to an increase in the deficit in Italy."
stable,1,140,54,Emerging economies are relatively stable.
components,1,139,52,"Private current consumption increased at a relatively moderate rate in the first quarter, and, other than vehicles, most components of investment contracted."
home,1,138,57,Home prices stabilized in recent months.
significant,1,138,47,"The economy is expected to grow in those years at a rate slightly higher than the long-term pace, as a result of significant activity by a number of large companies."
supply,1,137,52,"The growth in supply is apparently the main factor, but there are also forecasts for a decline in global demand. interest rate decision will be published on December 10, 2018."
unemployment rate,2,135,59,"The unemployment rate remains very low, though the participation and employment rates appear to be moderating from the elevated levels they had reached."
beginning,1,135,49,"After a continued rise in inflation since the beginning of 2018, the inflation rate is stabilizing slightly above the lower bound of the target range, and is expected to remain within the target in the coming months as well."
nominal,1,134,59,"Since the previous interest rate decision, the shekel weakened by 3.6 percent in terms of the nominal effective exchange rate and by 3.2 percent vis-à-vis the dollar."
statistics,1,134,56,"The Composite State of the Economy Index  , the Purchasing Managers Index and the Consumer Confidence Index  , and the Business Tendency Survey of the Central Bureau of Statistics all support this assessment, as do labor market data."
bureau,1,133,55,"The Composite State of the Economy Index  , the Purchasing Managers Index and the Consumer Confidence Index  , and the Business Tendency Survey of the Central Bureau of Statistics all support this assessment, as do labor market data."
central bureau,2,133,55,"The Composite State of the Economy Index  , the Purchasing Managers Index and the Consumer Confidence Index  , and the Business Tendency Survey of the Central Bureau of Statistics all support this assessment, as do labor market data."
bureau of statistics,3,133,55,"The Composite State of the Economy Index  , the Purchasing Managers Index and the Consumer Confidence Index  , and the Business Tendency Survey of the Central Bureau of Statistics all support this assessment, as do labor market data."
forecasts,1,132,49,One-year expectations and forecasts from the various sources hover around the level of one percent.
price,1,132,49,"There were price declines and sharp volatility in most equity indices, and expected monetary contraction worldwide is seen to be slowing."
housing,1,132,38,"Inflation in the past 12 months is 0.4 percent, and in the past two months, there has also been a decline in inflation excluding energy and fruits and vegetables, in view of the appreciation of the shekel and the slowdown in the increases of housing and food prices."
department,1,130,44,The Research Department forecasts inflation of 1.3 percent over the coming four quarters.
long-term,1,129,53,"Regarding economic activity, the first estimate by the Central Bureau of Statistics for full year growth in 2018 is 3.2 percent, similar to the long-term growth rate."
prior,1,128,48,"Since the increase of the interest rate, the nominal effective exchange rate has remained relatively stable, following a depreciation of the shekel in the weeks prior to the increase  ."
risk,1,128,47,The main risk to this is the possibility of a sharp appreciation of the shekel.
inflation expectations,2,127,58,"One-year inflation expectations and forecasts are slightly above the lower bound of the target range, and forward expectations for medium and longer terms remained near the midpoint of the target."
assessment,1,127,55,An analysis of the data and of updated indicators of economic activity leads to the assessment that the economy is converging to its potential growth rate.
bond,1,125,53,"Since the previous interest rate decision, 10-year government bond yields stabilized, after increasing in previous months."
effective,1,124,62,"Since the previous interest rate decision, the shekel weakened by 3.6 percent in terms of the nominal effective exchange rate and by 3.2 percent vis-à-vis the dollar."
end,1,124,51,"The Committee assesses that the rising path of the interest rate in the future will be gradual and cautious, in a manner that supports a process at the end of which inflation will stabilize around the midpoint of the target range, and that supports economic activity."
research,1,124,49,The Research Department forecasts inflation of 1.3 percent over the coming four quarters.
effective exchange,2,123,62,"Since the previous interest rate decision, the shekel weakened by 3.6 percent in terms of the nominal effective exchange rate and by 3.2 percent vis-à-vis the dollar."
effective exchange rate,3,123,62,"Since the previous interest rate decision, the shekel weakened by 3.6 percent in terms of the nominal effective exchange rate and by 3.2 percent vis-à-vis the dollar."
revised,1,123,55,"The IMF revised its growth forecast downward for most countries and regions, and the moderation in world trade continues."
inflation rate,2,123,47,"After a continued rise in inflation since the beginning of 2018, the inflation rate is stabilizing slightly above the lower bound of the target range, and is expected to remain within the target in the coming months as well."
fourth quarter,2,123,37,Indicators of fourth quarter activity point to some acceleration in the growth rate.
tendency,1,121,56,"The Composite State of the Economy Index  , the Purchasing Managers Index and the Consumer Confidence Index  , and the Business Tendency Survey of the Central Bureau of Statistics all support this assessment, as do labor market data."
alongside,1,121,47,"The number of transactions continued to increase, particularly among first-time home buyers, alongside the prolonged decline in investment in residential construction."
moderation,1,121,39,"The IMF revised its growth forecast downward for most countries and regions, and the moderation in world trade continues."
rates,1,120,54,"The number of transactions and mortgage volume appear to be stabilizing, with a slight increase in mortgage interest rates."
capital,1,120,53,"In the capital markets, there was an increase in forward expectations up to three years, and long-term expectations are anchored near the midpoint of the target range.  ."
coming,1,120,51,"After a continued rise in inflation since the beginning of 2018, the inflation rate is stabilizing slightly above the lower bound of the target range, and is expected to remain within the target in the coming months as well."
business tendency,2,119,56,"The Composite State of the Economy Index  , the Purchasing Managers Index and the Consumer Confidence Index  , and the Business Tendency Survey of the Central Bureau of Statistics all support this assessment, as do labor market data."
tendency survey,2,119,56,"The Composite State of the Economy Index  , the Purchasing Managers Index and the Consumer Confidence Index  , and the Business Tendency Survey of the Central Bureau of Statistics all support this assessment, as do labor market data."
business tendency survey,3,119,56,"The Composite State of the Economy Index  , the Purchasing Managers Index and the Consumer Confidence Index  , and the Business Tendency Survey of the Central Bureau of Statistics all support this assessment, as do labor market data."
previous interest,2,118,56,"Since the previous interest rate decision, the shekel weakened by 3.6 percent in terms of the nominal effective exchange rate and by 3.2 percent vis-à-vis the dollar."
previous interest rate,3,118,56,"Since the previous interest rate decision, the shekel weakened by 3.6 percent in terms of the nominal effective exchange rate and by 3.2 percent vis-à-vis the dollar."
volume,1,118,51,"The number of transactions and mortgage volume appear to be stabilizing, with a slight increase in mortgage interest rates."
businesses,1,117,43,The loans are contingent on extending credit to small and micro businesses.
research department,2,116,44,The Research Department forecasts inflation of 1.3 percent over the coming four quarters.
increased by percent,3,115,52,"In addition, the Composite State of the Economy Index, which increased by 0.3 percent in November, with data for October revised upward, even hints at a faster pace in the fourth quarter  ."
similar,1,115,51,"After a continued rise in actual inflation since the beginning of 2018, the annual inflation rate has ranged between 1.2–1.4 percent in the past five months, and the “adjusted indices” are in a similar environment  ."
sharp,1,115,43,The main risk to this is the possibility of a sharp appreciation of the shekel.
equity,1,114,57,"In financial markets, there were marked declines in most equity indices."
dollar,1,113,54,"Since the previous interest rate decision, the shekel weakened by 3.6 percent in terms of the nominal effective exchange rate and by 3.2 percent vis-à-vis the dollar."
indicators,1,113,52,An analysis of the data and of updated indicators of economic activity leads to the assessment that the economy is converging to its potential growth rate.
moderated,1,112,42,"Inflation in tradable goods prices moderated, primarily as a result of a slowdown in the annual rate of increase in energy prices, despite the increase in oil prices until recently and the depreciation of the shekel."
tight,1,112,40,"In the second and third quarters, there was some slowdown in the economy’s growth rate, but current indicators of activity support the assessment that the economy is at full employment, and in particular, the tight labor market data indicate a high level of demand."
home prices,2,111,55,Home prices stabilized in recent months.
financial,1,111,48,"In financial markets, there were marked declines in most equity indices."
nominal effective,2,110,58,"Since the previous interest rate decision, the shekel weakened by 3.6 percent in terms of the nominal effective exchange rate and by 3.2 percent vis-à-vis the dollar."
nominal effective exchange,3,110,58,"Since the previous interest rate decision, the shekel weakened by 3.6 percent in terms of the nominal effective exchange rate and by 3.2 percent vis-à-vis the dollar."
energy,1,110,58,"Inflation in tradable goods prices moderated, primarily as a result of a slowdown in the annual rate of increase in energy prices, despite the increase in oil prices until recently and the depreciation of the shekel."
slowdown,1,110,38,"In the second and third quarters, there was some slowdown in the economy’s growth rate, but current indicators of activity support the assessment that the economy is at full employment, and in particular, the tight labor market data indicate a high level of demand."
relatively,1,109,51,Emerging economies are relatively stable.
developments,1,109,45,"The Bank of Israel continues to monitor developments in inflation, the real economy, the financial markets, and the global economy, and will act to attain the monetary policy targets in accordance with such developments."
reviewed,1,108,31,"In the capital market, equity prices increased during the reviewed period, in contrast with the global trend, and corporate bond spreads declined slightly  ."
percent in terms,3,107,56,"Since the previous interest rate decision, the shekel weakened by 3.6 percent in terms of the nominal effective exchange rate and by 3.2 percent vis-à-vis the dollar."
industry,1,107,34,"Of particular note have been the increases in credit card expenditure in the restaurant industry and the education and leisure services industry, which until recent weeks had typically been stable at low activity levels, while tourism remains very low."
upper,1,107,31,"However, the Committee emphasizes that this is not an upper bound for intervention, and that the Bank continues to act taking into account the state of the economy and the continuation of economic activity."
construction,1,106,44,"Private consumption grew moderately, and investment continued to contract, despite the firming of residential construction investment after it had declined over several quarters."
reviewed period,2,106,31,"In the capital market, equity prices increased during the reviewed period, in contrast with the global trend, and corporate bond spreads declined slightly  ."
first quarter,2,105,34,"In the US, growth data for the fourth quarter of 2018 were not published due to the partial government shutdown, but indicators point to slower growth in that quarter and in the first quarter of 2019."
inflation environment,2,104,50,"The inflation environment has stabilized above the lower bound of the target range, even though the CPI reading for November declined by 0.3 percent and was slightly lower than expected."
recent months,2,104,43,Home prices stabilized in recent months.
relative,1,103,37,"There is relative stability in emerging markets, although economic activity is expected to moderate."
sector,1,102,54,"The ratio of job vacancies to total employee posts rose to a record level  , and wages continue to increase  , led by a relatively sharp rise in the business sector, encompassing a wide range of industries and all salary levels."
downward,1,101,49,"The IMF revised its growth forecast downward for most countries and regions, and the moderation in world trade continues."
monetary policy,2,101,46,"The gradual normalization process of monetary policy worldwide continues, but policy remains accommodative in most economies."
annual inflation,2,101,43,"After a continued rise in actual inflation since the beginning of 2018, the annual inflation rate has ranged between 1.2–1.4 percent in the past five months, and the “adjusted indices” are in a similar environment  ."
consumption,1,101,43,"Private consumption grew moderately, and investment continued to contract, despite the firming of residential construction investment after it had declined over several quarters."
mainly,1,100,48,"Growth in China continued to weaken in the fourth quarter as well, mainly in the manufacturing sector."
banks,1,98,47,"Global monetary policy remains accommodative, but the direction is gradually changing—while negative interest rates and below-target inflation continue in Europe and Japan, federal funds rate increases in the US are expected to continue and the central banks of several additional countries raised interest rates."
new,1,98,45,"New mortgage volume is stabilizing after increasing since 2017, and mortgage interest rates have increased slightly in recent months, against the background of the increase in government bond yields  ."
economies,1,98,42,Emerging economies are relatively stable.
upward,1,98,39,"In addition, the Composite State of the Economy Index, which increased by 0.3 percent in November, with data for October revised upward, even hints at a faster pace in the fourth quarter  ."
grow,1,98,39,"According to the Research Department’s assessment, GDP is expected to grow by 3.4 percent in 2019, slightly lower than the previous forecast, and by 3.5 percent in 2020."
decision the shekel,3,97,54,"Since the previous interest rate decision, the shekel weakened by 3.6 percent in terms of the nominal effective exchange rate and by 3.2 percent vis-à-vis the dollar."
broad,1,97,42,The magnitude of the crisis has led to a broad and unprecedented policy response by central banks and by governments.
led,1,97,41,"The ratio of job vacancies to total employee posts rose to a record level  , and wages continue to increase  , led by a relatively sharp rise in the business sector, encompassing a wide range of industries and all salary levels."
job,1,95,53,"The ratio of job vacancies to total employee posts rose to a record level  , and wages continue to increase  , led by a relatively sharp rise in the business sector, encompassing a wide range of industries and all salary levels."
levels,1,94,38,"The unemployment rate remains very low, though the participation and employment rates appear to be moderating from the elevated levels they had reached."
various,1,93,54,One-year expectations and forecasts from the various sources hover around the level of one percent.
financial markets,2,93,45,"In financial markets, there were marked declines in most equity indices."
particularly,1,93,42,"The IMF again revised its growth forecast downward for most regions, particularly Europe."
upper bound,2,93,31,"However, the Committee emphasizes that this is not an upper bound for intervention, and that the Bank continues to act taking into account the state of the economy and the continuation of economic activity."
euro,1,92,49,"It strengthened by 0.5 percent against the dollar, and by 1.7 percent against the euro   If the appreciation continues, it could delay the inflation rate’s rise toward the midpoint of the target."
annual terms,2,91,32,"GDP grew by 3.1 percent (in annual terms), with the growth driven by private consumption."
world trade,2,90,54,"The IMF revised its growth forecast downward for most countries and regions, and the moderation in world trade continues."
yields,1,90,54,"Since the previous interest rate decision, 10-year government bond yields stabilized, after increasing in previous months."
net,1,89,53,"Net of this effect, the economy grew at a rate slightly below its potential."
demand,1,89,46,"In the second and third quarters, there was some slowdown in the economy’s growth rate, but current indicators of activity support the assessment that the economy is at full employment, and in particular, the tight labor market data indicate a high level of demand."
component,1,89,46,"Inflation in prices of nontradable items, which serves as an approximation of the domestic component of inflation, resumed its rise  ."
bank of israel,3,89,44,"The Bank of Israel continues to monitor developments in inflation, the real economy, the financial markets, and the global economy, and will act to attain the monetary policy targets in accordance with such developments."
compared,1,89,40,"Inflation in the past 12 months was 0.5 percent (compared with 1.5 percent at the time of the previous interest rate decision)  , while inflation excluding energy and fruit and vegetables was 0.9 percent (1.1 percent at the time of the previous interest rate decision)  ."
significantly,1,89,36,"Equity indices in Israel have increased significantly since the last interest rate decision, after marked declines in the final two months of 2018  , in line with major equity indices worldwide  ."
budget,1,88,34,"The tension between the Italian government and European authorities grew stronger, following the proposed budget that is expected to lead to an increase in the deficit in Italy."
expansion,1,87,47,"In the US, as noted, the high growth continued, driven by private consumption and the improvement in manufacturing activity, while the fiscal expansion’s impact is expected to dissipate in 2020."
countries,1,87,37,"The IMF revised its growth forecast downward for most countries and regions, and the moderation in world trade continues."
deficit,1,87,34,"The tension between the Italian government and European authorities grew stronger, following the proposed budget that is expected to lead to an increase in the deficit in Italy."
midpoint,1,87,30,"Continued wage increases and the economy being around full employment will support a continued rise in inflation toward the midpoint of the target range, as will the depreciation, to the extent it persists."
morbidity,1,86,18,"The growth forecast for 2020 was revised downward, and GDP is expected to contract by about 6 percent in view of worsening morbidity data that are increasing the uncertainty and weighing on the return to routing economic activity, and in view of developments abroad."
bonds,1,85,49,"In the past month, there was a slight increase in the yield spreads between corporate bonds and comparable government bonds."
published,1,85,40,"The growth in supply is apparently the main factor, but there are also forecasts for a decline in global demand. interest rate decision will be published on December 10, 2018."
geopolitical,1,85,24,"Oil prices declined since the previous interest rate decision, in view of the continued increase in supply from the US and despite increased geopolitical risk  . prior to this interest rate decision will be published on July 22, 2019."
continued to increase,3,84,41,"Inflation in prices of nontradable items, which serves as an approximation of the domestic component of inflation, continued to increase  ."
statistics business,2,83,43,The Central Bureau of Statistics Business Tendency Survey indicates that there is no significant deterioration in the profitability of exports  .
statistics business tendency,3,83,43,The Central Bureau of Statistics Business Tendency Survey indicates that there is no significant deterioration in the profitability of exports  .
imports,1,82,51,"However, an analysis of the data and of updated indicators of activity—and considering the impact of volatility in vehicle imports on GDP—indicates that the economy is apparently converging to its potential growth rate."
companies,1,82,44,"Services (excluding start-up companies) exports returned to growth, while weakness continued in goods (excluding diamonds) exports  ."
average,1,82,38,"Mortgage volume continued to expand, as a result of a combination of an increase in the number of transactions and an increase in the average mortgage level, and mortgage interest rates continued to decline."
percent of gdp,3,82,29,"The government budget deficit is expected to increase to 11 percent of GDP in 2020, taking into account the budget plan announced by the government to deal with the crisis and the expected decline in revenues due to a slowdown in activity."
oil,1,81,53,"Inflation in tradable goods prices moderated, primarily as a result of a slowdown in the annual rate of increase in energy prices, despite the increase in oil prices until recently and the depreciation of the shekel."
reserve,1,81,43,"In the US, the Federal Reserve left the federal funds rate unchanged, but its announcement was interpreted as a signal that it is expected to begin implementing an accommodative policy due to intensifying risks and a decline in inflation expectations."
remains tight,2,81,36,"Labor market data show that it remains tight—the unemployment rate remains low, although there was an increase in unemployment benefit claims in recent months; the share of job vacancies out of total employee posts is at a peak  ; and wages continue to increase  ."
third quarter,2,81,33,The growth rate in the third quarter was 2.3 percent.
mortgage,1,80,48,"The number of transactions and mortgage volume appear to be stabilizing, with a slight increase in mortgage interest rates."
strengthened,1,80,36,"Since the last interest rate decision, the shekel strengthened by 2 percent in nominal effective exchange rate terms."
grew,1,80,33,"Private consumption grew moderately, and investment continued to contract, despite the firming of residential construction investment after it had declined over several quarters."
constraints,1,80,32,"Exports are increasing solidly, but the Business Tendency Survey indicates some increase in the rate of companies reporting serious constraints in export profitability, following a decline in this rate during 2018."
equity indices,2,79,47,"In financial markets, there were marked declines in most equity indices."
fiscal,1,79,40,The rise in wages in the economy and the expansionary fiscal policy will support the continued entrenchment of inflation within the target.
continuing,1,79,38,"Labor market data indicate that it remains tight—the unemployment rate declined slightly, the employment rate is stable at a record high level  , and wage increases are continuing, led by the business sector  ."
broad unemployment,2,79,36,"Labor market weakness continued, with the “broad unemployment rate” at 12 percent."
negative,1,79,31,"Global monetary policy remains accommodative, but the direction is gradually changing—while negative interest rates and below-target inflation continue in Europe and Japan, federal funds rate increases in the US are expected to continue and the central banks of several additional countries raised interest rates."
china,1,78,50,Growth in China continues to weaken.
real,1,78,42,"The Bank of Israel continues to monitor developments in inflation, the real economy, the financial markets, and the global economy, and will act to attain the monetary policy targets in accordance with such developments."
market remains,2,78,35,"In recent months, the unemployment rate increased slightly, and the job vacancy rate declined, but the labor market remains tight and supports the assessment that the economy is in a full employment environment."
path,1,77,42,The Committee assesses that the rising path of the interest rate in the future will be gradual and cautious.
employment rate,2,77,42,"Labor market data indicate that it remains tight—the unemployment rate remains low, the employment rate is stable at a record high level  , and wages continue to rise across all industries, led by the business sector  ."
billion,1,76,46,"In contrast, the banks enabled nearly a half-million businesses and households to defer loan repayments for several months, at a total amount of NIS 6.2 billion  ."
labor market remains,3,76,34,"In recent months, the unemployment rate increased slightly, and the job vacancy rate declined, but the labor market remains tight and supports the assessment that the economy is in a full employment environment."
purchasing,1,75,49,"The Composite State of the Economy Index  , the Purchasing Managers Index and the Consumer Confidence Index  , and the Business Tendency Survey of the Central Bureau of Statistics all support this assessment, as do labor market data."
adjusted,1,75,41,"After a continued rise in actual inflation since the beginning of 2018, the annual inflation rate has ranged between 1.2–1.4 percent in the past five months, and the “adjusted indices” are in a similar environment  ."
europe,1,75,39,"The US economy remains robust, though the risks due to the worsening “trade war” and the heightened political risk in Europe continue to weigh on momentum."
current,1,75,34,"In the second and third quarters, there was some slowdown in the economy’s growth rate, but current indicators of activity support the assessment that the economy is at full employment, and in particular, the tight labor market data indicate a high level of demand."
sources,1,74,47,One-year expectations and forecasts from the various sources hover around the level of one percent.
volatility,1,74,44,"However, an analysis of the data and of updated indicators of activity—and considering the impact of volatility in vehicle imports on GDP—indicates that the economy is apparently converging to its potential growth rate."
central banks,2,74,42,"Global monetary policy remains accommodative, but the direction is gradually changing—while negative interest rates and below-target inflation continue in Europe and Japan, federal funds rate increases in the US are expected to continue and the central banks of several additional countries raised interest rates."
capital market,2,74,38,"There was a slight decline in forward expectations for medium and long terms derived from the capital market, and in the past few months, there has been a moderate but continued decline in long-term expectations  ."
contraction,1,74,36,"Likewise, global quantitative easing wound down, and in the coming months quantitative contraction is expected to begin, in view of the Fed contracting its balance sheet and the cessation of purchases by the ECB  ."
constraint,1,74,33,"All of these support the assessment that the economy is around full employment, thus creating a supply constraint."
market remains tight,3,74,33,"In recent months, the unemployment rate increased slightly, and the job vacancy rate declined, but the labor market remains tight and supports the assessment that the economy is in a full employment environment."
second quarter,2,73,28,"Some indicators of second quarter growth point to moderation, but others show that growth is continuing at a solid pace."
lockdown,1,73,9,"However, the imposition of the second lockdown in September, following an increase in morbidity, led to a sharp decline in activity and in demand."
line,1,72,40,"In the past two months, Tel Aviv Stock Exchange equity indices declined by approximately 10 percent  , which is in line with the marked declines on major global equity indices  ."
process,1,72,36,"The gradual normalization process of monetary policy worldwide continues, but policy remains accommodative in most economies."
broad unemployment rate,3,72,36,"Labor market weakness continued, with the “broad unemployment rate” at 12 percent."
show,1,71,44,"Labor market data show that it remains tight—the unemployment rate remains low, although there was an increase in unemployment benefit claims in recent months; the share of job vacancies out of total employee posts is at a peak  ; and wages continue to increase  ."
excluding,1,71,43,"Services (excluding start-up companies) exports returned to growth, while weakness continued in goods (excluding diamonds) exports  ."
well,1,71,39,"After a continued rise in inflation since the beginning of 2018, the inflation rate is stabilizing slightly above the lower bound of the target range, and is expected to remain within the target in the coming months as well."
high level,2,71,36,"In the second and third quarters, there was some slowdown in the economy’s growth rate, but current indicators of activity support the assessment that the economy is at full employment, and in particular, the tight labor market data indicate a high level of demand."
balance,1,70,48,"Likewise, global quantitative easing wound down, and in the coming months quantitative contraction is expected to begin, in view of the Fed contracting its balance sheet and the cessation of purchases by the ECB  ."
federal,1,70,46,"Global monetary policy remains accommodative, but the direction is gradually changing—while negative interest rates and below-target inflation continue in Europe and Japan, federal funds rate increases in the US are expected to continue and the central banks of several additional countries raised interest rates."
still,1,70,34,"The gradual process of removing the restrictions that the government imposed on movement and activity is beginning to be reflected in economic activity, though the adverse impact on the economy is still considerable and is expected to persist."
half,1,70,30,"However, the interim budget is expected to have a markedly contractionary effect in the first half of 2020, and there is continuing uncertainty regarding budgetary policy thereafter."
premium,1,70,25,"An analysis of the risk premium in 5–10-year expectations shows that excluding the premium, inflation is expected to be above 2 percent in this range."
government bond,2,69,43,"Since the previous interest rate decision, 10-year government bond yields stabilized, after increasing in previous months."
increased slightly,2,69,38,"New mortgage volume is stabilizing after increasing since 2017, and mortgage interest rates have increased slightly in recent months, against the background of the increase in government bond yields  ."
although,1,69,36,"Assessments are that it is not a change in trend, although leading indicators point to a loss of momentum."
state,1,69,34,"The Composite State of the Economy Index  , the Purchasing Managers Index and the Consumer Confidence Index  , and the Business Tendency Survey of the Central Bureau of Statistics all support this assessment, as do labor market data."
consumer,1,69,31,"The Composite State of the Economy Index  , the Purchasing Managers Index and the Consumer Confidence Index  , and the Business Tendency Survey of the Central Bureau of Statistics all support this assessment, as do labor market data."
stability,1,69,31,"There is relative stability in emerging markets, although economic activity is expected to moderate."
risk premium,2,69,25,"An analysis of the risk premium in 5–10-year expectations shows that excluding the premium, inflation is expected to be above 2 percent in this range."
spread,1,68,37,"Moderate growth in mortgage volume continued; mortgage interest rates rose moderately, while the spread between them and government bond yields has narrowed  ."
core,1,68,35,"In the US, there was some continued moderation in core inflation."
vegetables,1,67,57,"The 12-month CPI excluding prices of energy, fruit and vegetables, and administrative price changes remains slightly lower  ."
spreads,1,67,53,"In the past month, there was a slight increase in the yield spreads between corporate bonds and comparable government bonds."
interest rates,2,67,47,"The number of transactions and mortgage volume appear to be stabilizing, with a slight increase in mortgage interest rates."
eurozone,1,67,40,"In addition, the ECB renewed its program of providing credit to the commercial banks in order to support economic activity in the eurozone."
strong,1,67,30,"Services exports were particularly strong, and goods exports also increased."
covid,1,67,23,"The second wave of the Covid-19 pandemic continues to leave its mark on the economy, and there is a two-way feedback loop between the economic business cycle and the morbidity cycle."
prewar,1,67,19,"Following a sharp depreciation of the shekel in the initial weeks of the war, there has been a sharp appreciation, and the shekel strengthened below its prewar level."
risks,1,66,42,"The US economy remains robust, though the risks due to the worsening “trade war” and the heightened political risk in Europe continue to weigh on momentum."
years,1,66,42,Growth in those years will be positively impacted by notable activity of several large companies.
declined slightly,2,66,37,"Labor market data show that it remains tight: the unemployment rate declined slightly, the employment rate stabilized at a record high level, and the increase in wages continues."
scenario,1,66,15,"The baseline scenario guiding the assessments of most international financial institutions is that the spread of the virus will be halted in the coming months, and the overall impact on the global economy is expected to be limited."
domestic,1,65,45,"Inflation in prices of nontradable items, which serves as an approximation of the domestic component of inflation, resumed its rise  ."
weakened,1,65,33,"Since the previous interest rate decision, the shekel weakened by 3.6 percent in terms of the nominal effective exchange rate and by 3.2 percent vis-à-vis the dollar."
grow by percent,3,65,32,"According to the Research Department’s assessment, GDP is expected to grow by 3.4 percent in 2019, slightly lower than the previous forecast, and by 3.5 percent in 2020."
card,1,64,46,"Indicators of private consumption show a recovery; data on credit card purchases indicate an increase in the scope of purchases in most industries in which the strict limitations were removed, to close to the pre-crisis level."
credit card,2,64,46,"Indicators of private consumption show a recovery; data on credit card purchases indicate an increase in the scope of purchases in most industries in which the strict limitations were removed, to close to the pre-crisis level."
nis billion,2,64,44,"In contrast, the banks enabled nearly a half-million businesses and households to defer loan repayments for several months, at a total amount of NIS 6.2 billion  ."
wage,1,64,41,The wage increases in the economy and the expansionary fiscal policy will support the entrenchment of inflation within the target range.
workers,1,64,30,"Retail sales declined sharply, stemming in part from the deferral of US federal government workers’ salaries."
building,1,64,26,"Home prices have stabilized in recent months  , with a continued decline in building starts and an increase in the number of those planning to purchase a home."
operation,1,64,10,To put a new monetary instrument into operation:
coming months,2,63,40,"After a continued rise in inflation since the beginning of 2018, the inflation rate is stabilizing slightly above the lower bound of the target range, and is expected to remain within the target in the coming months as well."
wages,1,63,36,The rise in wages in the economy and the expansionary fiscal policy will support the continued entrenchment of inflation within the target.
remains high,2,63,35,"However, while the job vacancy rate remains high, it has been declining moderately for several months."
managers,1,62,49,"The Composite State of the Economy Index  , the Purchasing Managers Index and the Consumer Confidence Index  , and the Business Tendency Survey of the Central Bureau of Statistics all support this assessment, as do labor market data."
purchasing managers,2,62,49,"The Composite State of the Economy Index  , the Purchasing Managers Index and the Consumer Confidence Index  , and the Business Tendency Survey of the Central Bureau of Statistics all support this assessment, as do labor market data."
global economy,2,62,25,"The Bank of Israel continues to monitor developments in inflation, the real economy, the financial markets, and the global economy, and will act to attain the monetary policy targets in accordance with such developments."
percent in annual,3,62,25,"GDP grew by 3.1 percent (in annual terms), with the growth driven by private consumption."
corporate,1,61,43,"In the past month, there was a slight increase in the yield spreads between corporate bonds and comparable government bonds."
investment,1,61,41,"Private consumption grew moderately, and investment continued to contract, despite the firming of residential construction investment after it had declined over several quarters."
purchases,1,61,40,"Likewise, global quantitative easing wound down, and in the coming months quantitative contraction is expected to begin, in view of the Fed contracting its balance sheet and the cessation of purchases by the ECB  ."
major,1,61,34,"In the past two months, Tel Aviv Stock Exchange equity indices declined by approximately 10 percent  , which is in line with the marked declines on major global equity indices  ."
last,1,61,33,"Since the last interest rate decision, the shekel strengthened by 2 percent in nominal effective exchange rate terms."
sharply,1,61,31,"There was a turnaround in oil prices, which are declining sharply  ."
increasing,1,61,30,"Since the previous interest rate decision, 10-year government bond yields stabilized, after increasing in previous months."
rapid,1,61,28,"The US economy continued to grow at a rapid pace, but the rate is expected to moderate slightly in the fourth quarter."
annual rate,2,61,26,"Inflation in tradable goods prices moderated, primarily as a result of a slowdown in the annual rate of increase in energy prices, despite the increase in oil prices until recently and the depreciation of the shekel."
accordance,1,60,49,"The Bank of Israel continues to monitor developments in inflation, the real economy, the financial markets, and the global economy, and will act to attain the monetary policy targets in accordance with such developments."
tradable,1,60,49,"Inflation in tradable goods prices moderated, primarily as a result of a slowdown in the annual rate of increase in energy prices, despite the increase in oil prices until recently and the depreciation of the shekel."
declines,1,60,31,"In financial markets, there were marked declines in most equity indices."
government bonds,2,59,49,"In the past month, there was a slight increase in the yield spreads between corporate bonds and comparable government bonds."
addition,1,59,36,"In addition, the Composite State of the Economy Index, which increased by 0.3 percent in November, with data for October revised upward, even hints at a faster pace in the fourth quarter  ."
full,1,59,30,"In the second and third quarters, there was some slowdown in the economy’s growth rate, but current indicators of activity support the assessment that the economy is at full employment, and in particular, the tight labor market data indicate a high level of demand."
working,1,59,26,"Alongside this, the employment rate in the prime working ages (25–64) is above the 2019 average."
manufacturing,1,58,40,"In the US, as noted, the high growth continued, driven by private consumption and the improvement in manufacturing activity, while the fiscal expansion’s impact is expected to dissipate in 2020."
targets,1,58,37,"Even after an increase of the interest rate by 0.15 percentage points, monetary policy remains accommodative and will continue to support the attainment of policy targets."
pace of inflation,3,58,33,"In the US, the pace of inflation moderated, and the Fed left the federal funds rate unchanged  , and interest rate forecasts were revised downward."
second year,2,57,40,"Medium-term and long-term forward expectations remain around the midpoint of the target range, but expectations for the second year declined slightly  ."
assessments,1,57,38,"Assessments are that it is not a change in trend, although leading indicators point to a loss of momentum."
medium,1,57,35,"Expectations for medium terms remained entrenched within the target range, though there has been a slight decline recently in longer-term expectations."
prices increased,2,57,34,"Oil prices increased due to a decline in OPEC output, after prices declined sharply since October 2018 against the background of growth in global supply  . interest rate decision will be published on March 11, 2019."
derived,1,57,34,"There was a slight decline in forward expectations for medium and long terms derived from the capital market, and in the past few months, there has been a moderate but continued decline in long-term expectations  ."
declined by percent,3,57,32,"The inflation environment has stabilized above the lower bound of the target range, even though the CPI reading for November declined by 0.3 percent and was slightly lower than expected."
annual pace,2,57,31,The annual pace of inflation in both the nontradable and the tradable components increased in recent months  .
precrisis,1,57,18,"The volume of transactions in the housing market is lower than in the precrisis period, and there was a marked slowdown in building starts."
business sector,2,56,39,"The ratio of job vacancies to total employee posts rose to a record level  , and wages continue to increase  , led by a relatively sharp rise in the business sector, encompassing a wide range of industries and all salary levels."
growth rate,2,56,28,An analysis of the data and of updated indicators of economic activity leads to the assessment that the economy is converging to its potential growth rate.
return,1,56,23,"If the appreciation persists, it will be harder for a more extended period to return inflation to the target range."
difficulty,1,56,21,In the short term there could be difficulty in measuring the inflation rate.
lower bound,2,56,18,"After a continued rise in inflation since the beginning of 2018, the inflation rate is stabilizing slightly above the lower bound of the target range, and is expected to remain within the target in the coming months as well."
services exports,2,55,45,"Services exports were particularly strong, and goods exports also increased."
time,1,55,36,"Inflation in the past 12 months was 0.5 percent (compared with 1.5 percent at the time of the previous interest rate decision)  , while inflation excluding energy and fruit and vegetables was 0.9 percent (1.1 percent at the time of the previous interest rate decision)  ."
positive,1,55,35,"The major economies in Europe convey a mixed picture—there was positive growth in France and Spain, while contraction was seen in Germany and Italy."
strengthened by percent,3,55,29,"Since the last interest rate decision, the shekel strengthened by 2 percent in nominal effective exchange rate terms."
seasonally,1,55,29,"Despite the second lockdown in October and the start of the third lockdown at the end of December, GDP grew by 6.3 percent in the fourth quarter of 2020 (seasonally adjusted, in annual terms,  )."
seasonally adjusted,2,55,29,"Despite the second lockdown in October and the start of the third lockdown at the end of December, GDP grew by 6.3 percent in the fourth quarter of 2020 (seasonally adjusted, in annual terms,  )."
tightening,1,55,20,"Emerging markets are relatively stable, helped by the decline in risks of further monetary tightening worldwide."
construction industry,2,55,20,"The equipment and raw materials constraint reported by companies in the Central Bureau of Statistics Business Tendency Survey is in a downward trend in various industries, and in the construction industry it has returned to its pre-COVID-19 level."
restrictions,1,55,19,"Based on the Department’s macroeconomic forecast, assuming that the main part of the coronavirus restrictions are removed gradually by the end of June, negative growth of approximately 5 percent is expected in 2020, with an unemployment rate of 6 percent (annual average)."
nontradable,1,54,50,"Inflation in prices of nontradable items, which serves as an approximation of the domestic component of inflation, resumed its rise  ."
contrast,1,54,35,"In contrast, sentiment data from the Business Tendency Survey show that growth is continuing at a solid pace, and this is seen as well in (gross) tax revenues."
ratio,1,54,33,"The ratio of job vacancies to total employee posts rose to a record level  , and wages continue to increase  , led by a relatively sharp rise in the business sector, encompassing a wide range of industries and all salary levels."
ages,1,54,28,"Since the exit from the third lockdown, there has also been an increase in the adjusted employment rate (according to which COVID-19 absentees are not considered employed; ages 15+), to 58.4 percent in July, while in 2019, prior to the crisis, the rate was about 61 percent  ."
moderating,1,54,22,"The unemployment rate remains very low, though the participation and employment rates appear to be moderating from the elevated levels they had reached."
forward,1,53,36,Medium-term and long-term forward expectations are slightly below the midpoint of the target.
advanced,1,53,31,"Emerging markets are relatively stable, but a possible worsening of the “trade war” and the effects of the monetary contraction in advanced economies continue to weigh on continued growth."
effects,1,53,27,"Emerging markets are relatively stable, but a possible worsening of the “trade war” and the effects of the monetary contraction in advanced economies continue to weigh on continued growth."
program,1,53,21,"In addition, the ECB renewed its program of providing credit to the commercial banks in order to support economic activity in the eurozone."
order,1,52,37,"In addition, the ECB renewed its program of providing credit to the commercial banks in order to support economic activity in the eurozone."
accounts,1,52,36,"Based on National Accounts data, there was some slowdown in the economy’s growth rate   in the second and third quarters."
remained stable,2,52,32,"Mortgage volume continues to expand, and mortgage interest rates remained stable  ."
two,1,52,30,"In the past two months, Tel Aviv Stock Exchange equity indices declined by approximately 10 percent  , which is in line with the marked declines on major global equity indices  ."
dollar by percent,3,52,30,"Since the previous interest rate decision, the shekel strengthened by 0.6 percent against the US dollar, by 1.5 percent in terms of the effective exchange rate, and by 2.2 percent against the euro  ."
activity continues,2,52,28,"An analysis of recent data and of updated indicators of economic activity continues to support the assessment that the economy is converging to its potential growth rate, despite the low growth in the second and third quarters."
vacancy,1,51,41,"In recent months, the unemployment rate increased slightly, and the job vacancy rate declined, but the labor market remains tight and supports the assessment that the economy is in a full employment environment."
job vacancy,2,51,41,"In recent months, the unemployment rate increased slightly, and the job vacancy rate declined, but the labor market remains tight and supports the assessment that the economy is in a full employment environment."
private,1,51,34,"Private consumption grew moderately, and investment continued to contract, despite the firming of residential construction investment after it had declined over several quarters."
even,1,51,33,"Even after an increase of the interest rate by 0.15 percentage points, monetary policy remains accommodative and will continue to support the attainment of policy targets."
advanced economies,2,51,30,"Emerging markets are relatively stable, but a possible worsening of the “trade war” and the effects of the monetary contraction in advanced economies continue to weigh on continued growth."
rate of percent,3,51,27,"Inflation in nontradables, an approximation of the domestic component of inflation, continued to increase, reaching approximately 2.5 percent, while inflation in tradables continued to decline, reaching a negative annual rate of -0.7 percent  ."
vacancy rate,2,50,41,"In recent months, the unemployment rate increased slightly, and the job vacancy rate declined, but the labor market remains tight and supports the assessment that the economy is in a full employment environment."
job vacancy rate,3,50,41,"In recent months, the unemployment rate increased slightly, and the job vacancy rate declined, but the labor market remains tight and supports the assessment that the economy is in a full employment environment."
bond yields,2,50,37,"Since the previous interest rate decision, 10-year government bond yields stabilized, after increasing in previous months."
national,1,50,36,"Based on National Accounts data, there was some slowdown in the economy’s growth rate   in the second and third quarters."
national accounts,2,50,36,"Based on National Accounts data, there was some slowdown in the economy’s growth rate   in the second and third quarters."
moderately,1,50,36,"Private consumption grew moderately, and investment continued to contract, despite the firming of residential construction investment after it had declined over several quarters."
one-year,1,50,34,One-year expectations and forecasts from the various sources hover around the level of one percent.
basis,1,50,32,"Approximately 1 million workers claimed unemployment benefits during March, 850,000 more than in February, with 90 percent of them on the basis of being placed on unpaid leave, and the number of people seeking work makes up about 24 percent of the labor force."
support,1,50,28,The rise in wages in the economy and the expansionary fiscal policy will support the continued entrenchment of inflation within the target.
quarters,1,50,28,"In the second and third quarters, there was some slowdown in the economy’s growth rate, but current indicators of activity support the assessment that the economy is at full employment, and in particular, the tight labor market data indicate a high level of demand."
returned,1,50,27,"Services (excluding start-up companies) exports returned to growth, while weakness continued in goods (excluding diamonds) exports  ."
near,1,50,27,The inflation environment remained near the lower bound of the target range.
small,1,50,27,The loans are contingent on extending credit to small and micro businesses.
start,1,50,24,"In terms of the nominal effective exchange rate, the shekel has strengthened by 6 percent since the start of the year, and by 1.2 percent since the previous interest rate decision."
measures,1,50,21,"The decision to hold new elections, and uncertainty regarding the measures the government will adopt following the elections in order to lower the deficit, increase the uncertainty regarding developments in the domestic economy."
accounts data,2,49,36,"Based on National Accounts data, there was some slowdown in the economy’s growth rate   in the second and third quarters."
national accounts data,3,49,36,"Based on National Accounts data, there was some slowdown in the economy’s growth rate   in the second and third quarters."
transactions,1,49,34,"The number of transactions and mortgage volume appear to be stabilizing, with a slight increase in mortgage interest rates."
economic activity continues,3,49,27,"An analysis of recent data and of updated indicators of economic activity continues to support the assessment that the economy is converging to its potential growth rate, despite the low growth in the second and third quarters."
limitations,1,49,13,An analysis of the negative impact on private consumption—in accordance with the magnitude of the Ministry of Health’s limitations on the various consumption items and the weight of each item in the household consumption basket—indicates that private consumption is about 27 percent lower than its pre-crisis level.
net of energy,3,48,46,"The CPI increased by 0.3 percent in October, and inflation in the past 12 months is -0.8 percent (-0.4 percent net of energy and fruit and vegetables)."
ecb,1,48,40,"Likewise, global quantitative easing wound down, and in the coming months quantitative contraction is expected to begin, in view of the Fed contracting its balance sheet and the cessation of purchases by the ECB  ."
expand,1,48,34,"Mortgage volume continues to expand, and mortgage interest rates continue to rise moderately  ."
monetary committee,2,48,33,"In addition, the Monetary Committee decided to launch a program for purchasing corporate bonds in the secondary market."
lead,1,48,29,"The tension between the Italian government and European authorities grew stronger, following the proposed budget that is expected to lead to an increase in the deficit in Italy."
grew by percent,3,48,27,"GDP grew by 3.1 percent (in annual terms), with the growth driven by private consumption."
long-term trend,2,48,26,"Data on activity in China were positive, but the long-term trend of moderation continues."
prime,1,48,26,"New mortgage volume in March 2021 was NIS 8.6 billion, further to the high mortgage volumes since the beginning of the year, alongside the Bank of Israel directive relaxing the prime rate limitations for new borrowers and those refinancing their mortgages going into effect  ."
remained unchanged,2,48,26,"The CPI for August remained unchanged, and the reading for September declined by 0.1 percent."
working ages,2,48,25,"Alongside this, the employment rate in the prime working ages (25–64) is above the 2019 average."
monetary tightening,2,48,19,"Emerging markets are relatively stable, helped by the decline in risks of further monetary tightening worldwide."
federal reserve,2,47,42,"In the US, the Federal Reserve left the federal funds rate unchanged, but its announcement was interpreted as a signal that it is expected to begin implementing an accommodative policy due to intensifying risks and a decline in inflation expectations."
government bond yields,3,47,34,"Since the previous interest rate decision, 10-year government bond yields stabilized, after increasing in previous months."
private consumption,2,47,33,"Private consumption grew moderately, and investment continued to contract, despite the firming of residential construction investment after it had declined over several quarters."
total,1,47,30,"The ratio of job vacancies to total employee posts rose to a record level  , and wages continue to increase  , led by a relatively sharp rise in the business sector, encompassing a wide range of industries and all salary levels."
past year,2,47,30,"In the past year, home prices declined by approximately 0.7 percent  ."
declined to percent,3,47,30,"The broad unemployment rate declined to 9.6 percent, and since the exit from the third lockdown in February, the modified employment rate has increased."
effect,1,47,29,"In the past six months, the annual inflation rate has ranged between 1.2 and 1.4 percent, but the index adjusted for the effect of energy, fruit and vegetable prices, as well as the price changes initiated by the government, is slightly lower  ."
reflected,1,47,25,"The volatility in vehicle imports continues to be reflected in the data, and the Research Department's assessment is that the growth rate net of this effect was slightly below 3 percent."
upward trend,2,47,25,"Goods imports (excluding ships, aircraft and diamonds in dollars) are in a significant upward trend that encompasses all components of imports."
abroad,1,47,23,"Equity indices in Israel were relatively stable since the previous interest rate decision, despite equity market increases abroad."
central bank,2,47,23,"The prices of agricultural commodities, metals, and oil increased, in view of the supply limitations and increased demand, and contributed to the continued increase in inflation, but inflation expectations remained near the central bank targets."
improvement,1,47,22,"In the US, as noted, the high growth continued, driven by private consumption and the improvement in manufacturing activity, while the fiscal expansion’s impact is expected to dissipate in 2020."
managers index,2,46,41,"The Composite State of the Economy Index  , the Purchasing Managers Index and the Consumer Confidence Index  , and the Business Tendency Survey of the Central Bureau of Statistics all support this assessment, as do labor market data."
purchasing managers index,3,46,41,"The Composite State of the Economy Index  , the Purchasing Managers Index and the Consumer Confidence Index  , and the Business Tendency Survey of the Central Bureau of Statistics all support this assessment, as do labor market data."
left,1,46,35,"In the US, the pace of inflation moderated, and the Fed left the federal funds rate unchanged  , and interest rate forecasts were revised downward."
sharp decline,2,46,25,"Since the previous interest rate decision, government bond yields have been relatively stable, despite the sharp decline in parallel yields in the US."
prime working,2,46,24,"Alongside this, the employment rate in the prime working ages (25–64) is above the 2019 average."
prime working ages,3,46,24,"Alongside this, the employment rate in the prime working ages (25–64) is above the 2019 average."
potential,1,46,23,An analysis of the data and of updated indicators of economic activity leads to the assessment that the economy is converging to its potential growth rate.
annual inflation rate,3,46,23,"After a continued rise in actual inflation since the beginning of 2018, the annual inflation rate has ranged between 1.2–1.4 percent in the past five months, and the “adjusted indices” are in a similar environment  ."
reflects,1,46,22,"The same analysis indicates that the negative impact on the labor input is about 45 percent, and in addition to employees who were laid off or were placed on unpaid leave, it reflects the scope of part time work among workers who remain employed or who were placed on paid leave."
goods exports,2,45,41,"Growth was driven by private consumption, while investment in residential construction has continued to contract for several quarters and goods exports remain sluggish."
onward,1,45,33,Forward expectations from the second year onward are within the target range.
reported,1,45,29,"However, some industries are showing an apparent slight easing in the labor shortage constraint as reported by employers, and the job vacancy rate remains elevated but is declining moderately."
development,1,45,28,"However, during 2019, the shekel strengthened by 8.3 percent in terms of the nominal effective exchange rate, a development that continues to make it difficult to return inflation to the target range."
main,1,45,26,The main risk to this is the possibility of a sharp appreciation of the shekel.
weakened by percent,3,45,23,"Since the previous interest rate decision, the shekel weakened by 3.6 percent in terms of the nominal effective exchange rate and by 3.2 percent vis-à-vis the dollar."
price index,2,45,22,"The annual pace of increase in the housing component of the Consumer Price Index continued to rise, to 6.2 percent in October."
supply constraints,2,45,19,Supply constraints in the construction industry and the need for housing solutions for those evacuated from their homes due to the war may make continued moderation of housing and rental prices more difficult in the future.
oil prices,2,44,38,"Inflation in tradable goods prices moderated, primarily as a result of a slowdown in the annual rate of increase in energy prices, despite the increase in oil prices until recently and the depreciation of the shekel."
growth forecasts,2,44,33,"Investment houses revised their growth forecasts downward for most regions  , and the moderation in world trade continues among the advanced economies  ."
slight,1,44,32,"The number of transactions and mortgage volume appear to be stabilizing, with a slight increase in mortgage interest rates."
indicators of economic,3,44,30,An analysis of the data and of updated indicators of economic activity leads to the assessment that the economy is converging to its potential growth rate.
expectations derived,2,44,30,Expectations derived from CPI financial contracts appear to have declined moderately in recent months.
difficulties,1,44,25,"The Business Tendency Survey indicates some moderation in companies’ difficulties in obtaining credit, but the constraint remains higher than it was prior to the crisis."
trend line,2,44,25,"Moreover, credit card expenditure data indicate that the total value of purchases during the exit from the third lockdown was higher than its long-term (2016–19) trend line."
gdp is expected,3,44,24,"According to the Research Department’s assessment, GDP is expected to grow by 3.4 percent in 2019, slightly lower than the previous forecast, and by 3.5 percent in 2020."
consumer price,2,44,22,"The annual pace of increase in the housing component of the Consumer Price Index continued to rise, to 6.2 percent in October."
consumer price index,3,44,22,"The annual pace of increase in the housing component of the Consumer Price Index continued to rise, to 6.2 percent in October."
outbreak,1,44,20,"The outbreak of the coronavirus in China is casting uncertainty regarding future economic activity globally and in Israel, and regarding the impact on inflation and on the financial markets."
aggregate,1,43,40,"According to the Central Bureau of Statistics Business Tendency Survey, the aggregate net balance of the business sector continues to increase from its low point of the second lockdown  ."
corporate bond,2,43,34,"In financial markets, there were sharp declines and volatility in most equity indices  , government bond yields declined, and corporate bond spreads widened."
macroeconomic,1,43,31,"The global macroeconomic picture continues to convey a slowing of momentum, high volatility, and lack of certainty."
additional,1,43,28,"Global monetary policy remains accommodative, but the direction is gradually changing—while negative interest rates and below-target inflation continue in Europe and Japan, federal funds rate increases in the US are expected to continue and the central banks of several additional countries raised interest rates."
measured,1,43,26,Inflation measured by the adjusted index is slightly lower.
activity in israel,3,43,19,"Economic activity continues to grow at close to its potential rate, and thus far it seems that activity in Israel is not being adversely affected by the negative global sentiment."
indicates,1,42,29,"However, an analysis of the data and of updated indicators of activity—and considering the impact of volatility in vehicle imports on GDP—indicates that the economy is apparently converging to its potential growth rate."
home prices increased,3,42,26,"In recent months, home prices increased moderately:"
approximately,1,42,22,"In the past two months, Tel Aviv Stock Exchange equity indices declined by approximately 10 percent  , which is in line with the marked declines on major global equity indices  ."
iran,1,42,9,"The State of Israel is in the midst of a prolonged war, which has recently intensified along the northern front, alongside increasing tension with regard to Iran."
supporting,1,41,36,"The steep decline in oil prices in recent weeks may offset the factors supporting inflation, but its impact on the “adjusted indices” will be limited."
taken,1,41,29,"However, uncertainty regarding the measures to be taken by the government to reduce the deficit following the elections is leading to increased uncertainty about developments in the domestic economy."
situation,1,41,29,"Economic activity continues to grow at near its potential rate, and so far it seems that it is not being adversely affected by the negative global sentiment or by the political situation in Israel."
rate is expected,3,41,27,"The US economy continued to grow at a rapid pace, but the rate is expected to moderate slightly in the fourth quarter."
rate path,2,41,27,"The interest rate path will be determined in accordance with activity data and the development of inflation, in order to continue supporting the attainment of the policy goals."
interest rate path,3,41,27,"The interest rate path will be determined in accordance with activity data and the development of inflation, in order to continue supporting the attainment of the policy goals."
shekel strengthened,2,41,25,"Since the last interest rate decision, the shekel strengthened by 2 percent in nominal effective exchange rate terms."
coming year,2,41,22,"Inflation expectations for the coming year, from all sources, remained below the lower bound of the target range, while forward expectations of inflation at the end of the second year are slightly below the lower bound of the target range, and longer-term expectations are anchored within the target range."
extent,1,41,21,"Continued wage increases and the economy being around full employment will support a continued rise in inflation toward the midpoint of the target range, as will the depreciation, to the extent it persists."
accommodative,1,41,20,"The gradual normalization process of monetary policy worldwide continues, but policy remains accommodative in most economies."
fruit,1,40,35,"In the past six months, the annual inflation rate has ranged between 1.2 and 1.4 percent, but the index adjusted for the effect of energy, fruit and vegetable prices, as well as the price changes initiated by the government, is slightly lower  ."
tax,1,40,27,"After the growth rate slowed in the second and third quarters of 2018, the findings from the fourth quarter Companies Survey   and data on tax revenues support the assessment that the economy is growing at a pace hovering around the long term path."
change,1,40,26,"Assessments are that it is not a change in trend, although leading indicators point to a loss of momentum."
pace of increase,3,40,26,"The Composite State of the Economy Index for May increased by 0.1 percent, lower than the pace of increase in the past year."
basis points,2,40,26,"Yields on 10-year government bonds in Israel increased by about 25 basis points, similar to the global trend  ."
vacancies,1,40,25,"The ratio of job vacancies to total employee posts rose to a record level  , and wages continue to increase  , led by a relatively sharp rise in the business sector, encompassing a wide range of industries and all salary levels."
job vacancies,2,40,25,"The ratio of job vacancies to total employee posts rose to a record level  , and wages continue to increase  , led by a relatively sharp rise in the business sector, encompassing a wide range of industries and all salary levels."
expected to grow,3,40,23,"According to the Research Department’s assessment, GDP is expected to grow by 3.4 percent in 2019, slightly lower than the previous forecast, and by 3.5 percent in 2020."
policy decision,2,40,21,"Since the previous monetary policy decision, the shekel has weakened by 3.3 percent against the US dollar, by 3.4 percent in terms of the nominal effective exchange rate, and by 3.5 percent against the euro."
geopolitical uncertainty,2,40,15,"Alongside this, the extent of geopolitical uncertainty has increased, reflecting a relatively high risk premium for the economy."
goods imports,2,39,37,"Goods imports contracted as well, but the import of raw materials remained stable in view of the adverse impact on manufacturing being relatively moderate  ."
nontradable components,2,39,37,"The prices of tradable goods increased sharply, in view of the increase in energy prices, while the rate of change in the prices of nontradable components of the CPI remained moderate  ."
tradable components,2,39,37,"The year over year rate of increases in the prices of nontradable components continues its upward trend, while the year over year rate of increase of prices of tradable components declined in October  ."
determined,1,39,35,"The pace of raising the interest rate will be determined in accordance with activity data and the development of inflation, in order to continue supporting the attainment of the policy goals."
determined in accordance,3,39,35,"The pace of raising the interest rate will be determined in accordance with activity data and the development of inflation, in order to continue supporting the attainment of the policy goals."
fruit and vegetables,3,39,34,"The 12-month CPI excluding prices of energy, fruit and vegetables, and administrative price changes remains slightly lower  ."
bond spreads,2,39,33,"In financial markets, there were marked declines in most equity indices  , and bond spreads widened."
next,1,39,33,"In Japan, growth was negative in the third quarter, apparently due to one-off factors, and improvement is expected in the next quarter."
debt,1,39,28,"The interim budget is expected to have a markedly contractionary effect in the first half of 2020, even in view of the path of government debt repayment, and uncertainty remains regarding budgetary policy thereafter and its implications for economic activity and inflation."
close,1,39,26,"Economic activity continues to grow at close to its potential rate, and thus far it seems that activity in Israel is not being adversely affected by the negative global sentiment."
shows,1,39,25,"The second estimate of National Accounts data by the Central Bureau of Statistics also shows that economic growth in the fourth quarter of 2018 was in line with the long-term rate, and it is clear that the slowdown in mid-2018 was transitory  ."
gdp grew,2,39,24,"GDP grew by 3.1 percent (in annual terms), with the growth driven by private consumption."
stabilized,1,39,23,Home prices stabilized in recent months.
appreciation,1,39,15,The main risk to this is the possibility of a sharp appreciation of the shekel.
various sources,2,38,30,One-year expectations and forecasts from the various sources hover around the level of one percent.
aged,1,38,29,"The number of employed persons aged 15+ in July was about 185,000 lower than the number of employees required to attain the 2019 average employment rate."
data indicate,2,38,28,"In the second and third quarters, there was some slowdown in the economy’s growth rate, but current indicators of activity support the assessment that the economy is at full employment, and in particular, the tight labor market data indicate a high level of demand."
rate unchanged,2,38,27,"In the US, the pace of inflation moderated, and the Fed left the federal funds rate unchanged  , and interest rate forecasts were revised downward."
one-year inflation,2,38,27,"One-year inflation expectations and forecasts are slightly above the lower bound of the target range, and forward expectations for medium and longer terms remained near the midpoint of the target."
one-year inflation expectations,3,38,27,"One-year inflation expectations and forecasts are slightly above the lower bound of the target range, and forward expectations for medium and longer terms remained near the midpoint of the target."
therefore,1,38,27,The Committee will therefore continue to utilize a range of tools in order to increase the extent of the monetary policy accommodation and to ensure the continued orderly functioning of the financial markets.
leading,1,38,26,"Assessments are that it is not a change in trend, although leading indicators point to a loss of momentum."
recent data,2,38,24,"The most recent data indicate that the number of transactions is apparently steadying, after some increase in the beginning of the year."
around the world,3,38,24,"Around the world, more than 1 million people have already contracted the coronavirus and tens of thousands have died, and it remains difficult to estimate the magnitude of the negative economic impact."
full employment,2,38,19,"In the second and third quarters, there was some slowdown in the economy’s growth rate, but current indicators of activity support the assessment that the economy is at full employment, and in particular, the tight labor market data indicate a high level of demand."
aggregate balance,2,37,37,"The aggregate balance of the Central Bureau of Statistics Business Tendency Survey continued to increase in November  , and is similar to its precrisis level in 2019."
global purchasing,2,37,36,"Evidence of some improvement in the state of the world economy can be found in the global Purchasing Managers Index, which returned in July to the range reflecting growth at a rate similar to the long-term pace  ."
global purchasing managers,3,37,36,"Evidence of some improvement in the state of the world economy can be found in the global Purchasing Managers Index, which returned in July to the range reflecting growth at a rate similar to the long-term pace  ."
global growth,2,37,32,"In July, even before the intensification of the ""trade war"", the IMF revised its 2019 global growth and world trade forecasts downward  ."
corporate bond spreads,3,37,31,"In financial markets, there were sharp declines and volatility in most equity indices  , government bond yields declined, and corporate bond spreads widened."
changes,1,37,26,"In the past six months, the annual inflation rate has ranged between 1.2 and 1.4 percent, but the index adjusted for the effect of energy, fruit and vegetable prices, as well as the price changes initiated by the government, is slightly lower  ."
forecasters,1,37,25,"Inflation expectations derived from the capital market declined since the second week in June, and continued to decline after the publication of the May CPI reading, while projections by professional forecasters increased slightly following the CPI publication."
continued to decline,3,37,21,"Oil prices continued to decline until recently, despite the decision by oil producers to cut back on output  . interest rate decision will be published on January 21, 2019."
contracted,1,37,19,"Private current consumption increased at a relatively moderate rate in the first quarter, and, other than vehicles, most components of investment contracted."
employees,1,37,18,"The same analysis indicates that the negative impact on the labor input is about 45 percent, and in addition to employees who were laid off or were placed on unpaid leave, it reflects the scope of part time work among workers who remain employed or who were placed on paid leave."
pandemic,1,37,15,"The risks to activity are still notable, and particularly the risk for the outbreak of a second wave of the pandemic."
remained high,2,36,29,"There was accelerated growth in the UK, but the uncertainty regarding Brexit remained high."
core inflation,2,36,28,"In the US, there was some continued moderation in core inflation."
public,1,36,28,"Private consumption excluding durable goods and public consumption drove growth in the second quarter, and the trend of expansion that has characterized exports in the past two years continued, led by services exports."
result,1,36,25,"Inflation in tradable goods prices moderated, primarily as a result of a slowdown in the annual rate of increase in energy prices, despite the increase in oil prices until recently and the depreciation of the shekel."
marked,1,36,24,"In financial markets, there were marked declines in most equity indices."
downward trend,2,36,23,"Over the past four quarters, the downward trend in building starts appears to have halted."
gradual,1,36,22,"The gradual normalization process of monetary policy worldwide continues, but policy remains accommodative in most economies."
many,1,36,22,"Although the adverse impact in the supply chain of many goods may lead to price increases from the supply side, the effect of the decrease in demand is apparently more notable, and is expected to lead to a decline in inflation in the coming months."
shekel weakened,2,36,20,"Since the previous interest rate decision, the shekel weakened by 3.6 percent in terms of the nominal effective exchange rate and by 3.2 percent vis-à-vis the dollar."
rate of increase,3,36,20,"Inflation in tradable goods prices moderated, primarily as a result of a slowdown in the annual rate of increase in energy prices, despite the increase in oil prices until recently and the depreciation of the shekel."
approximately percent,2,36,19,"In the past two months, Tel Aviv Stock Exchange equity indices declined by approximately 10 percent  , which is in line with the marked declines on major global equity indices  ."
markedly,1,36,18,"The high growth rate in the first quarter was impacted markedly by stronger new vehicle sales, along with solid growth in exports."
first half,2,36,18,"However, the interim budget is expected to have a markedly contractionary effect in the first half of 2020, and there is continuing uncertainty regarding budgetary policy thereafter."
adverse,1,36,13,"In view of the magnitude of the crisis’s adverse impact on economic activity, the Committee is utilizing a range of tools in order to increase the extent of the monetary policy accommodation and to ensure the orderly functioning of the financial markets."
several,1,35,28,"Private consumption grew moderately, and investment continued to contract, despite the firming of residential construction investment after it had declined over several quarters."
participation,1,35,27,"The unemployment rate remains very low, though the participation and employment rates appear to be moderating from the elevated levels they had reached."
prolonged,1,35,26,"The number of transactions continued to increase, particularly among first-time home buyers, notwithstanding the prolonged decline in the scope of residential construction."
raw,1,35,26,"The decline in global demand for various goods is expected to slow the rate of inflation, but on the supply side, the shortage of goods and raw materials imported from China may serve to increase inflation somewhat."
last year,2,35,22,"The volume of bank credit issued during the crisis was higher than it was during the same period last year, particularly regarding credit to medium and large businesses and housing credit."
gap,1,35,20,The gap between government bond yields in the US and the yields on parallel bonds in Israel narrowed slightly  .
israel risk,2,35,20,"Israel’s risk premium as measured by the CDS increased again during the reviewed period, and the spread between dollar-denominated government bonds and US Treasury bills remained unchanged at a relatively high level."
israel risk premium,3,35,20,"Israel’s risk premium as measured by the CDS increased again during the reviewed period, and the spread between dollar-denominated government bonds and US Treasury bills remained unchanged at a relatively high level."
global trend,2,34,30,"Yield spreads between corporate bonds and comparable duration government bonds in Israel increased slightly, similar to the global trend  ."
global economic,2,34,26,"Global economic activity continues to slow, and the deterioration in world trade continues."
materials,1,34,26,"The decline in global demand for various goods is expected to slow the rate of inflation, but on the supply side, the shortage of goods and raw materials imported from China may serve to increase inflation somewhat."
raw materials,2,34,26,"The decline in global demand for various goods is expected to slow the rate of inflation, but on the supply side, the shortage of goods and raw materials imported from China may serve to increase inflation somewhat."
totaled,1,34,25,"In February, new mortgage borrowing totaled NIS 5.7 billion, about half the level of February 2022  ."
new mortgage,2,34,23,"New mortgage volume is stabilizing after increasing since 2017, and mortgage interest rates have increased slightly in recent months, against the background of the increase in government bond yields  ."
around the midpoint,3,34,23,"The Committee assesses that the rising path of the interest rate in the future will be gradual and cautious, in a manner that supports a process at the end of which inflation will stabilize around the midpoint of the target range, and that supports economic activity."
partly,1,34,23,"While inflation expectations derived from the capital market are apparently impacted by trading conditions in the bond market, there was a decline in expectations from the other sources as well, partly as a result of the rapid decrease in global prices of oil and other commodities."
increased to percent,3,34,20,"The adjusted employment rate increased to 60.2 percent—the highest level since the start of the COVID-19 pandemic—reflecting a gap of about 60,000 employed persons (0.9 percentage points) compared with the average employment rate in 2019."
energy and fruit,3,33,31,"Inflation in the past 12 months was 0.5 percent (compared with 1.5 percent at the time of the previous interest rate decision)  , while inflation excluding energy and fruit and vegetables was 0.9 percent (1.1 percent at the time of the previous interest rate decision)  ."
diamonds,1,33,28,"Services (excluding start-up companies) exports returned to growth, while weakness continued in goods (excluding diamonds) exports  ."
raised,1,33,27,"Global monetary policy remains accommodative, but the direction is gradually changing—while negative interest rates and below-target inflation continue in Europe and Japan, federal funds rate increases in the US are expected to continue and the central banks of several additional countries raised interest rates."
high-tech,1,33,24,"Total capital raised by private companies in the high-tech sector since the beginning of the year has already surpassed $15 billion, compared with about $10 billion in all of 2020  ."
housing services,2,33,21,The pace of inflation of the nontradable components increased—partly in view of the increase in the housing services component—to 4.4 percent.
housing market,2,33,19,"The volume of transactions in the housing market is lower than in the precrisis period, and there was a marked slowdown in building starts."
easing,1,33,18,"Likewise, global quantitative easing wound down, and in the coming months quantitative contraction is expected to begin, in view of the Fed contracting its balance sheet and the cessation of purchases by the ECB  ."
contracts,1,33,17,Expectations derived from CPI financial contracts appear to have declined moderately in recent months.
houses,1,32,29,"Investment houses revised their growth forecasts downward for most regions  , and the moderation in world trade continues among the advanced economies  ."
department revised,2,32,26,"The Bank of Israel Research Department revised its macroeconomic forecast, which outlines two possible scenarios  ."
research department revised,3,32,26,"The Bank of Israel Research Department revised its macroeconomic forecast, which outlines two possible scenarios  ."
wage increases,2,32,24,The wage increases in the economy and the expansionary fiscal policy will support the entrenchment of inflation within the target range.
percent lower,2,32,23,"The CPI for April increased by 0.3 percent, lower than pre-publication assessments, but the indices for the three preceding months surprised to the upside."
characterized,1,32,22,"Private consumption excluding durable goods and public consumption drove growth in the second quarter, and the trend of expansion that has characterized exports in the past two years continued, led by services exports."
functioning,1,32,22,This step will strengthen the plan’s support of liquidity and the orderly functioning of the financial markets.
cds,1,32,22,"The risk premium as measured by the CDS, and the spread between dollar-denominated government bonds and US Treasury bills, moderated slightly but remain high."
quarter growth,2,32,21,"In the UK, fourth quarter 2018 growth declined because investments decreased sharply in view of Brexit."
shortage,1,32,20,"However, some industries are showing an apparent slight easing in the labor shortage constraint as reported by employers, and the job vacancy rate remains elevated but is declining moderately."
recover,1,32,20,"Goods exports continued to recover in May following the sharp decline in March, but remain lower than they were prior to the crisis."
rise,1,32,19,"After a continued rise in inflation since the beginning of 2018, the inflation rate is stabilizing slightly above the lower bound of the target range, and is expected to remain within the target in the coming months as well."
inflation in israel,3,32,14,Inflation in Israel excluding energy and food is drawing closer to the OECD median  .
israel research,2,31,28,"After adjusting for this effect, the Bank of Israel Research Department's assessment is that economic growth was slightly below 3 percent."
estimate,1,31,27,"Regarding economic activity, the first estimate by the Central Bureau of Statistics for full year growth in 2018 is 3.2 percent, similar to the long-term growth rate."
cpi increased,2,31,26,"The CPI increased by 0.3 percent in October, and inflation in the past 12 months is -0.8 percent (-0.4 percent net of energy and fruit and vegetables)."
starts,1,31,25,"Home prices have stabilized in recent months  , with a continued decline in building starts and an increase in the number of those planning to purchase a home."
fiscal policy,2,31,24,The rise in wages in the economy and the expansionary fiscal policy will support the continued entrenchment of inflation within the target.
emerging,1,31,24,Emerging economies are relatively stable.
revenues,1,31,24,"After the growth rate slowed in the second and third quarters of 2018, the findings from the fourth quarter Companies Survey   and data on tax revenues support the assessment that the economy is growing at a pace hovering around the long term path."
government budget,2,31,23,"The government budget deficit is expected to increase to 11 percent of GDP in 2020, taking into account the budget plan announced by the government to deal with the crisis and the expected decline in revenues due to a slowdown in activity."
large,1,31,22,Growth in those years will be positively impacted by notable activity of several large companies.
cumulative,1,31,22,"Most of the negative contribution to the CPI in recent months came from the components that are traditionally volatile, but also from the cumulative appreciation of the shekel since the beginning of the year."
foreign,1,31,21,"There is an apparent decline in the share of companies in the Business Tendency Survey reporting a severe constraint in export orders, but foreign trade data indicate a slowdown in goods exports in April."
market continues,2,31,21,The credit market continues to function with stable interest rates.
number of job,3,31,21,"Alongside this, some of the data indicate difficulties in the labor market’s recovery process: the number of job vacancies continues to rise, alongside an increase in employers’ difficulty in recruiting new workers in some industries."
slowing,1,31,20,"The global macroeconomic picture continues to convey a slowing of momentum, high volatility, and lack of certainty."
slowed,1,31,20,"After the growth rate slowed in the second and third quarters of 2018, the findings from the fourth quarter Companies Survey   and data on tax revenues support the assessment that the economy is growing at a pace hovering around the long term path."
services component,2,31,19,The pace of inflation of the nontradable components increased—partly in view of the increase in the housing services component—to 4.4 percent.
anchored,1,31,17,"Short- and medium-term inflation expectations declined, with one-year expectations ranging around the lower bound of the target range, but long-term expectations remained anchored near the midpoint of the target range."
prewar level,2,31,13,"Following a sharp depreciation of the shekel in the initial weeks of the war, there has been a sharp appreciation, and the shekel strengthened below its prewar level."
lion,1,31,4,"Following Operation Rising Lion (the military operation against Iran), Israel’s risk premium declined significantly, but it remains higher than it was before the October 7, 2023 massacre."
committee assessment,2,30,30,"In the Committee’s assessment, alongside the process of raising the interest rate, the easing of the supply chain difficulties, declines in the prices of oil and some other commodities and in the excise tax, and the strengthening of the shekel will work to moderate inflation."
investment houses,2,30,28,"Investment houses revised their growth forecasts downward for most regions  , and the moderation in world trade continues among the advanced economies  ."
israel research department,3,30,27,"According to the first estimate of National Accounts data for the fourth quarter, GDP grew by 4.8 percent  , while according to an assessment by the Bank of Israel’s Research Department, the growth rate net of volatility in vehicle imports was about 3.5 percent."
mortgage volume,2,30,26,"The number of transactions and mortgage volume appear to be stabilizing, with a slight increase in mortgage interest rates."
building starts,2,30,24,"Home prices have stabilized in recent months  , with a continued decline in building starts and an increase in the number of those planning to purchase a home."
global inflation,2,30,24,The global inflation environment remained low and far from the central banks’ target rates.
gdp ratio,2,30,23,The debt to GDP ratio is expected to reach about 75 percent in 2020.
debt to gdp,3,30,23,The debt to GDP ratio is expected to reach about 75 percent in 2020.
reflect,1,30,21,"The moderation of inflation does not reflect weakness in demand, and is largely influenced by the appreciation of the shekel."
inflation is expected,3,30,19,"In the coming months as well, inflation is expected to remain slightly above the lower bound of the target, and 1-year expectations and forecasts from the various sources range around a level of one percent."
staff,1,30,19,"According to the Research Department's staff forecast, inflation in the next four quarters is expected to be 1.3 percent."
staff forecast,2,30,19,"According to the Research Department's staff forecast, inflation in the next four quarters is expected to be 1.3 percent."
remains higher,2,30,19,"The Business Tendency Survey indicates some moderation in companies’ difficulties in obtaining credit, but the constraint remains higher than it was prior to the crisis."
housing services component,3,30,19,The pace of inflation of the nontradable components increased—partly in view of the increase in the housing services component—to 4.4 percent.
convergence,1,30,19,"However, the extent of fiscal expansion and the development of wages will have an impact on the pace of inflation’s convergence to the target range."
worsening,1,30,18,"The US economy remains robust, though the risks due to the worsening “trade war” and the heightened political risk in Europe continue to weigh on momentum."
previous monetary,2,30,18,"From the previous Monetary Committee decision until January 14, the shekel strengthened by 3.2 percent in terms of the nominal effective exchange rate."
monetary policy decision,3,30,18,"Since the previous monetary policy decision, the shekel has weakened by 3.3 percent against the US dollar, by 3.4 percent in terms of the nominal effective exchange rate, and by 3.5 percent against the euro."
geopolitical developments,2,30,18,"The Committee assesses that there are several risks for a possible acceleration in inflation: geopolitical developments and their impact on economic activity, shekel depreciation, prolonged supply limitations on activity, and fiscal developments."
virtually,1,30,17,"According to the Research Department’s assessment, the growth rate in the fourth quarter, net of the volatility in vehicle imports, was about 3.5 percent, and the growth encompassed virtually all sectors."
around the upper,3,30,15,"Inflation in Israel is around the upper bound of the target range, and was 3.1 percent in the past 12 months."
impact on economic,3,29,26,"In view of the magnitude of the crisis’s adverse impact on economic activity, the Committee is utilizing a range of tools in order to increase the extent of the monetary policy accommodation and to ensure the orderly functioning of the financial markets."
possible,1,29,24,"Emerging markets are relatively stable, but a possible worsening of the “trade war” and the effects of the monetary contraction in advanced economies continue to weigh on continued growth."
global economic activity,3,29,23,"Global economic activity continues to slow, and the deterioration in world trade continues."
rate by basis,3,29,23,"In the UK, inflation increased sharply, to 5.1 percent, and the Bank of England increased its interest rate by 15 basis points to 0.25 percent."
prices continued,2,29,22,"Inflation in tradable goods prices continued to moderate, primarily as a result of the decline in energy prices."
premium as measured,3,29,22,"The risk premium as measured by the CDS, and the spread between dollar-denominated government bonds and US Treasury bills, moderated slightly but remain high."
price increases,2,29,19,"Equity indices in Israel increased since the previous interest rate decision, in line with the price increases in most global markets."
expectations and forecasts,3,29,18,One-year expectations and forecasts from the various sources hover around the level of one percent.
intensity,1,29,17,"The intensity of the reaction was not uniform over all industries, and was, in general, more moderate than the decline in activity during the first lockdown."
previous monetary policy,3,29,17,"Since the previous monetary policy decision, the shekel has weakened by 3.3 percent against the US dollar, by 3.4 percent in terms of the nominal effective exchange rate, and by 3.5 percent against the euro."
employment environment,2,29,16,"In recent months, the unemployment rate increased slightly, and the job vacancy rate declined, but the labor market remains tight and supports the assessment that the economy is in a full employment environment."
percent seasonally,2,29,15,"In the fourth quarter, GDP jumped by 16.6 percent (seasonally adjusted in annual terms;  )."
percent seasonally adjusted,3,29,15,"In the fourth quarter, GDP jumped by 16.6 percent (seasonally adjusted in annual terms;  )."
regard,1,29,10,"With regard to outstanding bank credit, there was an increase in credit to large businesses in April, alongside a moderation of the increase in credit to medium-sized businesses and a decline in credit to small and micro businesses."
fruits,1,28,28,Inflation excluding energy and fruits and vegetables is 0.9 percent.
fruits and vegetables,3,28,28,Inflation excluding energy and fruits and vegetables is 0.9 percent.
borrowing,1,28,26,"The volume of new mortgages taken out in May was about NIS 12 billion, representing a further increase in the pace of new mortgage borrowing  ."
mortgage borrowing,2,28,26,"The volume of new mortgages taken out in May was about NIS 12 billion, representing a further increase in the pace of new mortgage borrowing  ."
year onward,2,28,25,Forward expectations from the second year onward are within the target range.
including,1,28,24,"The Committee will expand the use of the existing tools, including the interest rate tool, and will be able to operate additional ones, to the extent that the crisis lengthens and it is necessary to achieve the monetary policy goals and to moderate the negative economic impact created as a result of the crisis."
remained relatively,2,28,23,"Since the increase of the interest rate, the nominal effective exchange rate has remained relatively stable, following a depreciation of the shekel in the weeks prior to the increase  ."
ratio is expected,3,28,23,The debt to GDP ratio is expected to reach about 75 percent in 2020.
one,1,28,22,One-year expectations and forecasts from the various sources hover around the level of one percent.
housing component,2,28,21,"Inflation of nontradable goods prices remained moderate, in view of the slowdown in the increase of the housing component, and inflation in the prices of tradable goods remained negative, in view of the decline in energy prices and the appreciation of the shekel."
bank targets,2,28,21,"The prices of agricultural commodities, metals, and oil increased, in view of the supply limitations and increased demand, and contributed to the continued increase in inflation, but inflation expectations remained near the central bank targets."
central bank targets,3,28,21,"The prices of agricultural commodities, metals, and oil increased, in view of the supply limitations and increased demand, and contributed to the continued increase in inflation, but inflation expectations remained near the central bank targets."
department assessment,2,28,20,"According to the Research Department’s assessment, GDP is expected to grow by 3.4 percent in 2019, slightly lower than the previous forecast, and by 3.5 percent in 2020."
far,1,28,18,"Economic activity continues to grow at close to its potential rate, and thus far it seems that activity in Israel is not being adversely affected by the negative global sentiment."
depreciation,1,28,17,"Inflation in tradable goods prices moderated, primarily as a result of a slowdown in the annual rate of increase in energy prices, despite the increase in oil prices until recently and the depreciation of the shekel."
remains low,2,28,17,"Labor market data show that it remains tight—the unemployment rate remains low, although there was an increase in unemployment benefit claims in recent months; the share of job vacancies out of total employee posts is at a peak  ; and wages continue to increase  ."
virtually unchanged,2,28,16,"Long-term expectations were virtually unchanged, and remained anchored within the target range  ."
full employment environment,3,28,15,"In recent months, the unemployment rate increased slightly, and the job vacancy rate declined, but the labor market remains tight and supports the assessment that the economy is in a full employment environment."
significantly higher,2,28,13,"Home prices increased by 10.3 percent in the past 12 months, a significantly higher rate than in recent years."
adverse impact,2,28,12,"In view of the magnitude of the crisis’s adverse impact on economic activity, the Committee is utilizing a range of tools in order to increase the extent of the monetary policy accommodation and to ensure the orderly functioning of the financial markets."
second lockdown,2,28,5,"However, the imposition of the second lockdown in September, following an increase in morbidity, led to a sharp decline in activity and in demand."
taxation,1,27,26,Fourth-quarter growth was markedly affected by vehicle imports being brought forward in view of expected changes in taxation.
exports excluding,2,27,24,"There was an increase in investment in most of the principal industries, except for investment in residential construction that continued to decline, and exports (excluding diamonds and startups) grew due to exports of services, while exports of goods remained sluggish  ."
employee,1,27,22,"The ratio of job vacancies to total employee posts rose to a record level  , and wages continue to increase  , led by a relatively sharp rise in the business sector, encompassing a wide range of industries and all salary levels."
dollar-denominated,1,27,22,"The risk premium as measured by the CDS, and the spread between dollar-denominated government bonds and US Treasury bills, moderated slightly but remain high."
mortgages,1,27,21,"Bank credit has increased during the course of the crisis, primarily in light of the growth in business credit and in mortgages, but credit to small businesses and consumer credit declined."
production,1,27,19,"In Europe, the economic picture continues to indicate weakness, and industrial production continues to contract."
equipment,1,27,19,"Private consumption excluding durable goods, investments in machinery and equipment, and exports all increased strongly  ."
sentiment,1,27,18,"In Europe, economic activity continues to lose momentum and sentiment indices continue to weaken."
rental,1,27,17,"In recent months, home prices again increased moderately, so that overall they increased by approximately 1.0 percent in the past year, while rental prices remained stable in the past two months."
tools,1,27,17,"The ECB left its interest rate unchanged, but clarified that ""all policy tools are on the table"", and noted that there is no expectation of an interest rate increase until at least the midpoint of 2020."
tourism,1,27,17,"In industries in which the main limitations have not yet been removed (such as tourism, restaurants, education and leisure), the level of purchases remains near the lowest point  ."
credit market,2,27,17,"An improvement is apparent in the credit market’s functioning, with stability in interest rates, supported by the Bank of Israel's measures and the government-guaranteed credit funds."
increase in inflation,3,27,17,"The prices of agricultural commodities, metals, and oil increased, and contributed to the continued increase in inflation."
continues to moderate,3,27,17,"Global economic activity continues to moderate, in view of high inflation, monetary tightening, the continuing war in Ukraine and the energy crisis in Europe, the slowdown in China, and the supply chain difficulties."
analysis,1,27,16,An analysis of the data and of updated indicators of economic activity leads to the assessment that the economy is converging to its potential growth rate.
serious,1,27,16,"Exports are increasing solidly, but the Business Tendency Survey indicates some increase in the rate of companies reporting serious constraints in export profitability, following a decline in this rate during 2018."
difficult,1,27,14,The appreciation is making it more difficult to return inflation to the target range.
worldwide,1,27,12,"The gradual normalization process of monetary policy worldwide continues, but policy remains accommodative in most economies."
next decision,2,26,26,"The next decision regarding the interest rate will be published at 16:00 on Monday, January 7, 2019, following which the Governor will hold a press briefing."
funds,1,26,24,"Global monetary policy remains accommodative, but the direction is gradually changing—while negative interest rates and below-target inflation continue in Europe and Japan, federal funds rate increases in the US are expected to continue and the central banks of several additional countries raised interest rates."
acceleration,1,26,24,Indicators of fourth quarter activity point to some acceleration in the growth rate.
rents,1,26,23,"The increase in the past year is approximately 1.4 percent, while rents continue to rise."
macroeconomic forecast,2,26,23,"Based on the Department’s macroeconomic forecast, assuming that the main part of the coronavirus restrictions are removed gradually by the end of June, negative growth of approximately 5 percent is expected in 2020, with an unemployment rate of 6 percent (annual average)."
ships,1,26,23,"Manufacturing exports (excluding ships, aircraft, and diamonds, in dollars) increased slightly in October, returning to the level from before the first lockdown, driven by high-technology exports  ."
aircraft,1,26,23,"Manufacturing exports (excluding ships, aircraft, and diamonds, in dollars) increased slightly in October, returning to the level from before the first lockdown, driven by high-technology exports  ."
prices declined,2,26,22,"Home prices declined by 1.4 percent in 2018, even though the most recent monthly figure showed an increase of 0.2 percent  ."
revised its macroeconomic,3,26,22,"The Bank of Israel Research Department revised its macroeconomic forecast, which outlines two possible scenarios  ."
growth forecast,2,26,21,"The IMF revised its growth forecast downward for most countries and regions, and the moderation in world trade continues."
rate declined,2,26,21,"After the annual inflation rate declined below the target range in December, it returned above the lower bound in January, and in the coming months it is expected to hover near it."
remained low,2,26,21,"In Europe, there was a slowdown in growth, and industrial production continues to contract, particularly in Germany and Italy, and inflation remained low."
global inflation environment,3,26,21,The global inflation environment remained low and far from the central banks’ target rates.
based,1,26,20,"Based on National Accounts data, there was some slowdown in the economy’s growth rate   in the second and third quarters."
necessary,1,26,20,"Moreover, if necessary, the Committee will take additional steps toward making monetary policy even more accommodative in order to support a process at the end of which inflation will stabilize around the midpoint of the target range, and to support economic activity."
percentage points,2,26,19,"Even after an increase of the interest rate by 0.15 percentage points, monetary policy remains accommodative and will continue to support the attainment of policy targets."
part,1,26,19,"Retail sales declined sharply, stemming in part from the deferral of US federal government workers’ salaries."
unemployed,1,26,18,"A breakdown of the unemployed by how long they have been waiting to return to employment, and the decline in the number of people who are involuntarily employed part-time also indicate a tight labor market."
announced,1,26,17,"In addition, the Fed announced its intention to end its balance-sheet contraction earlier than had been expected."
expenditures,1,26,16,"First quarter GDP data were significantly impacted by vehicle imports that had been brought forward to the end of 2020 because of changes in tax rates, and by the shift of the timing of government expenditures on public consumption."
defense,1,26,16,"The sharp increase in uses is also reflected in imports (excluding defense, ships and aircraft, and diamonds), which grew by 17.6 percent  ."
energy prices,2,26,15,"Inflation in tradable goods prices moderated, primarily as a result of a slowdown in the annual rate of increase in energy prices, despite the increase in oil prices until recently and the depreciation of the shekel."
recovering,1,26,15,"Investment in residential construction seems to be recovering in 2019, after having contracted in the previous year."
military,1,26,12,The labor market continued to recover in view of the increase in demand for workers and an easing of the labor supply constraint due to the return of employees from military reserve service.
roaring,1,26,3,"Since the beginning of Operation “Roaring Lion”, geopolitical uncertainty has grown both domestically and globally, particularly with regard to the expected duration and intensity of the fighting and how it will end."
operation roaring,2,26,3,"Since the beginning of Operation “Roaring Lion”, geopolitical uncertainty has grown both domestically and globally, particularly with regard to the expected duration and intensity of the fighting and how it will end."
roaring lion,2,26,3,"Since the beginning of Operation “Roaring Lion”, geopolitical uncertainty has grown both domestically and globally, particularly with regard to the expected duration and intensity of the fighting and how it will end."
operation roaring lion,3,26,3,"Since the beginning of Operation “Roaring Lion”, geopolitical uncertainty has grown both domestically and globally, particularly with regard to the expected duration and intensity of the fighting and how it will end."
second year onward,3,25,23,Forward expectations from the second year onward are within the target range.
future,1,25,20,The Committee assesses that the rising path of the interest rate in the future will be gradual and cautious.
long,1,25,20,"After the growth rate slowed in the second and third quarters of 2018, the findings from the fourth quarter Companies Survey   and data on tax revenues support the assessment that the economy is growing at a pace hovering around the long term path."
accommodation,1,25,18,The expectation in global financial markets is that major central banks will renew the process of monetary accommodation.
globally,1,25,18,"The outbreak of the coronavirus in China is casting uncertainty regarding future economic activity globally and in Israel, and regarding the impact on inflation and on the financial markets."
relatively high,2,25,18,"From an industry standpoint, the average level of difficulty in obtaining credit returned to its precrisis level in all industries except hotels, where there was a sharp decline in the difficulty in March, but companies are still reporting relatively high levels of difficulty in obtaining credit."
range at percent,3,25,18,"It is above the upper bound of the target range, at 3.5 percent over the past 12 months."
market data,2,25,17,"In the second and third quarters, there was some slowdown in the economy’s growth rate, but current indicators of activity support the assessment that the economy is at full employment, and in particular, the tight labor market data indicate a high level of demand."
labor market data,3,25,17,"In the second and third quarters, there was some slowdown in the economy’s growth rate, but current indicators of activity support the assessment that the economy is at full employment, and in particular, the tight labor market data indicate a high level of demand."
impacted,1,25,17,Growth in those years will be positively impacted by notable activity of several large companies.
weigh,1,25,16,"The US economy remains robust, though the risks due to the worsening “trade war” and the heightened political risk in Europe continue to weigh on momentum."
major central,2,25,16,Major central banks signaled that the process of monetary contraction will cease for now.
major central banks,3,25,16,Major central banks signaled that the process of monetary contraction will cease for now.
second half,2,25,16,"It is possible that in the coming months, the year over year inflation rate will be negative, but it is expected to move back toward the lower bound of the target range in the second half of the year."
work,1,25,16,"Approximately 1 million workers claimed unemployment benefits during March, 850,000 more than in February, with 90 percent of them on the basis of being placed on unpaid leave, and the number of people seeking work makes up about 24 percent of the labor force."
environment remains,2,25,15,The inflation environment remains stable above the lower bound of the target range.
assumption,1,25,15,"Growth in 2020 is expected to be about 0.5 percentage points lower than in the previous forecast, as a result of the decline in export forecasts due to the expected slowdown in world trade, and due to the assumption that the government will need to take certain measures to lower the deficit."
rose,1,25,14,"The ratio of job vacancies to total employee posts rose to a record level  , and wages continue to increase  , led by a relatively sharp rise in the business sector, encompassing a wide range of industries and all salary levels."
many countries,2,25,14,"Many countries are in various stages of a gradual return to economic activity under health-related limitations, but the magnitude of the global economic crisis is still high."
remained virtually,2,25,14,"Forward expectations from the second year onward remained virtually unchanged, and are within the target range."
remained virtually unchanged,3,25,14,"Forward expectations from the second year onward remained virtually unchanged, and are within the target range."
wide,1,25,12,"The ratio of job vacancies to total employee posts rose to a record level  , and wages continue to increase  , led by a relatively sharp rise in the business sector, encompassing a wide range of industries and all salary levels."
scope,1,25,11,"The number of transactions continued to increase, particularly among first-time home buyers, notwithstanding the prolonged decline in the scope of residential construction."
energy and fruits,3,24,24,Inflation excluding energy and fruits and vegetables is 0.9 percent.
borrowing totaled,2,24,24,"In February, new mortgage borrowing totaled NIS 5.7 billion, about half the level of February 2022  ."
mortgage borrowing totaled,3,24,24,"In February, new mortgage borrowing totaled NIS 5.7 billion, about half the level of February 2022  ."
aircraft and diamonds,3,24,21,"Manufacturing exports (excluding ships, aircraft, and diamonds, in dollars) increased slightly in October, returning to the level from before the first lockdown, driven by high-technology exports  ."
committee policy,2,24,20,"In view of the war, the Monetary Committee’s policy is focusing on stabilizing the markets and reducing uncertainty, and it has activated a program to sell foreign exchange and to provide liquidity in the swap and repo markets."
monetary committee policy,3,24,20,"In view of the war, the Monetary Committee’s policy is focusing on stabilizing the markets and reducing uncertainty, and it has activated a program to sell foreign exchange and to provide liquidity in the swap and repo markets."
weakness,1,24,19,"Services (excluding start-up companies) exports returned to growth, while weakness continued in goods (excluding diamonds) exports  ."
reached,1,24,19,"The unemployment rate remains very low, though the participation and employment rates appear to be moderating from the elevated levels they had reached."
data show,2,24,19,"Labor market data show that it remains tight—the unemployment rate remains low, although there was an increase in unemployment benefit claims in recent months; the share of job vacancies out of total employee posts is at a peak  ; and wages continue to increase  ."
research department assessment,3,24,19,"According to the Research Department’s assessment, GDP is expected to grow by 3.4 percent in 2019, slightly lower than the previous forecast, and by 3.5 percent in 2020."
continued to expand,3,24,19,"Mortgage volume continued to expand, and mortgage interest rates continued to decline in view of the decline in government bond yields."
rate increased,2,24,18,"In recent months, the unemployment rate increased slightly, and the job vacancy rate declined, but the labor market remains tight and supports the assessment that the economy is in a full employment environment."
states,1,24,18,"With the exception of the United States, most third quarter growth data surprised to the downside, and the main weakness is focused on manufacturing."
parallel,1,24,17,"Since the previous interest rate decision, government bond yields have been relatively stable, despite the sharp decline in parallel yields in the US."
volatile,1,24,16,"Inflation over the past 12 months was 1.5 percent  , its highest level since 2013, with the volatile fruit and vegetables component making a relatively significant contribution  ."
affected,1,24,15,"According to the first estimate of National Accounts data for the first quarter of 2019, the economy grew by 5.2 percent  , but the figure was affected markedly by increased new vehicle sales in the first quarter."
inflation environment remains,3,24,14,The inflation environment remains stable above the lower bound of the target range.
gdp will grow,3,24,14,The Research Department’s staff forecast projects that GDP will grow by 6.3 percent in 2021.
slow,1,24,12,The expected global monetary contraction is projected to slow.
absent,1,24,12,The increase was mainly due to the growth in the number of workers who were temporarily absent from their jobs.
duration,1,24,11,"Yield spreads between corporate bonds and comparable duration government bonds in Israel increased slightly, similar to the global trend  ."
exit,1,24,8,"The economy is in a prolonged exit process from the second lockdown, but there is uncertainty regarding the continuation of the exit from the lockdown in view of the apparent increase in morbidity."
declining,1,23,21,The macro picture conveyed by the global economy continues to indicate declining momentum.
expenditure,1,23,21,"Governments announced extensive plans to expand public expenditure, compensation for those adversely impacted by the crisis, and the extension of credit to the business sector."
percent compared,2,23,19,"Inflation in the past 12 months was 0.5 percent (compared with 1.5 percent at the time of the previous interest rate decision)  , while inflation excluding energy and fruit and vegetables was 0.9 percent (1.1 percent at the time of the previous interest rate decision)  ."
equipment and raw,3,23,19,"As a result of the continuing ramifications of the COVID-19 crisis, there is a lack of equipment and raw materials, which is leading to difficulties in global economic activity."
price stability,2,23,19,"In view of the war, the Monetary Committee’s policy is focusing on stabilizing the markets and reducing uncertainty, alongside price stability and supporting economic activity."
united,1,23,17,"With the exception of the United States, most third quarter growth data surprised to the downside, and the main weakness is focused on manufacturing."
united states,2,23,17,"With the exception of the United States, most third quarter growth data surprised to the downside, and the main weakness is focused on manufacturing."
sharp increase,2,23,17,"In Israel, the sharp increase in government bond yields and in corporate bond spreads was halted following measures taken by the Bank of Israel and the halt of mutual fund withdrawals."
convergence of inflation,3,23,17,The Monetary Committee’s assessment is that the current monetary policy supports the convergence of inflation to its target.
slightly lower,2,23,16,"​The inflation rate has stabilized above the lower bound of the target range, notwithstanding the slightly lower than expected decline of 0.3 percent in the CPI for November."
previous forecast,2,23,16,"According to the Research Department’s assessment, GDP is expected to grow by 3.4 percent in 2019, slightly lower than the previous forecast, and by 3.5 percent in 2020."
long-term expectations,2,23,16,"One-year expectations and forecasts from the various sources are around the lower bound of the target, while medium-term and long-term expectations increased slightly toward the midpoint of the target."
quarter gdp,2,23,16,"According to the first estimate of National Accounts data for the third quarter, GDP grew by 4.1 percent  ."
influenced,1,23,16,The moderation of inflation is largely influenced by the appreciation of the shekel.
surprised,1,23,15,"The CPI for April was lower than pre-publication assessments, but CPI readings for the previous three months surprised to the upside, and year-on-year inflation is at a level similar to that of recent months."
export,1,23,15,"There is an apparent decline in the share of companies in the Business Tendency Survey reporting a severe constraint in export orders, but foreign trade data indicate a slowdown in goods exports in April."
level of activity,3,23,15,"Real time indicators of economic activity point to a recovery in some industries, though the level of activity continues to be low and in the industries in which the main limitations have not yet been removed it remains around the lowest level, and the recovery is reflected only partly in the labor market."
level of uncertainty,3,23,15,"Regarding 2021, a high level of uncertainty remains regarding the forecast in view of the recent increase in the infection coefficient and the probability of additional lockdowns compared to the chances of a vaccine during 2021."
fiscal developments,2,23,15,"The Committee’s assessment is that there are still a number of risks of a potential acceleration in inflation: the development of the war and its effect on economic activity, a depreciation of the shekel, the constraints on activity in the construction industry, and fiscal developments, and the global price of oil."
background,1,23,14,"New mortgage volume is stabilizing after increasing since 2017, and mortgage interest rates have increased slightly in recent months, against the background of the increase in government bond yields  ."
picture,1,23,14,The macro picture conveyed by the global economy continues to indicate declining momentum.
security,1,23,14,"The expansion of the plan through which repo transactions are carried out vis-à-vis financial entities, so that the agreements can include corporate bonds (in addition to government bonds) as security."
chain,1,23,14,"Although the adverse impact in the supply chain of many goods may lead to price increases from the supply side, the effect of the decrease in demand is apparently more notable, and is expected to lead to a decline in inflation in the coming months."
vehicle,1,23,13,"However, an analysis of the data and of updated indicators of activity—and considering the impact of volatility in vehicle imports on GDP—indicates that the economy is apparently converging to its potential growth rate."
gradually,1,23,13,"Global monetary policy remains accommodative, but the direction is gradually changing—while negative interest rates and below-target inflation continue in Europe and Japan, federal funds rate increases in the US are expected to continue and the central banks of several additional countries raised interest rates."
raising,1,23,13,"The Business Tendency Survey shows that there was a decline in the difficulty of large and medium businesses to raise credit, while small businesses continued to find difficulty in raising bank credit."
trade war,2,23,12,"The US economy remains robust, though the risks due to the worsening “trade war” and the heightened political risk in Europe continue to weigh on momentum."
reasons,1,23,11,"At the same time, there was a decline in the number of participants in the labor force (for reasons other than COVID-19), so that there was no increase in the employment rate itself."
federal funds,2,22,22,"Global monetary policy remains accommodative, but the direction is gradually changing—while negative interest rates and below-target inflation continue in Europe and Japan, federal funds rate increases in the US are expected to continue and the central banks of several additional countries raised interest rates."
funds rate,2,22,22,"Global monetary policy remains accommodative, but the direction is gradually changing—while negative interest rates and below-target inflation continue in Europe and Japan, federal funds rate increases in the US are expected to continue and the central banks of several additional countries raised interest rates."
federal funds rate,3,22,22,"Global monetary policy remains accommodative, but the direction is gradually changing—while negative interest rates and below-target inflation continue in Europe and Japan, federal funds rate increases in the US are expected to continue and the central banks of several additional countries raised interest rates."
goals,1,22,22,"The Committee will expand the use of the existing tools, including the interest rate tool, and will be able to operate additional ones, to the extent that the crisis lengthens and it is necessary to achieve the monetary policy goals and to moderate the negative economic impact created as a result of the crisis."
capital raised,2,22,21,"The pace of issuance in the equity market remains high, and there was a sharp increase in capital raised in the venture capital industry in the first quarter."
trade data,2,22,20,"There is an apparent decline in the share of companies in the Business Tendency Survey reporting a severe constraint in export orders, but foreign trade data indicate a slowdown in goods exports in April."
excluding ships,2,22,20,"Manufacturing exports (excluding ships, aircraft, and diamonds, in dollars) increased slightly in October, returning to the level from before the first lockdown, driven by high-technology exports  ."
ships aircraft,2,22,20,"Manufacturing exports (excluding ships, aircraft, and diamonds, in dollars) increased slightly in October, returning to the level from before the first lockdown, driven by high-technology exports  ."
excluding ships aircraft,3,22,20,"Manufacturing exports (excluding ships, aircraft, and diamonds, in dollars) increased slightly in October, returning to the level from before the first lockdown, driven by high-technology exports  ."
estimate of national,3,22,19,"Based on the initial estimate of National Accounts data by the Central Bureau of Statistics, the economy returned to growth in the fourth quarter of 2018 at a pace in line with the long-term rate, following slower growth in the second and third quarters of 2018  ."
completions,1,22,19,"Home prices increased by a relatively rapid rate of 4.5 percent in the past 12 months  , in view of the moderation in the pace of building starts and building completions."
building completions,2,22,19,"Home prices increased by a relatively rapid rate of 4.5 percent in the past 12 months  , in view of the moderation in the pace of building starts and building completions."
development of inflation,3,22,19,"The pace of raising the interest rate will be determined in accordance with activity data and the development of inflation, in order to continue supporting the attainment of the policy goals."
focusing,1,22,19,"In view of the war, the Monetary Committee’s policy is focusing on stabilizing the markets and reducing uncertainty, and it has activated a program to sell foreign exchange and to provide liquidity in the swap and repo markets."
policy is focusing,3,22,19,"In view of the war, the Monetary Committee’s policy is focusing on stabilizing the markets and reducing uncertainty, and it has activated a program to sell foreign exchange and to provide liquidity in the swap and repo markets."
overall,1,22,18,"In recent months, home prices again increased moderately, so that overall they increased by approximately 1.0 percent in the past year, while rental prices remained stable in the past two months."
remains lower,2,22,18,"Inflation remains lower than the central banks' guiding targets  , but it appears that the process of deepening monetary accommodation by the major central banks has reached its limit at this stage."
israeli economy,2,22,18,"The Israeli economy is recovering at a rapid pace, following the exit from the third lockdown."
high volatility,2,22,17,"The global macroeconomic picture continues to convey a slowing of momentum, high volatility, and lack of certainty."
months was percent,3,22,17,Inflation over the past 12 months was 1.3 percent—similar to the level in recent months  .
financing,1,22,17,"Following a sharp incline at the start of the crisis, there has been a downward trend in demand for financing on the part of companies, but the rate of companies reporting a serious financing constraint remains higher than it was prior to the crisis, and it increased slightly in September."
business credit,2,22,17,"Bank credit has increased during the course of the crisis, primarily in light of the growth in business credit and in mortgages, but credit to small businesses and consumer credit declined."
expected to remain,3,22,16,"After a continued rise in inflation since the beginning of 2018, the inflation rate is stabilizing slightly above the lower bound of the target range, and is expected to remain within the target in the coming months as well."
until,1,22,16,"Inflation in tradable goods prices moderated, primarily as a result of a slowdown in the annual rate of increase in energy prices, despite the increase in oil prices until recently and the depreciation of the shekel."
expected to continue,3,22,16,"Global monetary policy remains accommodative, but the direction is gradually changing—while negative interest rates and below-target inflation continue in Europe and Japan, federal funds rate increases in the US are expected to continue and the central banks of several additional countries raised interest rates."
declined sharply,2,22,16,"Retail sales declined sharply, stemming in part from the deferral of US federal government workers’ salaries."
three,1,22,16,"The CPI for April was lower than pre-publication assessments, but CPI readings for the previous three months surprised to the upside, and year-on-year inflation is at a level similar to that of recent months."
force,1,22,16,"Approximately 1 million workers claimed unemployment benefits during March, 850,000 more than in February, with 90 percent of them on the basis of being placed on unpaid leave, and the number of people seeking work makes up about 24 percent of the labor force."
slightly to percent,3,22,16,"The adjusted employment rate is expected to continue increasing slightly, to 60.7 percent at the end of 2023."
gdp growth,2,22,15,"GDP growth in 2020 is expected to be 3.0 percent, similar to the long-term rate."
though,1,22,14,"The US economy remains robust, though the risks due to the worsening “trade war” and the heightened political risk in Europe continue to weigh on momentum."
rising,1,22,14,The Committee assesses that the rising path of the interest rate in the future will be gradual and cautious.
rate increases,2,22,14,"Global monetary policy remains accommodative, but the direction is gradually changing—while negative interest rates and below-target inflation continue in Europe and Japan, federal funds rate increases in the US are expected to continue and the central banks of several additional countries raised interest rates."
covid crisis,2,22,14,The significant increase in consumption continued even in the industries that were particularly hard hit by the restrictions during the COVID-19 crisis.
imf,1,22,13,"The IMF revised its growth forecast downward for most countries and regions, and the moderation in world trade continues."
upside,1,22,13,"The CPI for April was lower than pre-publication assessments, but CPI readings for the previous three months surprised to the upside, and year-on-year inflation is at a level similar to that of recent months."
relatively stable,2,22,12,Emerging economies are relatively stable.
increase in morbidity,3,22,12,"An increase in economic activity causes an increase in morbidity, which in turn leads to social distancing measures, which lower the rate of morbidity and allow a gradual return of economic activity, in a cycle that repeats itself."
wide range,2,22,9,"The ratio of job vacancies to total employee posts rose to a record level  , and wages continue to increase  , led by a relatively sharp rise in the business sector, encompassing a wide range of industries and all salary levels."
fighting,1,22,9,"However, there is great uncertainty regarding the depth and duration of the impact, and this will be affected by the extent of the fighting."
lockdowns,1,22,7,"In recent weeks, the spread of the pandemic again increased, mainly in countries that eased their lockdowns, which may lead to a halt in the economic recovery."
campaign,1,22,7,"Alongside this, the earlier-than-expected start of the inoculation campaign and the rapid pace of vaccinations thus far in Israel are expected to support economic recovery later in the year."
monday,1,21,21,"The next decision regarding the interest rate will be published at 16:00 on Monday, January 7, 2019, following which the Governor will hold a press briefing."
policy goals,2,21,21,"The Committee will expand the use of the existing tools, including the interest rate tool, and will be able to operate additional ones, to the extent that the crisis lengthens and it is necessary to achieve the monetary policy goals and to moderate the negative economic impact created as a result of the crisis."
vegetables inflation,2,21,21,"Net of energy and fruits and vegetables, inflation is 2.7 percent, and net the effects of taxation and regulation, it is 2.4 percent  ."
interest rate unchanged,3,21,20,"The ECB left its interest rate unchanged, and revised its growth and inflation forecasts downward, but noted that the chances of falling into a recession are very low."
long-term government,2,21,20,"Similar to global yields, medium- and long-term government bond yields declined sharply and eased financial conditions in the economy."
tight labor,2,21,18,"In the second and third quarters, there was some slowdown in the economy’s growth rate, but current indicators of activity support the assessment that the economy is at full employment, and in particular, the tight labor market data indicate a high level of demand."
tight labor market,3,21,18,"In the second and third quarters, there was some slowdown in the economy’s growth rate, but current indicators of activity support the assessment that the economy is at full employment, and in particular, the tight labor market data indicate a high level of demand."
indicated,1,21,18,"The ECB left its interest rate unchanged, but indicated that additional accommodative measures are expected."
commodity,1,21,18,Commodity prices collapsed by tens of percent.
accompanied,1,21,17,The increase in housing prices in recent months has been accompanied by an increase in the prices of construction inputs.
owner-occupied,1,21,17,"The owner-occupied housing services item in the Consumer Price Index continued to increase, to 7.6 percent over the past year."
owner-occupied housing,2,21,17,"The owner-occupied housing services item in the Consumer Price Index continued to increase, to 7.6 percent over the past year."
lowered,1,21,16,"Interest rates were lowered in the US and other economies, and further reductions are expected."
previous years,2,21,16,"The level of credit card purchases in July was lower than the baseline based on data from previous years, but since the beginning of August, there has been an increase in purchases, and as of mid-August, the level is higher than the baseline level  ."
duty,1,21,16,"The definition of broad unemployment does not include employees who were absent from their jobs for other reasons, such as reserve duty, caring for children in the absence of day care or educational frameworks, and others."
particular,1,21,15,"In the second and third quarters, there was some slowdown in the economy’s growth rate, but current indicators of activity support the assessment that the economy is at full employment, and in particular, the tight labor market data indicate a high level of demand."
months is percent,3,21,15,"The CPI readings for June and July were markedly lower than expected, and the inflation rate in the past 12 months is 0.5 percent."
compared with percent,3,21,15,"Inflation in the past 12 months was 0.5 percent (compared with 1.5 percent at the time of the previous interest rate decision)  , while inflation excluding energy and fruit and vegetables was 0.9 percent (1.1 percent at the time of the previous interest rate decision)  ."
labor force,2,21,15,"Approximately 1 million workers claimed unemployment benefits during March, 850,000 more than in February, with 90 percent of them on the basis of being placed on unpaid leave, and the number of people seeking work makes up about 24 percent of the labor force."
expected to lead,3,21,14,"The tension between the Italian government and European authorities grew stronger, following the proposed budget that is expected to lead to an increase in the deficit in Italy."
contract,1,21,13,"Private consumption grew moderately, and investment continued to contract, despite the firming of residential construction investment after it had declined over several quarters."
recovered,1,21,13,"Equity indices recovered, in light of the expected halt in the process of monetary contraction, and renewed optimism regarding US-China trade negotiations."
small businesses,2,21,13,"Bank credit has increased during the course of the crisis, primarily in light of the growth in business credit and in mortgages, but credit to small businesses and consumer credit declined."
interest rate increases,3,21,13,"In contrast, the interest rate increases in the emerging economies continue in view of the increase in inflation."
variance,1,21,12,"Real-time surveys among companies, conducted by the Central Bureau of Statistics, indicated that in the middle of April, the share of active employees was around 61 percent, and it increased to about 71 percent in the beginning of May, with notable variance among the industries  ."
appreciated,1,21,11,The shekel appreciated by approximately 2 percent in nominal effective exchange rate terms since the previous interest rate decision  .
seems,1,21,10,"The inflation rate over the preceding 12 months has been 1.5 percent, and it currently seems less likely that inflation will again fall below the lower bound of the target range."
remains strong,2,21,9,Economic activity remains strong.
israel remains,2,21,9,Economic activity in Israel remains strong and the labor market remains tight and is in a full employment environment.
cpi components,2,21,8,"The increase in inflation is broad-based, with contributions from most CPI components."
third lockdown,2,21,7,"There was a recovery of economic activity in November and December following the exit from the second lockdown, but the variance of the adverse effect between the various industries continues, and the increase in morbidity led the government to announce a third lockdown."
attainment,1,20,20,"Even after an increase of the interest rate by 0.15 percentage points, monetary policy remains accommodative and will continue to support the attainment of policy targets."
continue supporting,2,20,20,"This is all in order to continue supporting the attainment of the policy targets and the recovery of the economy from the crisis, and to ensure the continued orderly functioning of the financial markets."
order to continue,3,20,20,"This is all in order to continue supporting the attainment of the policy targets and the recovery of the economy from the crisis, and to ensure the continued orderly functioning of the financial markets."
cumulative deficit,2,20,19,"The cumulative deficit in the past 12 months continued to increased, to 4.8 percent of GDP."
budget deficit,2,20,17,"The government budget deficit is expected to increase to 11 percent of GDP in 2020, taking into account the budget plan announced by the government to deal with the crisis and the expected decline in revenues due to a slowdown in activity."
card purchases,2,20,17,"Indicators of private consumption show a recovery; data on credit card purchases indicate an increase in the scope of purchases in most industries in which the strict limitations were removed, to close to the pre-crisis level."
credit card purchases,3,20,17,"Indicators of private consumption show a recovery; data on credit card purchases indicate an increase in the scope of purchases in most industries in which the strict limitations were removed, to close to the pre-crisis level."
volume of world,3,20,17,The volume of world trade continued to increase in recent months.
owner-occupied housing services,3,20,17,"The owner-occupied housing services item in the Consumer Price Index continued to increase, to 7.6 percent over the past year."
accelerated,1,20,16,"There was accelerated growth in the UK, but the uncertainty regarding Brexit remained high."
output,1,20,16,"Oil prices continued to decline until recently, despite the decision by oil producers to cut back on output  . interest rate decision will be published on January 21, 2019."
slightly higher,2,20,16,"The economy is expected to grow in those years at a rate slightly higher than the long-term pace, as a result of significant activity by a number of large companies."
previous month,2,20,16,"Inflation over the past 12 months was -0.6 percent, compared with -1.6 percent in the previous month  ."
reducing,1,20,16,"The increase in fuel prices made a significant contribution to the increase in annual inflation, by reducing the negative contribution of the energy component in the CPI."
stabilizing,1,20,15,"After a continued rise in inflation since the beginning of 2018, the inflation rate is stabilizing slightly above the lower bound of the target range, and is expected to remain within the target in the coming months as well."
major economies,2,20,15,"The major economies in Europe convey a mixed picture—there was positive growth in France and Spain, while contraction was seen in Germany and Italy."
prices remained,2,20,15,"Oil prices remained stable since the previous interest rate decision, in view of the decline in supply being offset by worsening sentiment in the markets.  . prior to this interest rate decision will be published on June 3, 2019."
expanded,1,20,15,An expanded explanation of these two steps is published in a separate press release.
period last,2,20,14,"The volume of bank credit issued during the crisis was higher than it was during the same period last year, particularly regarding credit to medium and large businesses and housing credit."
period last year,3,20,14,"The volume of bank credit issued during the crisis was higher than it was during the same period last year, particularly regarding credit to medium and large businesses and housing credit."
obtaining,1,20,13,"Corporate bond spreads have also started to widen again recently. v The Business Tendency Survey indicates some moderation in companies’ difficulty in obtaining credit, but the constraint remains greater than it was prior to the crisis."
four,1,20,12,The Research Department forecasts inflation of 1.3 percent over the coming four quarters.
continued to moderate,3,20,11,"Inflation in tradable goods prices continued to moderate, primarily as a result of the decline in energy prices."
shekel has strengthened,3,20,11,"For the year to date, the shekel has strengthened by 6 percent in terms of the nominal effective exchange rate, and since the last meeting it has appreciated by 1.2 percent."
continue to indicate,3,20,11,The global purchasing managers indices for July continue to indicate economic expansion  .
weeks,1,20,9,"The steep decline in oil prices in recent weeks may offset the factors supporting inflation, but its impact on the “adjusted indices” will be limited."
ukraine,1,20,9,"The war in Ukraine and the increase in morbidity in China are deepening the interruptions in the global production chains, increasing inflationary pressure, and leading to some slowdown in the pace of global economic activity."
policy targets,2,19,18,"Even after an increase of the interest rate by 0.15 percentage points, monetary policy remains accommodative and will continue to support the attainment of policy targets."
foreign trade,2,19,18,"There is an apparent decline in the share of companies in the Business Tendency Survey reporting a severe constraint in export orders, but foreign trade data indicate a slowdown in goods exports in April."
new mortgage borrowing,3,19,17,"The volume of new mortgages taken out in May was about NIS 12 billion, representing a further increase in the pace of new mortgage borrowing  ."
current indicators,2,19,16,"In the second and third quarters, there was some slowdown in the economy’s growth rate, but current indicators of activity support the assessment that the economy is at full employment, and in particular, the tight labor market data indicate a high level of demand."
japan,1,19,16,"Global monetary policy remains accommodative, but the direction is gradually changing—while negative interest rates and below-target inflation continue in Europe and Japan, federal funds rate increases in the US are expected to continue and the central banks of several additional countries raised interest rates."
reading,1,19,16,"The inflation environment has stabilized above the lower bound of the target range, even though the CPI reading for November declined by 0.3 percent and was slightly lower than expected."
first estimate,2,19,16,"Regarding economic activity, the first estimate by the Central Bureau of Statistics for full year growth in 2018 is 3.2 percent, similar to the long-term growth rate."
revised upward,2,19,16,"In addition, the Composite State of the Economy Index, which increased by 0.3 percent in November, with data for October revised upward, even hints at a faster pace in the fourth quarter  ."
uk,1,19,16,"There was accelerated growth in the UK, but the uncertainty regarding Brexit remained high."
indicating,1,19,16,"The Purchasing Managers Indices indicate some recovery, but they remain below 50, which is the range indicating contraction of economic activity  ."
continue to increase,3,19,15,"The ratio of job vacancies to total employee posts rose to a record level  , and wages continue to increase  , led by a relatively sharp rise in the business sector, encompassing a wide range of industries and all salary levels."
share,1,19,15,"Labor market data show that it remains tight—the unemployment rate remains low, although there was an increase in unemployment benefit claims in recent months; the share of job vacancies out of total employee posts is at a peak  ; and wages continue to increase  ."
activity data,2,19,15,"In Japan, the economic activity data published in the fourth quarter indicate a recovery, following contraction in the third quarter."
includes,1,19,15,"The slowdown in world trade is becoming more severe, and includes emerging markets as well."
public consumption,2,19,15,"Private consumption excluding durable goods and public consumption drove growth in the second quarter, and the trend of expansion that has characterized exports in the past two years continued, led by services exports."
goods and services,3,19,15,"Goods and services exports slowed relative to last year, but the level of activity remains high  ."
households,1,19,15,There was a sharp change in the composition of households’ consumption basket.
projections,1,19,15,"Inflation expectations derived from the capital market declined since the second week in June, and continued to decline after the publication of the May CPI reading, while projections by professional forecasters increased slightly following the CPI publication."
moderated to percent,3,19,15,The increase in rental prices also moderated to 1.2 percent.
reserve duty,2,19,15,"The definition of broad unemployment does not include employees who were absent from their jobs for other reasons, such as reserve duty, caring for children in the absence of day care or educational frameworks, and others."
trade continues,2,19,14,"The IMF revised its growth forecast downward for most countries and regions, and the moderation in world trade continues."
previous months,2,19,14,"Since the previous interest rate decision, 10-year government bond yields stabilized, after increasing in previous months."
term,1,19,14,"After the growth rate slowed in the second and third quarters of 2018, the findings from the fourth quarter Companies Survey   and data on tax revenues support the assessment that the economy is growing at a pace hovering around the long term path."
rental prices,2,19,14,"In recent months, home prices again increased moderately, so that overall they increased by approximately 1.0 percent in the past year, while rental prices remained stable in the past two months."
short,1,19,14,"Short- and medium-term inflation expectations declined, with one-year expectations ranging around the lower bound of the target range, but long-term expectations remained anchored near the midpoint of the target range."
reduction,1,19,14,"Oil prices increased since the previous interest rate decision, in view of an expected increase in demand and a reduction of supply  . prior to this interest rate decision will be published on December 9, 2019."
inflation continues,2,19,14,"Headline inflation in the major economies increased, but inflation continues to be lower than the central banks' guiding targets  ."
cpi declined,2,19,14,"The CPI declined by 0.4 percent in January and by 0.1 percent in February, so that the year over year inflation rate continued to fall, reaching 0.1 percent, with a moderate decrease in inflation expectations, from all sources, as well."
tightening around,2,19,14,"Accordingly, monetary tightening around the world is continuing."
monetary tightening around,3,19,14,"Accordingly, monetary tightening around the world is continuing."
mixed,1,19,13,"The major economies in Europe convey a mixed picture—there was positive growth in France and Spain, while contraction was seen in Germany and Italy."
reporting,1,19,13,"There is an apparent decline in the share of companies in the Business Tendency Survey reporting a severe constraint in export orders, but foreign trade data indicate a slowdown in goods exports in April."
international,1,19,13,"The baseline scenario guiding the assessments of most international financial institutions is that the spread of the virus will be halted in the coming months, and the overall impact on the global economy is expected to be limited."
make,1,19,12,"Moreover, if necessary, the Committee will take additional steps to make monetary policy even more accommodative."
contracted by percent,3,19,12,"These estimates suggest that in the first quarter, the economy contracted by 5 percent compared with the previous quarter (in quarterly terms)."
gdp contracted,2,19,11,"According to the Research Department’s assessment, GDP contracted by approximately 5 percent in the first quarter (quarterly terms)."
war in ukraine,3,19,8,"The war in Ukraine and the increase in morbidity in China are deepening the interruptions in the global production chains, increasing inflationary pressure, and leading to some slowdown in the pace of global economic activity."
inoculation,1,19,3,The Research Department’s forecast outlines two potential scenarios that are influenced by the pace of inoculation of the population.
supporting the attainment,3,18,18,"This is all in order to continue supporting the attainment of the policy targets and the recovery of the economy from the crisis, and to ensure the continued orderly functioning of the financial markets."
continues to indicate,3,18,17,The macro picture conveyed by the global economy continues to indicate declining momentum.
emerging markets,2,18,17,"Emerging markets are relatively stable, but a possible worsening of the “trade war” and the effects of the monetary contraction in advanced economies continue to weigh on continued growth."
decided,1,18,17,"In addition, the Committee decided on 2 additional steps:"
card expenditure,2,18,17,"Of particular note have been the increases in credit card expenditure in the restaurant industry and the education and leisure services industry, which until recent weeks had typically been stable at low activity levels, while tourism remains very low."
credit card expenditure,3,18,17,"Of particular note have been the increases in credit card expenditure in the restaurant industry and the education and leisure services industry, which until recent weeks had typically been stable at low activity levels, while tourism remains very low."
assesses,1,18,16,The Committee assesses that the rising path of the interest rate in the future will be gradual and cautious.
available,1,18,16,Data on services exports are still not available for the crisis period but a sharp decline is expected in exports of tourism and transportation services.
temporary,1,18,16,"Alongside this, it is possible that some of the difficulties are temporary due to the sharp and rapid exit from COVID-19-related restrictions to a full activity routine."
inflation is percent,3,18,16,"Net of energy and fruits and vegetables, inflation is 2.7 percent, and net the effects of taxation and regulation, it is 2.4 percent  ."
yield,1,18,15,"In the past month, there was a slight increase in the yield spreads between corporate bonds and comparable government bonds."
beyond,1,18,15,"According to the Bank of Israel’s assessment, beyond the impact on specific companies, this scenario is not expected to have a significant macroeconomic effect in Israel, even though China is a significant trading partner in a range of industries."
activity and fiscal,3,18,15,"The interest rate path will be determined in accordance with the continued convergence of inflation to its target, continued stability in the financial markets, economic activity, and fiscal policy."
investments,1,18,14,"In the UK, fourth quarter 2018 growth declined because investments decreased sharply in view of Brexit."
orders,1,18,14,"There is an apparent decline in the share of companies in the Business Tendency Survey reporting a severe constraint in export orders, but foreign trade data indicate a slowdown in goods exports in April."
portion,1,18,14,"After about a year in which it hovered in the lower portion of the target range, annual inflation has, for the past three months, been below the target."
employed,1,18,14,"A breakdown of the unemployed by how long they have been waiting to return to employment, and the decline in the number of people who are involuntarily employed part-time also indicate a tight labor market."
relatively low,2,18,14,"The removal of the restrictions led to growth on the supply side of the economy, but the level of demand remains relatively low, as shown by a number of indicators."
reflecting,1,18,14,"Evidence of some improvement in the state of the world economy can be found in the global Purchasing Managers Index, which returned in July to the range reflecting growth at a rate similar to the long-term pace  ."
supporting economic,2,18,14,"The vaccination campaign around the world is accelerating and supporting economic activity, but at the same time, there has been a worsening of morbidity in a number of emerging economies."
supporting economic activity,3,18,14,"The vaccination campaign around the world is accelerating and supporting economic activity, but at the same time, there has been a worsening of morbidity in a number of emerging economies."
unchanged at percent,3,18,14,The IMF’s global growth forecast for 2021 remained unchanged at 6 percent  .
world trade continues,3,18,13,"The IMF revised its growth forecast downward for most countries and regions, and the moderation in world trade continues."
revised downward,2,18,13,"The global macroeconomic picture continues to point to moderation in the growth and inflation rates, and growth forecasts for most regions were revised downward again."
deficit is expected,3,18,13,"The government budget deficit is expected to increase to 11 percent of GDP in 2020, taking into account the budget plan announced by the government to deal with the crisis and the expected decline in revenues due to a slowdown in activity."
function,1,18,13,The credit market continues to function with stable interest rates.
continues to function,3,18,13,The credit market continues to function with stable interest rates.
legislative,1,18,13,"The Research Department has revised its macroeconomic staff forecast, and presents two potential scenarios in view of the tremendous uncertainty due to legislative processes concerning the judicial system and their economic implications."
dollar-denominated government,2,18,13,"The risk premium as measured by the CDS, and the spread between dollar-denominated government bonds and US Treasury bills, moderated slightly but remain high."
supported,1,18,12,"In Japan, there was growth in the first quarter supported by net exports, although leading indicators point to weakness in domestic demand and in the manufacturing sector."
bank credit,2,18,12,"Bank credit has increased during the course of the crisis, primarily in light of the growth in business credit and in mortgages, but credit to small businesses and consumer credit declined."
forward expectations,2,18,11,Medium-term and long-term forward expectations are slightly below the midpoint of the target.
prewar period,2,18,9,"The growth rate of business credit in recent months is slower than the prewar period, and in the most recent data (June) credit to large businesses increased, and to the rest of the business sector it contracted slightly."
credit to small,3,18,8,The loans are contingent on extending credit to small and micro businesses.
wave,1,18,7,"The Research Department assesses that in a case of an outbreak of a second wave of infection in the final quarter of the year, GDP in 2020 is expected to contract even more sharply, by approximately 8 percent, and the unemployment rate is expected to increase to 11 percent in the fourth quarter."
high-tech sector,2,17,17,"Total capital raised by private companies in the high-tech sector since the beginning of the year has already surpassed $15 billion, compared with about $10 billion in all of 2020  ."
foreign trade data,3,17,16,"There is an apparent decline in the share of companies in the Business Tendency Survey reporting a severe constraint in export orders, but foreign trade data indicate a slowdown in goods exports in April."
fixed,1,17,16,"Provision of monetary loans to banks for a term of 3 years, with a fixed interest rate of 0.1 percent."
tradable goods,2,17,15,"Inflation in tradable goods prices moderated, primarily as a result of a slowdown in the annual rate of increase in energy prices, despite the increase in oil prices until recently and the depreciation of the shekel."
near the midpoint,3,17,15,"One-year inflation expectations and forecasts are slightly above the lower bound of the target range, and forward expectations for medium and longer terms remained near the midpoint of the target."
participation rate,2,17,15,"However, there was also a decline in the labor force participation rate, such that the employment rate (excluding those absent for economic reasons) remained similar to the previous month (60.5 percent compared to 60.4 percent)."
remain high,2,17,15,"In the UK as well, first quarter growth data were encouraging, but the risks regarding Brexit remain high, and its implementation was delayed again."
orderly,1,17,15,This step will strengthen the plan’s support of liquidity and the orderly functioning of the financial markets.
orderly functioning,2,17,15,This step will strengthen the plan’s support of liquidity and the orderly functioning of the financial markets.
absentees,1,17,15,"The broad unemployment rate declined to 9.5 percent, and the employment rate excluding COVID-19 absentees increased slightly."
housing transactions,2,17,15,The number of housing transactions continues to decline.
number of housing,3,17,15,The number of housing transactions continues to decline.
markets economic,2,17,15,"The interest rate path will be determined in accordance with the continued convergence of inflation to its target, continued stability in the financial markets, economic activity, and fiscal policy."
financial markets economic,3,17,15,"The interest rate path will be determined in accordance with the continued convergence of inflation to its target, continued stability in the financial markets, economic activity, and fiscal policy."
markets economic activity,3,17,15,"The interest rate path will be determined in accordance with the continued convergence of inflation to its target, continued stability in the financial markets, economic activity, and fiscal policy."
yields declined,2,17,14,"In financial markets, there were sharp declines and volatility in most equity indices  , government bond yields declined, and corporate bond spreads widened."
point to continued,3,17,14,"Most indicators of economic activity point to continued solid growth in the fourth quarter, and the labor market remains tight."
israel and abroad,3,17,14,"In March, there were shocks in capital markets in Israel and abroad."
chains,1,17,14,"The increase in orders for consumer goods and imports of goods for manufacturing, combined with the lack of manpower and storage space at the ports, are leading to difficulties in supply chains."
homes,1,17,14,"The declines in the number of housing transactions and in new mortgage volume continue, while the stock of unsold homes held by developers increased markedly in the past year."
cds spread,2,17,14,"In addition, the CDS spread remains at high levels."
period the shekel,3,17,13,"In the intermeeting period, the shekel weakened by 3.6 percent in terms of the nominal effective exchange rate  ."
corporate bonds,2,17,13,"In the past month, there was a slight increase in the yield spreads between corporate bonds and comparable government bonds."
indicators point,2,17,13,"Assessments are that it is not a change in trend, although leading indicators point to a loss of momentum."
purchase,1,17,13,"Home prices have stabilized in recent months  , with a continued decline in building starts and an increase in the number of those planning to purchase a home."
continues to increase,3,17,13,"Inflation in the prices of nontradable goods, an approximation of the domestic component of inflation, moderated in recent months, but remains above the 2 percent level, and inflation in tradable goods prices continues to increase."
expected to decline,3,17,13,"Annual inflation is expected to decline slightly in the coming months, but most one-year inflation expectations and forecasts are slightly above the lower bound of the target range  ."
supply chain,2,17,13,"Although the adverse impact in the supply chain of many goods may lead to price increases from the supply side, the effect of the decrease in demand is apparently more notable, and is expected to lead to a decline in inflation in the coming months."
continuing war,2,17,13,"Global economic activity continues to moderate, in view of high inflation, monetary tightening, the continuing war in Ukraine and the energy crisis in Europe, the slowdown in China, and the supply chain difficulties."
steps,1,17,12,"Moreover, if necessary, the Committee will take additional steps toward making monetary policy even more accommodative in order to support a process at the end of which inflation will stabilize around the midpoint of the target range, and to support economic activity."
recorded,1,17,12,"Inflation increased slightly, but remains slightly below the target, and third quarter growth is expected to be moderate, in addition to the slowdown that was recorded in the second quarter."
new mortgages,2,17,12,"The volume of new mortgages taken out in July was similar to the record set in June, further to the high mortgage volumes since the beginning of the year  ."
initial,1,17,11,"Based on the initial estimate of National Accounts data by the Central Bureau of Statistics, the economy returned to growth in the fourth quarter of 2018 at a pace in line with the long-term rate, following slower growth in the second and third quarters of 2018  ."
monthly,1,17,11,"Home prices declined by 1.4 percent in 2018, even though the most recent monthly figure showed an increase of 0.2 percent  ."
relatively moderate,2,17,11,"Private current consumption increased at a relatively moderate rate in the first quarter, and, other than vehicles, most components of investment contracted."
virus,1,17,11,"The baseline scenario guiding the assessments of most international financial institutions is that the spread of the virus will be halted in the coming months, and the overall impact on the global economy is expected to be limited."
decline to percent,3,17,11,The unemployment rate in the second half of 2020 is expected to rise to 8.5 percent (compared with 8 percent in the previous forecast) and to decline to 5.5 percent at the end of 2021 (as opposed to 4 percent).
general,1,17,11,"The intensity of the reaction was not uniform over all industries, and was, in general, more moderate than the decline in activity during the first lockdown."
four quarters,2,17,10,The Research Department forecasts inflation of 1.3 percent over the coming four quarters.
leave,1,17,10,"However, the continuing uncertainty regarding the political situation in Israel may leave its mark on economic activity."
magnitude,1,17,9,"Note that there is considerable uncertainty regarding the forecast crisis, in view of the lack of clarity about the length and magnitude of the crisis."
loans,1,17,6,"Provision of monetary loans to banks for a term of 3 years, with a fixed interest rate of 0.1 percent."
range of cpi,3,17,6,Inflation is being recorded in a wide range of CPI components.
inflation is moderating,3,17,6,"Inflation is moderating, but is still high over a wide range of CPI components."
ensure,1,16,16,"In view of the magnitude of the crisis’s adverse impact on economic activity, the Committee is utilizing a range of tools in order to increase the extent of the monetary policy accommodation and to ensure the orderly functioning of the financial markets."
managers indices,2,16,16,"The Purchasing Managers Indices indicate some recovery, but they remain below 50, which is the range indicating contraction of economic activity  ."
purchasing managers indices,3,16,16,"The Purchasing Managers Indices indicate some recovery, but they remain below 50, which is the range indicating contraction of economic activity  ."
exports excluding ships,3,16,16,"Manufacturing exports (excluding ships, aircraft, and diamonds, in dollars) increased slightly in October, returning to the level from before the first lockdown, driven by high-technology exports  ."
increase in demand,3,16,15,"Oil prices increased since the previous interest rate decision, in view of an expected increase in demand and a reduction of supply  . prior to this interest rate decision will be published on December 9, 2019."
commodity prices,2,16,15,Commodity prices collapsed by tens of percent.
services industries,2,16,15,"Many countries are in various stages of a gradual return to economic activity under health-related limitations, but the magnitude of the global economic crisis is still high, particularly in the services industries."
composite,1,16,14,"The Composite State of the Economy Index  , the Purchasing Managers Index and the Consumer Confidence Index  , and the Business Tendency Survey of the Central Bureau of Statistics all support this assessment, as do labor market data."
stabilize,1,16,14,"The Committee assesses that the rising path of the interest rate in the future will be gradual and cautious, in a manner that supports a process at the end of which inflation will stabilize around the midpoint of the target range, and that supports economic activity."
concern,1,16,14,"The main risks include a possible escalation of the trade war (despite progress in contacts between the US and China), and concern over a no-deal Brexit in the UK."
mortgages taken,2,16,14,"The volume of new mortgages taken out in July was similar to the record set in June, further to the high mortgage volumes since the beginning of the year  ."
year and onward,3,16,14,"Expectations derived from the capital market for the second year and onward remain within the target range, and long-term expectations are anchored at the midpoint of the range  ."
consecutive,1,16,14,"In its most recent meeting, the Federal Reserve raised the federal funds rate by 75 basis points, for the second consecutive time, and emphasized its commitment to lower inflation."
reducing uncertainty,2,16,14,"In view of the war, the Monetary Committee’s policy is focusing on stabilizing the markets and reducing uncertainty, and it has activated a program to sell foreign exchange and to provide liquidity in the swap and repo markets."
war the monetary,3,16,14,"In view of the war, the Monetary Committee’s policy is focusing on stabilizing the markets and reducing uncertainty, and it has activated a program to sell foreign exchange and to provide liquidity in the swap and repo markets."
stabilizing the markets,3,16,14,"In view of the war, the Monetary Committee’s policy is focusing on stabilizing the markets and reducing uncertainty, and it has activated a program to sell foreign exchange and to provide liquidity in the swap and repo markets."
markets and reducing,3,16,14,"In view of the war, the Monetary Committee’s policy is focusing on stabilizing the markets and reducing uncertainty, and it has activated a program to sell foreign exchange and to provide liquidity in the swap and repo markets."
residential,1,16,13,"Private consumption grew moderately, and investment continued to contract, despite the firming of residential construction investment after it had declined over several quarters."
tax revenues,2,16,13,"After the growth rate slowed in the second and third quarters of 2018, the findings from the fourth quarter Companies Survey   and data on tax revenues support the assessment that the economy is growing at a pace hovering around the long term path."
previous quarter,2,16,13,"These estimates suggest that in the first quarter, the economy contracted by 5 percent compared with the previous quarter (in quarterly terms)."
direct,1,16,13,"The direct weekly cost of the third lockdown in its current format, compared with a state of full economic activity, is estimated at about NIS 2.5 billion."
renewing,1,16,13,"Alongside this, the annual increase in rents (in renewing contracts) was 3.2 percent."
pace of annual,3,16,13,"The pace of annual inflation of the nontradable components, which mainly reflects the housing component and services industries, is 5.5 percent—similar to the previous month."
forecasters projections,2,16,13,"The CPI was 6.0 percent in February, similar to forecasters’ projections, and the PCE index was 5.0 percent in February, slightly below previous expectations."
past two,2,16,12,"In the past two months, Tel Aviv Stock Exchange equity indices declined by approximately 10 percent  , which is in line with the marked declines on major global equity indices  ."
include,1,16,12,"The main risks include the slowdown in Europe, an escalation of the trade war, and Brexit."
contribution,1,16,12,"Inflation over the past 12 months was 1.5 percent  , its highest level since 2013, with the volatile fruit and vegetables component making a relatively significant contribution  ."
two years,2,16,12,"Private consumption excluding durable goods and public consumption drove growth in the second quarter, and the trend of expansion that has characterized exports in the past two years continued, led by services exports."
began,1,16,12,Yield spreads between corporate bonds of the nonfinancial business sector in Israel and comparable government bonds continued the downward trend that began at the start of the year.
home prices continued,3,16,12,"Home prices continued to increase moderately, and in the past year they have increased by 1.9 percent, while the annual rate of increase in rents is moderating."
rapidly,1,16,12,"Goods exports were flat in October and November, while services exports continued to grow rapidly in October  ."
difficulty in obtaining,3,16,12,"Corporate bond spreads have also started to widen again recently. v The Business Tendency Survey indicates some moderation in companies’ difficulty in obtaining credit, but the constraint remains greater than it was prior to the crisis."
high levels,2,16,12,"From an industry standpoint, the average level of difficulty in obtaining credit returned to its precrisis level in all industries except hotels, where there was a sharp decline in the difficulty in March, but companies are still reporting relatively high levels of difficulty in obtaining credit."
volume of new,3,16,12,"The volume of new mortgages taken out in July was similar to the record set in June, further to the high mortgage volumes since the beginning of the year  ."
seen,1,16,11,"There were price declines and sharp volatility in most equity indices, and expected monetary contraction worldwide is seen to be slowing."
excluding energy,2,16,11,Inflation excluding energy and fruits and vegetables is 0.9 percent.
declined significantly,2,16,11,"In contrast, the Purchasing Managers Index declined significantly in August, and indicates a contraction of activity."
shortage of workers,3,16,11,"The number of job vacancies continued to increase, further to the trend since the beginning of the year, and the shortage of workers continues to weigh on the expansion of activity."
account,1,16,11,"The government budget deficit is expected to increase to 11 percent of GDP in 2020, taking into account the budget plan announced by the government to deal with the crisis and the expected decline in revenues due to a slowdown in activity."
conducted,1,16,11,"However, after the Bank of Israel conducted the shekel/dollar swap transactions, the volatility declined and the shekel weakness moderated to about 5.8 percent against the dollar and 3.4 percent in terms of the effective exchange rate since the previous interest rate decision."
obtaining credit,2,16,11,"Corporate bond spreads have also started to widen again recently. v The Business Tendency Survey indicates some moderation in companies’ difficulty in obtaining credit, but the constraint remains greater than it was prior to the crisis."
credit market continues,3,16,11,The credit market continues to function with stable interest rates.
moderate pace,2,16,11,"The employment rate is in an upward trend, though at a more moderate pace than in previous months."
slower,1,16,10,"Based on the initial estimate of National Accounts data by the Central Bureau of Statistics, the economy returned to growth in the fourth quarter of 2018 at a pace in line with the long-term rate, following slower growth in the second and third quarters of 2018  ."
severe,1,16,10,"The slowdown in world trade is becoming more severe, and includes emerging markets as well."
micro,1,16,10,The loans are contingent on extending credit to small and micro businesses.
small and micro,3,16,10,The loans are contingent on extending credit to small and micro businesses.
supports,1,16,9,"The tight labor market supports this assessment, as does the growth of imports and the widening of the trade deficit."
making,1,16,9,"Inflation over the past 12 months was 1.5 percent  , its highest level since 2013, with the volatile fruit and vegetables component making a relatively significant contribution  ."
days,1,16,9,"Medium-and long-term forward inflation expectations derived from the bond market remained largely stable since the previous interest rate decision, and have increased slightly in recent days  ."
negative impact,2,16,9,An analysis of the negative impact on private consumption—in accordance with the magnitude of the Ministry of Health’s limitations on the various consumption items and the weight of each item in the household consumption basket—indicates that private consumption is about 27 percent lower than its pre-crisis level.
mobility,1,16,9,"Indicators of the public’s mobility show an increase in the scope of mobility to workplaces, retail and recreation, beginning in mid-April  ."
regions,1,16,8,"The IMF revised its growth forecast downward for most countries and regions, and the moderation in world trade continues."
system,1,16,8,"In addition, a NIS 4 billion fund with greater banking system deferred payments for about 530,000 loans, totaling about NIS 6.8 billion to mid-June  ."
pre-crisis,1,16,6,"More than one-third of the economy is shut down, private consumption is lower by about one-quarter relative to the pre-crisis period, and approximately 1 million workers, 24 percent of the workforce, have claimed unemployment benefits."
vaccination,1,16,6,The vaccination campaign is progressing rapidly but the spread of more contagious variants and the still high morbidity level are weighing on a return to strong economic activity.
act,1,15,15,"The Bank of Israel continues to monitor developments in inflation, the real economy, the financial markets, and the global economy, and will act to attain the monetary policy targets in accordance with such developments."
european,1,15,15,"The tension between the Italian government and European authorities grew stronger, following the proposed budget that is expected to lead to an increase in the deficit in Italy."
one-off,1,15,15,"In Japan, growth was negative in the third quarter, apparently due to one-off factors, and improvement is expected in the next quarter."
governor,1,15,15,"The next decision regarding the interest rate will be published at 16:00 on Monday, January 7, 2019, following which the Governor will hold a press briefing."
bonds increased,2,15,15,The yield spreads between corporate bonds and comparable government bonds increased.
ensure the continued,3,15,15,"In view of the magnitude of the crisis’s adverse impact on economic activity, the Committee is utilizing a range of tools in order to increase the extent of the monetary policy accommodation and to ensure the continued orderly functioning of the financial markets."
regulation,1,15,15,"Net of energy and fruits and vegetables, inflation is 2.7 percent, and net the effects of taxation and regulation, it is 2.4 percent  ."
effects of taxation,3,15,15,"Net of energy and fruits and vegetables, inflation is 2.7 percent, and net the effects of taxation and regulation, it is 2.4 percent  ."
taxation and regulation,3,15,15,"Net of energy and fruits and vegetables, inflation is 2.7 percent, and net the effects of taxation and regulation, it is 2.4 percent  ."
ages is expected,3,15,15,The adjusted unemployment rate among the prime working ages (25–64) is expected to be 3.5 percent at the end of 2023.
several risks,2,15,15,"The Committee assesses that there are several risks for a possible acceleration in inflation: geopolitical developments and their impact on economic activity, shekel depreciation, prolonged supply limitations on activity, and fiscal developments."
core cpi,2,15,15,"In the eurozone, the inflation rate increased slightly in July, to 2.6 percent, while the core CPI remained unchanged at 2.9 percent."
revenue,1,15,14,"The findings of the most recent real-time survey conducted by the Central Bureau of Statistics, at the beginning of July, show a worsening of the adverse impact to business revenue and the share of workers who are employed  ."
index increased,2,15,14,"The Central Bureau of Statistics (CBS) Consumer Confidence Index increased sharply prior to the conflict, mainly due to the sharp improvement in the components of expectations of the state of the economy in the coming year."
credit continued,2,15,14,"In the credit market, the slowing trend of bank and nonbank credit continued."
totaled about nis,3,15,14,"In March, new mortgage borrowing totaled about NIS 6.2 billion, higher than recent months  ."
new mortgage volume,3,15,13,"New mortgage volume is stabilizing after increasing since 2017, and mortgage interest rates have increased slightly in recent months, against the background of the increase in government bond yields  ."
activity point,2,15,13,Indicators of fourth quarter activity point to some acceleration in the growth rate.
assessment gdp,2,15,13,"According to the Research Department’s assessment, GDP is expected to grow by 3.4 percent in 2019, slightly lower than the previous forecast, and by 3.5 percent in 2020."
trends,1,15,13,"The Companies Survey indicates a sharp decline in business sector activity in the second quarter, and the Business Trends Survey shows only a slight improvement in June compared with April and May  ."
permits,1,15,13,There were sharp increases in building starts and building permits in the first quarter.
uncertainty alongside,2,15,13,"In view of the war, the Monetary Committee’s policy is focusing on stabilizing the markets and reducing uncertainty, alongside price stability and supporting economic activity."
alongside price,2,15,13,"In view of the war, the Monetary Committee’s policy is focusing on stabilizing the markets and reducing uncertainty, alongside price stability and supporting economic activity."
reducing uncertainty alongside,3,15,13,"In view of the war, the Monetary Committee’s policy is focusing on stabilizing the markets and reducing uncertainty, alongside price stability and supporting economic activity."
uncertainty alongside price,3,15,13,"In view of the war, the Monetary Committee’s policy is focusing on stabilizing the markets and reducing uncertainty, alongside price stability and supporting economic activity."
alongside price stability,3,15,13,"In view of the war, the Monetary Committee’s policy is focusing on stabilizing the markets and reducing uncertainty, alongside price stability and supporting economic activity."
stability and supporting,3,15,13,"In view of the war, the Monetary Committee’s policy is focusing on stabilizing the markets and reducing uncertainty, alongside price stability and supporting economic activity."
one year,2,15,13,"Inflation expectations from the various sources for one year and beyond are within the target range, in its upper portion."
bond yields declined,3,15,12,"In financial markets, there were sharp declines and volatility in most equity indices  , government bond yields declined, and corporate bond spreads widened."
renewed,1,15,12,"Equity indices recovered, in light of the expected halt in the process of monetary contraction, and renewed optimism regarding US-China trade negotiations."
percent higher,2,15,12,"The CPI for February increased by 0.1 percent, higher than the assessments prior to its publication, and in the past 9 months, excluding December, the annual inflation rate was 1.2 percent or higher  ."
rate was percent,3,15,12,"The CPI for February increased by 0.1 percent, higher than the assessments prior to its publication, and in the past 9 months, excluding December, the annual inflation rate was 1.2 percent or higher  ."
inflation remains,2,15,12,"Inflation in nontradables, a proxy for the domestic component of inflation, remains above the 2 percent level, and inflation in tradables increased from negative levels to near zero."
remains significant,2,15,12,"However, the level of the constraint remains significant, and higher than in the past."
record,1,15,11,"The ratio of job vacancies to total employee posts rose to a record level  , and wages continue to increase  , led by a relatively sharp rise in the business sector, encompassing a wide range of industries and all salary levels."
tension,1,15,11,"The tension between the Italian government and European authorities grew stronger, following the proposed budget that is expected to lead to an increase in the deficit in Italy."
service,1,15,11,"Israel Employment Service data indicate that in May, 141,000 people had returned to work and that there were 41,000 new jobseekers, though apparently the return to work is reported with a lag so that this is very likely to be an underestimation."
stable and low,3,15,11,"The credit market continues to function with stable and low interest rates, supported by a variety of measures taken by the Bank of Israel and the Ministry of Finance."
lack,1,15,10,"The global macroeconomic picture continues to convey a slowing of momentum, high volatility, and lack of certainty."
less,1,15,10,"The inflation rate over the preceding 12 months has been 1.5 percent, and it currently seems less likely that inflation will again fall below the lower bound of the target range."
remain significant,2,15,10,"The risks to the global economy remain significant, and the forecasts for world trade and growth in most regions were revised downward."
micro businesses,2,15,10,The loans are contingent on extending credit to small and micro businesses.
import,1,15,10,"Goods imports contracted as well, but the import of raw materials remained stable in view of the adverse impact on manufacturing being relatively moderate  ."
activity remains,2,15,10,"A press release on these measures is being published separately.​ v The process of removing restrictions has led to an improvement in economic activity, but the level of activity remains low."
economic recovery,2,15,10,The increase in the number of new cases of corona in recent weeks is weighing upon the economic recovery process.
banking,1,15,10,"In addition, a NIS 4 billion fund with greater banking system deferred payments for about 530,000 loans, totaling about NIS 6.8 billion to mid-June  ."
precrisis level,2,15,10,The number of home purchases in recent months increased to a higher level than the precrisis level for all purchaser types.
year cds,2,15,10,"The 5-year CDS spread also increased, and remains at high levels."
led to sharp,3,15,9,The spread of the crisis led to a sharp policy response by central banks and governments.
shekel has weakened,3,15,9,"Since the previous monetary policy decision, the shekel has weakened by 3.3 percent against the US dollar, by 3.4 percent in terms of the nominal effective exchange rate, and by 3.5 percent against the euro."
continues to decline,3,15,8,"Labor market data indicate that it remains tight—the unemployment rate continues to decline, and the latest data on the employment and participation rates show they declined slightly but remain high  ."
supply limitations,2,15,4,"The prices of agricultural commodities, metals, and oil increased, in view of the supply limitations and increased demand, and contributed to the continued increase in inflation, but inflation expectations remained near the central bank targets."
monitor,1,14,14,"The Bank of Israel continues to monitor developments in inflation, the real economy, the financial markets, and the global economy, and will act to attain the monetary policy targets in accordance with such developments."
composite state,2,14,14,"The Composite State of the Economy Index  , the Purchasing Managers Index and the Consumer Confidence Index  , and the Business Tendency Survey of the Central Bureau of Statistics all support this assessment, as do labor market data."
economy index,2,14,14,"The Composite State of the Economy Index  , the Purchasing Managers Index and the Consumer Confidence Index  , and the Business Tendency Survey of the Central Bureau of Statistics all support this assessment, as do labor market data."
briefing,1,14,14,"The next decision regarding the interest rate will be published at 16:00 on Monday, January 7, 2019, following which the Governor will hold a press briefing."
press briefing,2,14,14,"The next decision regarding the interest rate will be published at 16:00 on Monday, January 7, 2019, following which the Governor will hold a press briefing."
left its interest,3,14,14,"The ECB left its interest rate unchanged, and revised its growth and inflation forecasts downward, but noted that the chances of falling into a recession are very low."
continued orderly,2,14,14,"In view of the magnitude of the crisis’s adverse impact on economic activity, the Committee is utilizing a range of tools in order to increase the extent of the monetary policy accommodation and to ensure the continued orderly functioning of the financial markets."
continued orderly functioning,3,14,14,"In view of the magnitude of the crisis’s adverse impact on economic activity, the Committee is utilizing a range of tools in order to increase the extent of the monetary policy accommodation and to ensure the continued orderly functioning of the financial markets."
goods exports excluding,3,14,14,"Goods exports (excluding ships, aircraft, and diamonds, in dollars) recovered, and were higher in October and November than they were prior to the crisis."
domestic capital,2,14,14,"There was a positive trend in the domestic capital market, as share indices in Tel Aviv increased, similar to the global trend, and corporate bond spreads continued to narrow."
decision the cpi,3,14,14,"Since the previous interest rate decision, the CPI increased by 0.3 percent in December and by 0.2 percent in January."
israel continues,2,14,13,"The Bank of Israel continues to monitor developments in inflation, the real economy, the financial markets, and the global economy, and will act to attain the monetary policy targets in accordance with such developments."
partly in view,3,14,13,"However, the overall volume of credit to small businesses and of consumer credit contracted, partly in view of the decline in activity and in demand for credit, and partly in view of the increased risk for small businesses in industries negatively affected by the crisis."
focusing on stabilizing,3,14,13,"In view of the war, the Monetary Committee’s policy is focusing on stabilizing the markets and reducing uncertainty, and it has activated a program to sell foreign exchange and to provide liquidity in the swap and repo markets."
acceleration of inflation,3,14,13,"In the Committee’s assessment, there are several risks for a possible acceleration of inflation: geopolitical developments and their impact on economic activity, shekel depreciation, prolonged supply limitations, fiscal developments, and higher global oil prices."
stock,1,14,12,"In the past two months, Tel Aviv Stock Exchange equity indices declined by approximately 10 percent  , which is in line with the marked declines on major global equity indices  ."
unemployment rate declined,3,14,12,"Labor market data show that it remains tight: the unemployment rate declined slightly, the employment rate stabilized at a record high level, and the increase in wages continues."
policies,1,14,12,"The Monetary Committee's assessment is that in view of the turnaround in the inflation environment in Israel and in the monetary policies of major central banks, the slowing in the global economy, and the continued appreciation of the shekel, the interest rate will not be increased for an extended period."
increased sharply,2,14,12,"In mid-September, oil prices increased sharply following the attack on the Saudi oil installations, but then declined back to its third-quarter environment  . prior to this interest rate decision will be published on October 22, 2019."
economic activity point,3,14,12,"Most indicators of economic activity point to continued solid growth in the fourth quarter, and the labor market remains tight."
economic impact,2,14,12,"The Committee will expand the use of the existing tools, including the interest rate tool, and will be able to operate additional ones, to the extent that the crisis lengthens and it is necessary to achieve the monetary policy goals and to moderate the negative economic impact created as a result of the crisis."
jobs,1,14,12,"An analysis conducted by the Research Department based on real-time surveys by the Central Bureau of Statistics shows that between 500,000 and 570,000 workers remain on unpaid leave or were dismissed from their jobs due to the corona crisis, in addition to about 150,000 workers who were unemployed prior to the crisis."
supply chains,2,14,12,"The increase in orders for consumer goods and imports of goods for manufacturing, combined with the lack of manpower and storage space at the ports, are leading to difficulties in supply chains."
inflation indices,2,14,12,"Inflation indices in many countries are high, and in some of them the index has surpassed the inflation target."
real terms,2,14,12,"Nominal wages are increasing, and are above their precrisis trend, but there is some wage erosion in real terms, with real wages now around the trend that was forecast based on the precrisis trend  ."
target continued,2,14,12,"The interest rate path will be determined in accordance with the continued convergence of inflation to its target, continued stability in the financial markets, economic activity, and fiscal policy."
continued stability,2,14,12,"The interest rate path will be determined in accordance with the continued convergence of inflation to its target, continued stability in the financial markets, economic activity, and fiscal policy."
target continued stability,3,14,12,"The interest rate path will be determined in accordance with the continued convergence of inflation to its target, continued stability in the financial markets, economic activity, and fiscal policy."
medium-term,1,14,11,Medium-term expectations remained entrenched within the target range.
expectations remained,2,14,11,Medium-term expectations remained entrenched within the target range.
economy continues,2,14,11,The macro picture conveyed by the global economy continues to indicate declining momentum.
fed,1,14,11,"Likewise, global quantitative easing wound down, and in the coming months quantitative contraction is expected to begin, in view of the Fed contracting its balance sheet and the cessation of purchases by the ECB  ."
growth data,2,14,11,"In the US, growth data for the fourth quarter of 2018 were not published due to the partial government shutdown, but indicators point to slower growth in that quarter and in the first quarter of 2019."
percent percent,2,14,11,"Inflation in the past 12 months was 0.5 percent (compared with 1.5 percent at the time of the previous interest rate decision)  , while inflation excluding energy and fruit and vegetables was 0.9 percent (1.1 percent at the time of the previous interest rate decision)  ."
capital markets,2,14,11,"In the capital markets, there was an increase in forward expectations up to three years, and long-term expectations are anchored near the midpoint of the target range.  ."
remains relatively,2,14,11,"The removal of the restrictions led to growth on the supply side of the economy, but the level of demand remains relatively low, as shown by a number of indicators."
materials constraint,2,14,11,"In view of the continuing global supply chain difficulties, the intensity of the equipment and raw materials constraint reported by companies remained high."
raw materials constraint,3,14,11,"In view of the continuing global supply chain difficulties, the intensity of the equipment and raw materials constraint reported by companies remained high."
political,1,14,10,"The US economy remains robust, though the risks due to the worsening “trade war” and the heightened political risk in Europe continue to weigh on momentum."
actual,1,14,10,"After a continued rise in actual inflation since the beginning of 2018, the annual inflation rate has ranged between 1.2–1.4 percent in the past five months, and the “adjusted indices” are in a similar environment  ."
depreciated,1,14,10,"Since the increase in the interest rate, the nominal effective exchange rate has been relatively stable, after the shekel depreciated in the preceding weeks."
supply constraint,2,14,10,"All of these support the assessment that the economy is around full employment, thus creating a supply constraint."
deterioration,1,14,10,"Emerging markets are relatively stable, but the growth rate may be negatively impacted by a possible deterioration in the “trade war” and the effects of monetary contraction in advanced economies."
economic growth,2,14,10,"The second estimate of National Accounts data by the Central Bureau of Statistics also shows that economic growth in the fourth quarter of 2018 was in line with the long-term rate, and it is clear that the slowdown in mid-2018 was transitory  ."
readings,1,14,10,"The CPI for April was lower than pre-publication assessments, but CPI readings for the previous three months surprised to the upside, and year-on-year inflation is at a level similar to that of recent months."
response,1,14,10,The spread of the crisis led to a sharp policy response by central banks and governments.
constraint remains,2,14,10,"Corporate bond spreads have also started to widen again recently. v The Business Tendency Survey indicates some moderation in companies’ difficulty in obtaining credit, but the constraint remains greater than it was prior to the crisis."
significantly lower,2,14,10,"In view of the extension of the cut in oil production by OPEC member countries, the price of oil increased during the period, but remains significantly lower than it was at the beginning of the year  . ​ decision will be published on July 20, 2020."
increase in home,3,14,10,The pace of increase in home and rental prices moderated.
continues to recover,3,14,10,The global economy continues to recover against the background of the decline in the scope of morbidity around the world.
moderated slightly,2,14,10,"Services exports moderated slightly in August, but are at a high level  ."
respectively,1,14,10,"In the US, the general and core PCE indices declined more than expected, to 2.6 and 3.2 percent respectively."
apparently,1,14,9,"However, an analysis of the data and of updated indicators of activity—and considering the impact of volatility in vehicle imports on GDP—indicates that the economy is apparently converging to its potential growth rate."
inflationary,1,14,9,"At this point, there are no signs of an inflationary impact from the adverse shock to supply."
recovery of economic,3,14,9,The partial recovery of economic activity is only part reflected in the labor market.
loan,1,14,9,"In contrast, the banks enabled nearly a half-million businesses and households to defer loan repayments for several months, at a total amount of NIS 6.2 billion  ."
stable at percent,3,14,9,"The employment rate among those aged 15 and older was stable, at 60.9 percent in August, and the broad unemployment rate remained low in August, at 3.2 percent (seasonally adjusted,  )."
notable,1,14,8,Growth in those years will be positively impacted by notable activity of several large companies.
halted,1,14,8,"In the financial markets, there were increases in the equity indices  , and declines in government bond yields in view of the expectation that the process of global monetary contraction will be halted for now."
middle,1,14,8,"According to the Research Department’s assessment, as of the middle of May, the scope of the economy’s shutdown had declined by close to half in light of the removal of the restrictions."
pace of wage,3,14,8,"So far, the overall pace of wage increases according to the composition-adjusted index is close to its prepandemic trend  ."
baseline,1,14,7,"The baseline scenario guiding the assessments of most international financial institutions is that the spread of the virus will be halted in the coming months, and the overall impact on the global economy is expected to be limited."
consequences,1,14,7,"The war is having significant economic consequences, both on real activity and on the financial markets."
number of indicators,3,14,6,"The removal of the restrictions led to growth on the supply side of the economy, but the level of demand remains relatively low, as shown by a number of indicators."
potential rate,2,14,5,"For the past several quarters, the economy has been growing at near its potential rate."
manufacturing sector,2,13,13,"Growth in China continued to weaken in the fourth quarter as well, mainly in the manufacturing sector."
indices in israel,3,13,13,"Equity indices in Israel have increased significantly since the last interest rate decision, after marked declines in the final two months of 2018  , in line with major equity indices worldwide  ."
reserve left,2,13,13,"In the US, the Federal Reserve left the federal funds rate unchanged, but its announcement was interpreted as a signal that it is expected to begin implementing an accommodative policy due to intensifying risks and a decline in inflation expectations."
federal reserve left,3,13,13,"In the US, the Federal Reserve left the federal funds rate unchanged, but its announcement was interpreted as a signal that it is expected to begin implementing an accommodative policy due to intensifying risks and a decline in inflation expectations."
range of tools,3,13,13,"In view of the magnitude of the crisis’s adverse impact on economic activity, the Committee is utilizing a range of tools in order to increase the extent of the monetary policy accommodation and to ensure the orderly functioning of the financial markets."
economic expansion,2,13,13,"The global Purchasing Managers’ Index continues to increase, indicating economic expansion, and for the first time since the outbreak of the COVID-19 crisis, the index for the services sector indicates a higher level than for the manufacturing sector."
neutralization,1,13,13,"Net of energy and fruits and vegetables, inflation is 3 percent, and with the further neutralization of the effects of taxation and regulation, it is 2.7 percent  ."
businesses positive,2,13,13,"The aggregate balance of the Central Bureau of Statistics Business Tendency Survey for March increased, and continued to reflect businesses’ positive assessments of their situation  .According to the survey, the net balance is also positive in the hotels industry for the first time in a number of months."
positive assessments,2,13,13,"The aggregate balance of the Central Bureau of Statistics Business Tendency Survey for March increased, and continued to reflect businesses’ positive assessments of their situation  .According to the survey, the net balance is also positive in the hotels industry for the first time in a number of months."
businesses positive assessments,3,13,13,"The aggregate balance of the Central Bureau of Statistics Business Tendency Survey for March increased, and continued to reflect businesses’ positive assessments of their situation  .According to the survey, the net balance is also positive in the hotels industry for the first time in a number of months."
real wages,2,13,13,"Nominal wages are increasing, and are above their precrisis trend, but there is some wage erosion in real terms, with real wages now around the trend that was forecast based on the precrisis trend  ."
underperformance,1,13,13,"In the domestic capital market, equity indices are at a level similar to that of the beginning of the year, reflecting underperformance compared with equity indices worldwide."
dollar-denominated government bonds,3,13,13,"The risk premium as measured by the CDS, and the spread between dollar-denominated government bonds and US Treasury bills, moderated slightly but remain high."
vegetables the annual,3,13,13,"Net of energy and fruit and vegetables, the annual inflation rate is the same as it was in the previous month—3.3 percent  ."
home prices declined,3,13,12,"Home prices declined by 1.4 percent in 2018, even though the most recent monthly figure showed an increase of 0.2 percent  ."
followed,1,13,12,"The next decision regarding the interest rate will be published at 16:00 on Monday, October 7, 2019, followed by a press briefing by the Governor."
tool,1,13,12,"The Committee will expand the use of the existing tools, including the interest rate tool, and will be able to operate additional ones, to the extent that the crisis lengthens and it is necessary to achieve the monetary policy goals and to moderate the negative economic impact created as a result of the crisis."
blocs,1,13,12,"China’s economy is particularly robust, and is the only one among the large economic blocs where positive growth is expected in 2020."
higher pace,2,13,12,"Home prices increased by 10.3 percent in the past 12 months  , a significantly higher pace than in previous years."
segments,1,13,12,"However, on a historical level, the financing constraint remains relatively low in all segments.  ."
legislative changes,2,13,12,"In the scenario in which the dispute regarding the legislative changes concerning the judicial system is resolved in a way that does not have any effect on economic activity going forward, the Research Department’s analysis is carried out similar to every quarter."
residential construction,2,13,11,"Private consumption grew moderately, and investment continued to contract, despite the firming of residential construction investment after it had declined over several quarters."
growing,1,13,11,"After the growth rate slowed in the second and third quarters of 2018, the findings from the fourth quarter Companies Survey   and data on tax revenues support the assessment that the economy is growing at a pace hovering around the long term path."
longer,1,13,11,"Despite the continued increases in the interest rates of the US and some other economies, US markets are no longer pricing in an additional rise, and European markets have pushed off the timing of an expected interest rate increase."
showed,1,13,11,"Home prices declined by 1.4 percent in 2018, even though the most recent monthly figure showed an increase of 0.2 percent  ."
signaled,1,13,11,Major central banks signaled that the process of monetary contraction will cease for now.
year over year,3,13,11,"A further decline in the year over year inflation rate is expected over the coming months, one-year expectations are close to the lower bound of the target range  , and there was a decline in forward expectations up to three years."
reduce,1,13,11,"However, uncertainty regarding the measures to be taken by the government to reduce the deficit following the elections is leading to increased uncertainty about developments in the domestic economy."
conditions,1,13,11,"Similar to global yields, medium- and long-term government bond yields declined sharply and eased financial conditions in the economy."
operate,1,13,11,"However, the political situation remains uncertain, and if the government is forced to operate on a continuance budget for a prolonged period, it may have a contractionary effect."
government budget deficit,3,13,11,"The government budget deficit is expected to increase to 11 percent of GDP in 2020, taking into account the budget plan announced by the government to deal with the crisis and the expected decline in revenues due to a slowdown in activity."
volume of activity,3,13,11,Central Bureau of Statistics flash surveys showed continued improvement in firms’ expectations regarding their volume of activity.
state budget,2,13,11,The Knesset dispersed without passing the state budget for 2021.
continued increase,2,13,10,"The continued increase in wages and the economy being around full employment will support a continued rise in inflation toward the midpoint of the target, as will the depreciation, to the extent it persists."
back,1,13,10,"Oil prices continued to decline until recently, despite the decision by oil producers to cut back on output  . interest rate decision will be published on January 21, 2019."
medium and long-term,3,13,10,"Similar to global yields, medium- and long-term government bond yields declined sharply and eased financial conditions in the economy."
food,1,13,10,"Inflation in the past 12 months is 0.4 percent, and in the past two months, there has also been a decline in inflation excluding energy and fruits and vegetables, in view of the appreciation of the shekel and the slowdown in the increases of housing and food prices."
signs,1,13,10,"In Japan, there was significantly negative growth in the fourth quarter following a number of one-off effects, and there are signs that the slowdown will continue."
yet,1,13,10,"Real time indicators of economic activity point to a recovery in some industries, though the level of activity continues to be low and in the industries in which the main limitations have not yet been removed it remains around the lowest level, and the recovery is reflected only partly in the labor market."
percent net,2,13,10,"The CPI increased by 0.3 percent in October, and inflation in the past 12 months is -0.8 percent (-0.4 percent net of energy and fruit and vegetables)."
sources increased,2,13,10,Inflation expectations for the coming year from the various sources increased slightly but remain below the lower bound of the target range.
continued expansion,2,13,10,"The global Purchasing Managers’ Index increased in March, and indicates continued expansion of activity."
vehicle imports,2,13,9,"However, an analysis of the data and of updated indicators of activity—and considering the impact of volatility in vehicle imports on GDP—indicates that the economy is apparently converging to its potential growth rate."
around the lower,3,13,9,"In the coming months, inflation is expected to range around the lower bound of the target."
recovery following,2,13,9,"In Japan, the economic activity data published in the fourth quarter indicate a recovery, following contraction in the third quarter."
last interest,2,13,9,"Since the last interest rate decision, the shekel strengthened by 2 percent in nominal effective exchange rate terms."
last interest rate,3,13,9,"Since the last interest rate decision, the shekel strengthened by 2 percent in nominal effective exchange rate terms."
mainly in view,3,13,9,"The risks to the global economy increased, mainly in view of the increasing severity of the ""trade war"", despite first-quarter growth in major economies surprising to the upside."
continues to grow,3,13,9,"Economic activity continues to grow at close to its potential rate, and thus far it seems that activity in Israel is not being adversely affected by the negative global sentiment."
constraint reported,2,13,9,"The number of job vacancies continued to increase, continuing to the trend since the beginning of the year, and the employee hiring constraint reported by firms continues to weigh on the expansion of activity."
months significantly,2,13,9,"Home prices increased by 10.3 percent in the past 12 months, a significantly higher rate than in recent years."
past months significantly,3,13,9,"Home prices increased by 10.3 percent in the past 12 months, a significantly higher rate than in recent years."
months significantly higher,3,13,9,"Home prices increased by 10.3 percent in the past 12 months, a significantly higher rate than in recent years."
chain difficulties,2,13,9,"In view of the continued global supply chain difficulties, there was an increase in the intensity of the equipment and raw materials constraints that companies reported  ."
supply chain difficulties,3,13,9,"In view of the continued global supply chain difficulties, there was an increase in the intensity of the equipment and raw materials constraints that companies reported  ."
increased its interest,3,13,9,"In the UK, inflation increased sharply, to 5.1 percent, and the Bank of England increased its interest rate by 15 basis points to 0.25 percent."
quarterly,1,13,8,"According to the Research Department’s assessment, GDP contracted by approximately 5 percent in the first quarter (quarterly terms)."
ministry,1,13,8,An analysis of the negative impact on private consumption—in accordance with the magnitude of the Ministry of Health’s limitations on the various consumption items and the weight of each item in the household consumption basket—indicates that private consumption is about 27 percent lower than its pre-crisis level.
following the sharp,3,13,8,"Goods exports continued to recover in May following the sharp decline in March, but remain lower than they were prior to the crisis."
rapid recovery,2,13,8,"Real time indicators of activity show that after the relatively rapid recovery of economic activity in June, the pace of recovery has slowed in July and August."
scenarios,1,13,8,The Research Department’s staff forecast describes 2 possible scenarios.
appreciated by percent,3,13,7,"Since the previous interest rate decision, the shekel appreciated by 1.2 percent in terms of the nominal effective exchange rate."
severity,1,13,7,"The risks to the global economy increased, mainly in view of the increasing severity of the ""trade war"", despite first-quarter growth in major economies surprising to the upside."
environment remains low,3,13,7,​The inflation environment remains low.
fund,1,13,7,"In Israel, the sharp increase in government bond yields and in corporate bond spreads was halted following measures taken by the Bank of Israel and the halt of mutual fund withdrawals."
shekel has appreciated,3,13,7,"Since the last interest rate decision, the shekel has appreciated by approximately 0.5 percent against the US dollar."
military operation,2,13,6,"Following Operation Rising Lion (the military operation against Iran), Israel’s risk premium declined significantly, but it remains higher than it was before the October 7, 2023 massacre."
coronavirus,1,13,5,"The outbreak of the coronavirus in China is casting uncertainty regarding future economic activity globally and in Israel, and regarding the impact on inflation and on the financial markets."
removal,1,13,5,"According to the Research Department’s assessment, as of the middle of May, the scope of the economy’s shutdown had declined by close to half in light of the removal of the restrictions."
uncertainty with regard,3,13,4,"In view of the decline in demand, and along with supply side limitations due to the war, there is considerable uncertainty with regard to the development of inflation in the coming period."
attain,1,12,12,"The Bank of Israel continues to monitor developments in inflation, the real economy, the financial markets, and the global economy, and will act to attain the monetary policy targets in accordance with such developments."
growth in china,3,12,12,Growth in China continues to weaken.
government bonds increased,3,12,12,The yield spreads between corporate bonds and comparable government bonds increased.
ecb left,2,12,12,"The ECB left its interest rate unchanged, and revised its growth and inflation forecasts downward, but noted that the chances of falling into a recession are very low."
recent years,2,12,12,"Forecasts of world trade and of growth for most regions were revised downward  , the slowdown in world trade continues  , and in contrast to the trend in recent years, the pace of growth in trade is expected to be lower than the growth rate of global output."
global growth forecast,3,12,12,"Investment houses’ global growth forecast for 2020 were revised slightly downward, while the revision for growth in China is more significant  ."
rate tool,2,12,12,"The Committee will expand the use of the existing tools, including the interest rate tool, and will be able to operate additional ones, to the extent that the crisis lengthens and it is necessary to achieve the monetary policy goals and to moderate the negative economic impact created as a result of the crisis."
including the interest,3,12,12,"The Committee will expand the use of the existing tools, including the interest rate tool, and will be able to operate additional ones, to the extent that the crisis lengthens and it is necessary to achieve the monetary policy goals and to moderate the negative economic impact created as a result of the crisis."
interest rate tool,3,12,12,"The Committee will expand the use of the existing tools, including the interest rate tool, and will be able to operate additional ones, to the extent that the crisis lengthens and it is necessary to achieve the monetary policy goals and to moderate the negative economic impact created as a result of the crisis."
domestic capital market,3,12,12,"There was a positive trend in the domestic capital market, as share indices in Tel Aviv increased, similar to the global trend, and corporate bond spreads continued to narrow."
rates unchanged,2,12,12,The central banks left their interest rates unchanged and did not change their purchasing programs.
interest rates unchanged,3,12,12,The central banks left their interest rates unchanged and did not change their purchasing programs.
accompanied by tight,3,12,12,"The Israeli economy is recording strong growth, accompanied by a tight labor market and an increase in the inflation environment."
accordance with activity,3,12,12,"The pace of raising the interest rate will be determined in accordance with activity data and the development of inflation, in order to continue supporting the attainment of the policy goals."
inflation in order,3,12,12,"The pace of raising the interest rate will be determined in accordance with activity data and the development of inflation, in order to continue supporting the attainment of the policy goals."
nominal wages,2,12,12,The pace of increase in nominal wages between the precrisis period and recent months (until January 2022) is similar to the trend of wage increases in the two years preceding the crisis.
receipts,1,12,12,Direct and indirect tax receipts continued to increase rapidly.
average percent,2,12,12,The unemployment rate among the prime working ages (25–64) is expected to average 3.5 percent in 2023.
expected to average,3,12,12,The unemployment rate among the prime working ages (25–64) is expected to average 3.5 percent in 2023.
post,1,12,12,The real wage per employee post declined slightly but remains near the trend line  .
employee post,2,12,12,The real wage per employee post declined slightly but remains near the trend line  .
year forward,2,12,12,"According to the various sources, inflation expectations for one year forward are within the target range  ."
expectations for one,3,12,12,"According to the various sources, inflation expectations for one year forward are within the target range  ."
one year forward,3,12,12,"According to the various sources, inflation expectations for one year forward are within the target range  ."
slight increase,2,12,11,"The number of transactions and mortgage volume appear to be stabilizing, with a slight increase in mortgage interest rates."
mortgage interest,2,12,11,"The number of transactions and mortgage volume appear to be stabilizing, with a slight increase in mortgage interest rates."
mortgage interest rates,3,12,11,"The number of transactions and mortgage volume appear to be stabilizing, with a slight increase in mortgage interest rates."
yield spreads,2,12,11,"In the past month, there was a slight increase in the yield spreads between corporate bonds and comparable government bonds."
widened,1,12,11,"In financial markets, there were marked declines in most equity indices  , and bond spreads widened."
stabilize around,2,12,11,"The Committee assesses that the rising path of the interest rate in the future will be gradual and cautious, in a manner that supports a process at the end of which inflation will stabilize around the midpoint of the target range, and that supports economic activity."
global equity,2,12,11,"In the past two months, Tel Aviv Stock Exchange equity indices declined by approximately 10 percent  , which is in line with the marked declines on major global equity indices  ."
narrowed,1,12,11,"Moderate growth in mortgage volume continued; mortgage interest rates rose moderately, while the spread between them and government bond yields has narrowed  ."
inflation remained,2,12,11,"In Europe, there was a slowdown in growth, and industrial production continues to contract, particularly in Germany and Italy, and inflation remained low."
remains moderate,2,12,11,"In Europe, growth remains moderate, and industrial production continues to contract, particularly in Germany."
remain low,2,12,11,"Inflation is expected to remain low in the coming months, but most one-year forecasts and expectations remain around the lower bound of the target range  ."
shipping,1,12,11,"Inflation expectations increased against the background of the rapid recovery in economic activity and the accommodative policy, the increases in the prices of raw materials, the increase in maritime shipping costs, and the increase in the global inflation environment."
building permits,2,12,11,There were sharp increases in building starts and building permits in the first quarter.
slight decline,2,12,10,"Expectations for medium terms remained entrenched within the target range, though there has been a slight decline recently in longer-term expectations."
factors,1,12,10,"The steep decline in oil prices in recent weeks may offset the factors supporting inflation, but its impact on the “adjusted indices” will be limited."
deferral,1,12,10,"Retail sales declined sharply, stemming in part from the deferral of US federal government workers’ salaries."
three months,2,12,10,"The CPI for April was lower than pre-publication assessments, but CPI readings for the previous three months surprised to the upside, and year-on-year inflation is at a level similar to that of recent months."
months home,2,12,10,"In recent months, home prices reverted to registering moderate increases, and have increased by approximately 0.5 percent in the past year  ."
months home prices,3,12,10,"In recent months, home prices reverted to registering moderate increases, and have increased by approximately 0.5 percent in the past year  ."
currently,1,12,10,"The inflation rate over the preceding 12 months has been 1.5 percent, and it currently seems less likely that inflation will again fall below the lower bound of the target range."
equity markets,2,12,10,"For most of the period since the previous interest rate decision, equity markets in Israel were relatively stable, but in recent days, there have been sharp price declines."
significant decline,2,12,10,Prices of oil and commodities used in manufacturing declined in view of an expectation of a significant decline in demand from China  .
hotels,1,12,10,"In February and March, for the first time since the crisis began, the average level of difficulty reported by companies in raising credit declined in all industries, other than hotels, and returned to the precrisis levels."
slowdown in economic,3,12,10,"The slowdown in economic activity led to a sharp decline in commodity prices, and the price of oil dropped by tens of percent, against the background as well of a lack of agreement between the main oil producers to cut output. decision will be published on April 20, 2020."
months declined,2,12,10,"The CPI for October increased by 0.1 percent, and inflation over the preceding 12 months declined to 2.3 percent."
increase in rental,3,12,10,The increase in rental prices also moderated to 1.2 percent.
reported by companies,3,12,10,"However, according to the Business Tendency Survey, the difficulty in raising bank credit reported by companies—particularly small ones—is still greater than it was prior to the crisis."
new mortgages taken,3,12,10,"The volume of new mortgages taken out in July was similar to the record set in June, further to the high mortgage volumes since the beginning of the year  ."
emerging economies,2,12,9,Emerging economies are relatively stable.
peak,1,12,9,"Labor market data show that it remains tight—the unemployment rate remains low, although there was an increase in unemployment benefit claims in recent months; the share of job vacancies out of total employee posts is at a peak  ; and wages continue to increase  ."
economy continued,2,12,9,"The US economy continued to grow at a rapid pace, but the rate is expected to moderate slightly in the fourth quarter."
continues to expand,3,12,9,"Mortgage volume continues to expand, and mortgage interest rates continue to rise moderately  ."
rate continues,2,12,9,"Labor market data indicate that it remains tight—the unemployment rate continues to decline, and the latest data on the employment and participation rates show they declined slightly but remain high  ."
pace of growth,3,12,9,"Forecasts of world trade and of growth for most regions were revised downward  , the slowdown in world trade continues  , and in contrast to the trend in recent years, the pace of growth in trade is expected to be lower than the growth rate of global output."
natural,1,12,9,"GDP is expected to grow by 2.9 percent, of which about 0.3 percentage points is due to the one-off effect of the start of natural gas production from the Leviathan field."
gas,1,12,9,"GDP is expected to grow by 2.9 percent, of which about 0.3 percentage points is due to the one-off effect of the start of natural gas production from the Leviathan field."
natural gas,2,12,9,"GDP is expected to grow by 2.9 percent, of which about 0.3 percentage points is due to the one-off effect of the start of natural gas production from the Leviathan field."
increase to percent,3,12,9,"The government budget deficit is expected to increase to 11 percent of GDP in 2020, taking into account the budget plan announced by the government to deal with the crisis and the expected decline in revenues due to a slowdown in activity."
leisure,1,12,9,"In industries in which the main limitations have not yet been removed (such as tourism, restaurants, education and leisure), the level of purchases remains near the lowest point  ."
programs,1,12,9,The governments of many countries are operating wide-scale assistance programs in order to moderate the negative impact of the crisis and incentivize economic activity.
percent percent net,3,12,9,"The CPI increased by 0.3 percent in October, and inflation in the past 12 months is -0.8 percent (-0.4 percent net of energy and fruit and vegetables)."
low interest,2,12,9,"The credit market continues to function with stable and low interest rates, supported by a variety of measures taken by the Bank of Israel and the Ministry of Finance."
low interest rates,3,12,9,"The credit market continues to function with stable and low interest rates, supported by a variety of measures taken by the Bank of Israel and the Ministry of Finance."
surplus,1,12,9,"The increase in the Current Account surplus continued in the third quarter, with an increase in the surplus in the services account and a reduction of the deficit in the goods account."
significant increase,2,12,9,"An examination of activity in industries that were significantly impacted by the restrictions (restaurants, tourism and leisure services, and education) shows that in these industries as well, there was a significant increase in activity  ."
remain higher,2,12,9,"Goods exports (excluding ships, aircraft, and diamonds) remained unchanged, and remain higher than their precrisis levels."
prewar levels,2,12,9,"Long-term government bond yields declined at a more moderate rate than the global trend, and corporate bond spreads, which widened at the start of the war, returned to their prewar levels."
percent respectively,2,12,9,"In the US, the general and core PCE indices declined more than expected, to 2.6 and 3.2 percent respectively."
converge,1,12,9,"Most central banks are still concerned about inflation in the price of services, which remains sticky and is making it difficult for inflation to converge to the targets."
recently,1,12,8,"Inflation in tradable goods prices moderated, primarily as a result of a slowdown in the annual rate of increase in energy prices, despite the increase in oil prices until recently and the depreciation of the shekel."
remained anchored,2,12,8,"Short- and medium-term inflation expectations declined, with one-year expectations ranging around the lower bound of the target range, but long-term expectations remained anchored near the midpoint of the target range."
finance,1,12,8,"The credit market continues to function well and interest rates are stable , supported by a variety of measures taken by the Bank of Israel and the Ministry of Finance."
contributed,1,12,8,"Government bond yields remain low, and Bank of Israel activity in the corporate bond market contributed to a notable decline in spreads."
level of gdp,3,12,8,"In 2022, growth of 5 percent is expected, so that the level of GDP in 2022 is expected to be only approximately 1.4 percent lower than the level that had been expected prior to the crisis."
quarter data,2,12,8,"According to the first estimate of National Accounts data for the first quarter, GDP contracted by an annual rate of 6.5 percent, but first quarter data reflect a complex picture."
adjusted employment,2,12,8,"Since the exit from the third lockdown, there has been an increase in the adjusted employment rate (according to which COVID-19 absentees are not considered employed), to 56.6 percent in May, while the rate was 61 percent in 2019, prior to the crisis."
adjusted employment rate,3,12,8,"Since the exit from the third lockdown, there has been an increase in the adjusted employment rate (according to which COVID-19 absentees are not considered employed), to 56.6 percent in May, while the rate was 61 percent in 2019, prior to the crisis."
housing market continues,3,12,8,The volume of activity in the housing market continues to moderate.
halt,1,12,7,"Equity indices recovered, in light of the expected halt in the process of monetary contraction, and renewed optimism regarding US-China trade negotiations."
slowdown in world,3,12,7,"The slowdown in world trade is becoming more severe, and includes emerging markets as well."
monetary accommodation,2,12,7,The expectation in global financial markets is that major central banks will renew the process of monetary accommodation.
growth is expected,3,12,7,"Inflation increased slightly, but remains slightly below the target, and third quarter growth is expected to be moderate, in addition to the slowdown that was recorded in the second quarter."
stage,1,12,7,It appears that the process of deepening monetary accommodation by the major central banks has reached its limit at this stage.
recent days,2,12,7,"Medium-and long-term forward inflation expectations derived from the bond market remained largely stable since the previous interest rate decision, and have increased slightly in recent days  ."
following sharp,2,12,7,There was an increase in consumer credit taken out by households in May following a sharp decline in April.
precrisis levels,2,12,6,"Foreign trade data indicate that goods exports (excluding ships, aircraft, and diamonds, in dollars) declined slightly in December and January, but remain similar to their precrisis levels."
gradual recovery,2,12,6,"Indicators of economic activity during the war point to an initial contraction of business activity, with some recent gradual recovery."
adjustments,1,12,6,"Among other things, these adjustments include taxation measures that will affect the inflation forecast."
weighing,1,12,5,"In Europe, there was a slowdown in growth, and industrial production continues to contract, weighing particularly on the manufacturing-intensive German economy."
rating,1,12,5,"During the reviewed period, the Moody’s credit rating agency lowered its ratings forecast for Israel from positive to stable, and left its rating unchanged."
gaza,1,12,5,"The State of Israel is involved in a war that began about two weeks ago when terrorist organizations in Gaza committed a murderous atrocity in Israel, violating every basic rule of morality and humanity."
tariff,1,12,5,"Inflation expectations for the next two years continued to increase, partly due to concerns about the government’s tariff policy."
variant,1,12,4,"However, since mid-June, we have been witnessing an increase in the number of confirmed cases of COVID-19, as a result of the spread of the “Delta Variant”."
imposition,1,12,3,"However, the imposition of the second lockdown in September, following an increase in morbidity, led to a sharp decline in activity and in demand."
omicron,1,12,3,"However, the increase in the morbidity rate and in the infection coefficient due to the “Omicron” variant, increase the risk to activity and may have macroeconomic significance in accordance with their scope."
monitor developments,2,11,11,"The Bank of Israel continues to monitor developments in inflation, the real economy, the financial markets, and the global economy, and will act to attain the monetary policy targets in accordance with such developments."
real economy,2,11,11,"The Bank of Israel continues to monitor developments in inflation, the real economy, the financial markets, and the global economy, and will act to attain the monetary policy targets in accordance with such developments."
continues to monitor,3,11,11,"The Bank of Israel continues to monitor developments in inflation, the real economy, the financial markets, and the global economy, and will act to attain the monetary policy targets in accordance with such developments."
developments in inflation,3,11,11,"The Bank of Israel continues to monitor developments in inflation, the real economy, the financial markets, and the global economy, and will act to attain the monetary policy targets in accordance with such developments."
inflation the real,3,11,11,"The Bank of Israel continues to monitor developments in inflation, the real economy, the financial markets, and the global economy, and will act to attain the monetary policy targets in accordance with such developments."
act to attain,3,11,11,"The Bank of Israel continues to monitor developments in inflation, the real economy, the financial markets, and the global economy, and will act to attain the monetary policy targets in accordance with such developments."
attain the monetary,3,11,11,"The Bank of Israel continues to monitor developments in inflation, the real economy, the financial markets, and the global economy, and will act to attain the monetary policy targets in accordance with such developments."
monetary policy targets,3,11,11,"The Bank of Israel continues to monitor developments in inflation, the real economy, the financial markets, and the global economy, and will act to attain the monetary policy targets in accordance with such developments."
targets in accordance,3,11,11,"The Bank of Israel continues to monitor developments in inflation, the real economy, the financial markets, and the global economy, and will act to attain the monetary policy targets in accordance with such developments."
confidence,1,11,11,"The Composite State of the Economy Index  , the Purchasing Managers Index and the Consumer Confidence Index  , and the Business Tendency Survey of the Central Bureau of Statistics all support this assessment, as do labor market data."
consumer confidence,2,11,11,"The Composite State of the Economy Index  , the Purchasing Managers Index and the Consumer Confidence Index  , and the Business Tendency Survey of the Central Bureau of Statistics all support this assessment, as do labor market data."
germany,1,11,11,"The major economies in Europe convey a mixed picture—there was positive growth in France and Spain, while contraction was seen in Germany and Italy."
exports remain,2,11,11,"Growth was driven by private consumption, while investment in residential construction has continued to contract for several quarters and goods exports remain sluggish."
rate continued,2,11,11,The appreciation is delaying the inflation rate’s continued rise toward the midpoint of the target range.
indicate slowdown,2,11,11,"There is an apparent decline in the share of companies in the Business Tendency Survey reporting a severe constraint in export orders, but foreign trade data indicate a slowdown in goods exports in April."
oil prices declined,3,11,11,"Oil prices declined since the previous interest rate decision, in view of the continued increase in supply from the US and despite increased geopolitical risk  . prior to this interest rate decision will be published on July 22, 2019."
prices of tradable,3,11,11,"Inflation of nontradable goods prices continued to moderate, and inflation in the prices of tradable goods remained negative."
index declined,2,11,11,"In contrast, the Purchasing Managers Index declined significantly in August, and indicates a contraction of activity."
yields increased,2,11,11,"Medium- and long-term government bond yields increased following the previous interest rate decision, but then declined again, similar to developments in US yields  ."
rate remained,2,11,11,"The unemployment rate remained low, while the employment and participation rates increased  , and wage increases continue despite a moderate decline in the job vacancy rate and a halt in the increase in employee posts."
global growth forecasts,3,11,11,"Global growth forecasts for 2020 were revised slightly downward, and the slowdown in world trade continues."
use,1,11,11,"The Committee will expand the use of the existing tools, including the interest rate tool, and will be able to operate additional ones, to the extent that the crisis lengthens and it is necessary to achieve the monetary policy goals and to moderate the negative economic impact created as a result of the crisis."
net balance,2,11,11,"Companies Survey data for the third quarter show that the net balance increased to a higher level than during the first quarter of 2020, but its level still reflects a strong contraction of activity."
european central,2,11,11,"The European Central Bank left its interest rate unchanged, but there are increasing assessments in the eurozone that the ECB will begin raising its interest rate later in the year."
european central bank,3,11,11,"The European Central Bank left its interest rate unchanged, but there are increasing assessments in the eurozone that the ECB will begin raising its interest rate later in the year."
statistics data,2,11,11,"According to Central Bureau of Statistics data, there was a slowdown in building starts in the fourth quarter of 2022, but the annual level remained high—about 67,000 in 2022."
one-off revenues,2,11,11,"Tax revenues remained slightly higher than expected in recent months, and after seasonal adjustment and one-off revenues, tax revenues are about 5 percent higher than the real long-term path."
noted,1,11,10,"In the US, as noted, the high growth continued, driven by private consumption and the improvement in manufacturing activity, while the fiscal expansion’s impact is expected to dissipate in 2020."
weak,1,11,10,"Germany and Italy are notably weak, with the latter slipping into a recession."
export orders,2,11,10,"There is an apparent decline in the share of companies in the Business Tendency Survey reporting a severe constraint in export orders, but foreign trade data indicate a slowdown in goods exports in April."
approved,1,11,10,"In Japan, the moderation of economic activity since the beginning of the year continued, and its parliament approved an incentive program to support the economy."
indices increased,2,11,10,"In the financial markets, equity indices increased  , and government bond yields declined sharply, in view of the expectation that the process of monetary accommodation by major central banks will resume."
long-term government bond,3,11,10,"Similar to global yields, medium- and long-term government bond yields declined sharply and eased financial conditions in the economy."
revision,1,11,10,"Investment houses’ global growth forecast for 2020 were revised slightly downward, while the revision for growth in China is more significant  ."
considerable,1,11,10,"The ECB left its interest rate unchanged, and signaled that it expects to leave its policy in place for a considerable time."
commodities,1,11,10,Prices of oil and commodities used in manufacturing declined in view of an expectation of a significant decline in demand from China  .
equity prices,2,11,10,"The crisis led to a shock in capital markets in Israel and worldwide, with steep declines in equity prices and an increase in volatility and risk."
composition,1,11,10,There was a sharp change in the composition of households’ consumption basket.
average wage,2,11,10,The excess demand for labor has thus far not been reflected in an increased pace of growth in the average wage  .
mainly reflects,2,11,10,"However, following the high growth recorded in the second quarter, the pace of growth slowed in the third quarter, with a decline in private consumption that mainly reflects a decline in the consumption of durable goods  ."
temporary absentees,2,11,10,"The rate of temporary absentees due to reserve duty continued to decline, to 0.6 percent in January."
rate of temporary,3,11,10,"The rate of temporary absentees due to reserve duty continued to decline, to 0.6 percent in January."
cpi reading,2,11,9,"The inflation environment has stabilized above the lower bound of the target range, even though the CPI reading for November declined by 0.3 percent and was slightly lower than expected."
two months,2,11,9,"In the past two months, Tel Aviv Stock Exchange equity indices declined by approximately 10 percent  , which is in line with the marked declines on major global equity indices  ."
forecasts downward,2,11,9,"Investment houses revised their growth forecasts downward for most regions  , and the moderation in world trade continues among the advanced economies  ."
recession,1,11,9,"Germany and Italy are notably weak, with the latter slipping into a recession."
greater,1,11,9,"The ECB left its interest rate unchanged, and its president noted that there are greater   expectations for a slowdown in growth in 2019."
previous year,2,11,9,"Investment in residential construction seems to be recovering in 2019, after having contracted in the previous year."
low level,2,11,9,"In the past 12 months, inflation was 0.3 percent  , and inflation excluding energy and fruit and vegetables stabilized at a low level, which may indicate a lower basic inflation rate than in previous months  ."
later,1,11,9,"In this scenario, the growth rate in later quarters is expected to compensate, so that the overall effect on the global economy will be limited."
particularly high,2,11,9,"The scope of the shutdown is particularly high in industries in which wages are low, so that the ability of workers in those industries to bear a long shutdown is relatively limited."
professional,1,11,9,"Inflation expectations derived from the capital market declined since the second week in June, and continued to decline after the publication of the May CPI reading, while projections by professional forecasters increased slightly following the CPI publication."
medium businesses,2,11,9,The government increased the volume of the fund for the provision of government-guaranteed credit to small and medium businesses by a further NIS 4 billion.
payments,1,11,9,"In addition, a NIS 4 billion fund with greater banking system deferred payments for about 530,000 loans, totaling about NIS 6.8 billion to mid-June  ."
temporarily,1,11,9,The increase was mainly due to the growth in the number of workers who were temporarily absent from their jobs.
temporarily absent,2,11,9,The increase was mainly due to the growth in the number of workers who were temporarily absent from their jobs.
function well,2,11,9,"The credit market continues to function well and interest rates are stable , supported by a variety of measures taken by the Bank of Israel and the Ministry of Finance."
level of economic,3,11,9,"The global Purchasing Managers Index increased slightly and continues to indicate a relatively high level of economic expansion, particularly in the services sector  ."
raising the interest,3,11,9,The Fed also announced its intention to reduce its balance sheet and to begin a process of raising the interest rate in view of the further increase in the inflation rate (in CPI terms) to an annual rate of 7.5 percent.
pace of global,3,11,9,"The war in Ukraine and the increase in morbidity in China are deepening the interruptions in the global production chains, increasing inflationary pressure, and leading to some slowdown in the pace of global economic activity."
demand for workers,3,11,9,"The number of filled employee posts (as of January 2022) has not yet returned to its precrisis level, but total demand for workers (number of job vacancies plus the number of filled positions) has returned to the trend line."
renewing contracts,2,11,9,"Alongside this, the annual increase in rents (in renewing contracts) was 3.2 percent."
level remains,2,11,9,"The labor market remains tight, and the GDP level remains higher than the long-term trend."
current prices,2,11,9,"Credit card expenditure data in current prices show an increase in March, following some moderation in January and February  ."
continue to weigh,3,11,8,"The US economy remains robust, though the risks due to the worsening “trade war” and the heightened political risk in Europe continue to weigh on momentum."
lower than expected,3,11,8,"​The inflation rate has stabilized above the lower bound of the target range, notwithstanding the slightly lower than expected decline of 0.3 percent in the CPI for November."
percent and percent,3,11,8,"In the past six months, the annual inflation rate has ranged between 1.2 percent and 1.4 percent."
expected to increase,3,11,8,"The government budget deficit is expected to increase to 11 percent of GDP in 2020, taking into account the budget plan announced by the government to deal with the crisis and the expected decline in revenues due to a slowdown in activity."
remaining,1,11,8,"The forecast published in October 2020, which contains a scenario of remaining in control and a scenario of ""low control”, still covers the range of potential scenarios in the Research Department’s forecast for 2021."
expansion of activity,3,11,8,"The global Purchasing Managers Index has remained at a level that indicates expansion of activity since July, and reflects recovery both in manufacturing and in services  ."
high inflation,2,11,8,"The Monetary Committee is closely monitoring these developments, and it estimates that there is no concern of an outbreak of high inflation."
state of israel,3,11,8,The State of Israel is involved in a war after having been attacked just over two weeks ago.
upper portion,2,11,8,"Expectations for the second year and onward are within the target range, in its upper portion  ."
global demand,2,11,7,"The growth in supply is apparently the main factor, but there are also forecasts for a decline in global demand. interest rate decision will be published on December 10, 2018."
brexit,1,11,7,"There was accelerated growth in the UK, but the uncertainty regarding Brexit remained high."
people,1,11,7,"A breakdown of the unemployed by how long they have been waiting to return to employment, and the decline in the number of people who are involuntarily employed part-time also indicate a tight labor market."
uses,1,11,7,"The gap between the high GDP growth and uses (private and public consumption grew moderately, investment and exports contracted) was reflected in growth of inventory  , but it is reasonable to assume that when the data for the quarter are revised, this gap will narrow."
remained moderate,2,11,7,"Inflation of nontradable goods prices remained moderate, in view of the slowdown in the increase of the housing component, and inflation in the prices of tradable goods remained negative, in view of the decline in energy prices and the appreciation of the shekel."
assistance,1,11,7,The governments of many countries are operating wide-scale assistance programs in order to moderate the negative impact of the crisis and incentivize economic activity.
covid pandemic,2,11,7,"The second wave of the Covid-19 pandemic continues to leave its mark on the economy, and there is a two-way feedback loop between the economic business cycle and the morbidity cycle."
firms,1,11,7,Central Bureau of Statistics flash surveys showed continued improvement in firms’ expectations regarding their volume of activity.
whole,1,11,7,"However, over the year as a whole, the volatility of vehicle imports (which occurred at the end of the previous year as well) did not have a significant impact on annual growth."
precrisis trend,2,11,7,"It should be noted that, at least until September, wage levels (after neutralizing the effects of the composition of employees that typified the COVID-19 crisis period) in most industries were similar to the precrisis trend, but there has been some recent acceleration in wage increases in some industries."
energy crisis,2,11,7,Natural gas prices in Europe were very volatile in view of the energy crisis in Europe.
inflation excluding,2,11,6,Inflation excluding energy and fruits and vegetables is 0.9 percent.
inflation excluding energy,3,11,6,Inflation excluding energy and fruits and vegetables is 0.9 percent.
rates supported,2,11,6,"An improvement is apparent in the credit market’s functioning, with stability in interest rates, supported by the Bank of Israel's measures and the government-guaranteed credit funds."
interest rates supported,3,11,6,"An improvement is apparent in the credit market’s functioning, with stability in interest rates, supported by the Bank of Israel's measures and the government-guaranteed credit funds."
israel remains strong,3,11,6,Economic activity in Israel remains strong and the labor market remains tight and is in a full employment environment.
economic consequences,2,11,6,"The war is having significant economic consequences, both on real activity and on the financial markets."
momentum,1,11,5,"The US economy remains robust, though the risks due to the worsening “trade war” and the heightened political risk in Europe continue to weigh on momentum."
baseline scenario,2,11,5,"The baseline scenario guiding the assessments of most international financial institutions is that the spread of the virus will be halted in the coming months, and the overall impact on the global economy is expected to be limited."
expected to contract,3,11,5,"Global growth is expected to contract markedly in 2020, and the spread of the crisis has led to very strong policy responses by central banks and governments."
partial,1,11,4,"In the US, growth data for the fourth quarter of 2018 were not published due to the partial government shutdown, but indicators point to slower growth in that quarter and in the first quarter of 2019."
governments,1,11,4,"Global growth is expected to contract markedly in 2020, and the spread of the crisis has led to very strong policy responses by central banks and governments."
comparable,1,10,10,"In the past month, there was a slight increase in the yield spreads between corporate bonds and comparable government bonds."
confidence index,2,10,10,"The Composite State of the Economy Index  , the Purchasing Managers Index and the Consumer Confidence Index  , and the Business Tendency Survey of the Central Bureau of Statistics all support this assessment, as do labor market data."
consumer confidence index,3,10,10,"The Composite State of the Economy Index  , the Purchasing Managers Index and the Consumer Confidence Index  , and the Business Tendency Survey of the Central Bureau of Statistics all support this assessment, as do labor market data."
inflation will stabilize,3,10,10,"The Committee assesses that the rising path of the interest rate in the future will be gradual and cautious, in a manner that supports a process at the end of which inflation will stabilize around the midpoint of the target range, and that supports economic activity."
inflation moderated,2,10,10,"In the US, the pace of inflation moderated, and the Fed left the federal funds rate unchanged  , and interest rate forecasts were revised downward."
followed by press,3,10,10,"The next decision regarding the interest rate will be published at 16:00 on Monday, October 7, 2019, followed by a press briefing by the Governor."
bond yields increased,3,10,10,"Medium- and long-term government bond yields increased following the previous interest rate decision, but then declined again, similar to developments in US yields  ."
click,1,10,10,"Forthe file of figures ac​companying this notice, click here.​​ The economy is in the process of exiting the third lockdown that began at the end of 2020 and continued until the first week of February."
department forecast,2,10,10,The Research Department’s forecast outlines two possible scenarios.
research department forecast,3,10,10,The Research Department’s forecast outlines two possible scenarios.
nonbank,1,10,10,There was stability among all company sizes in obtaining nonbank credit.
therefore continue,2,10,10,The Committee will therefore continue to utilize a range of tools in order to increase the extent of the monetary policy accommodation and to ensure the continued orderly functioning of the financial markets.
committee will therefore,3,10,10,The Committee will therefore continue to utilize a range of tools in order to increase the extent of the monetary policy accommodation and to ensure the continued orderly functioning of the financial markets.
construction industries,2,10,10,"According to the Business Tendency Survey, this difficulty is having a particular impact on activity in the manufacturing and construction industries in Israel."
annual increase,2,10,10,"Alongside this, the annual increase in rents remained relatively moderate."
yields on long-term,3,10,10,"Yields on long-term government bonds increased at the beginning of the reviewed period, and declined sharply at the end of the period, back to their previous environment  ."
long-term government bonds,3,10,10,"Yields on long-term government bonds increased at the beginning of the reviewed period, and declined sharply at the end of the period, back to their previous environment  ."
moderate inflation,2,10,10,"In the Committee’s assessment, alongside the process of raising the interest rate, the easing of the supply chain difficulties, declines in the prices of oil and some other commodities and in the excise tax, and the strengthening of the shekel will work to moderate inflation."
demand alongside,2,10,10,"In the Committee’s assessment, the monetary tightening processes in Israel and abroad, and the moderation of demand alongside the easing of the supply chain difficulties and the decline in commodity prices, will act to moderate inflation."
wage per employee,3,10,10,The real wage per employee post declined slightly but remains near the trend line  .
totaled nis,2,10,10,"In February, new mortgage borrowing totaled NIS 5.7 billion, about half the level of February 2022  ."
borrowing totaled nis,3,10,10,"In February, new mortgage borrowing totaled NIS 5.7 billion, about half the level of February 2022  ."
totaled nis billion,3,10,10,"In February, new mortgage borrowing totaled NIS 5.7 billion, about half the level of February 2022  ."
inflation geopolitical,2,10,10,"The Committee assesses that there are several risks for a possible acceleration in inflation: geopolitical developments and their impact on economic activity, shekel depreciation, prolonged supply limitations on activity, and fiscal developments."
inflation geopolitical developments,3,10,10,"The Committee assesses that there are several risks for a possible acceleration in inflation: geopolitical developments and their impact on economic activity, shekel depreciation, prolonged supply limitations on activity, and fiscal developments."
possible acceleration,2,10,10,"The Committee assesses that there are several risks for a possible acceleration in inflation: geopolitical developments and their impact on economic activity, shekel depreciation, prolonged supply limitations on activity, and fiscal developments."
business credit continued,3,10,10,"Business credit continued to expand, led by credit to large businesses, mainly in the construction and real estate industry."
spreads on dollar-denominated,3,10,10,"Israel’s risk premium, as measured by the 5-year CDS price and by the spreads on dollar-denominated government bonds, continued to decline, but remained higher than in the prewar period."
number of transactions,3,10,9,"The number of transactions and mortgage volume appear to be stabilizing, with a slight increase in mortgage interest rates."
decline of percent,3,10,9,"​The inflation rate has stabilized above the lower bound of the target range, notwithstanding the slightly lower than expected decline of 0.3 percent in the CPI for November."
inflation continued,2,10,9,"Inflation in prices of nontradable items, which serves as an approximation of the domestic component of inflation, continued to increase  ."
expected to moderate,3,10,9,"The US economy continued to grow at a rapid pace, but the rate is expected to moderate slightly in the fourth quarter."
sources are around,3,10,9,"One-year expectations and forecasts from the various sources are around the lower bound of the target, while medium-term and long-term expectations increased slightly toward the midpoint of the target."
investment in residential,3,10,9,"Growth was driven by private consumption, while investment in residential construction has continued to contract for several quarters and goods exports remain sluggish."
rate increased slightly,3,10,9,"In recent months, the unemployment rate increased slightly, and the job vacancy rate declined, but the labor market remains tight and supports the assessment that the economy is in a full employment environment."
economy grew,2,10,9,"In the fourth quarter of 2018, the economy grew at a rate in line with the long term pace, and indicators of activity support the assessment that the economy continued to grow at a solid pace in the first quarter as well."
already,1,10,9,"The participation and employment rates increased slightly from already record levels, and wages continue to rise, led by the business sector."
equity indices increased,3,10,9,"In the financial markets, equity indices increased  , and government bond yields declined sharply, in view of the expectation that the process of monetary accommodation by major central banks will resume."
table,1,10,9,"The ECB left its interest rate unchanged, but clarified that ""all policy tools are on the table"", and noted that there is no expectation of an interest rate increase until at least the midpoint of 2020."
past three,2,10,9,"After about a year in which it hovered in the lower portion of the target range, annual inflation has, for the past three months, been below the target."
survey shows,2,10,9,"However, the Business Tendency Survey shows some increase in the rate of companies reporting serious constraints in export profitability, following a decline in this rate during 2018  ."
percent and inflation,3,10,9,"In the past 12 months, inflation was 0.3 percent  , and inflation excluding energy and fruit and vegetables stabilized at a low level, which may indicate a lower basic inflation rate than in previous months  ."
inflation expectations derived,3,10,9,"Medium-and long-term forward inflation expectations derived from the bond market remained largely stable since the previous interest rate decision, and have increased slightly in recent days  ."
country,1,10,9,"With the exception of the United States, most fourth quarter country statistics indicated a continued slowdown in the growth rate, with the main weakness focused on manufacturing."
environment continues,2,10,9,The inflation environment continues to be low.
inflation environment continues,3,10,9,The inflation environment continues to be low.
existing,1,10,9,"The Committee will expand the use of the existing tools, including the interest rate tool, and will be able to operate additional ones, to the extent that the crisis lengthens and it is necessary to achieve the monetary policy goals and to moderate the negative economic impact created as a result of the crisis."
ones,1,10,9,"The Committee will expand the use of the existing tools, including the interest rate tool, and will be able to operate additional ones, to the extent that the crisis lengthens and it is necessary to achieve the monetary policy goals and to moderate the negative economic impact created as a result of the crisis."
financing constraints,2,10,9,"According to the Central Bureau of Statistics Business Tendency Survey, financing constraints among businesses of various sizes remained similar to precrisis levels."
resulting,1,10,9,"There was anomalous volatility in the exchange rate during March, against the background of the dollar liquidity distress resulting from dollar margin calls after the sharp declines in global equity markets."
price of oil,3,10,9,"The slowdown in economic activity led to a sharp decline in commodity prices, and the price of oil dropped by tens of percent, against the background as well of a lack of agreement between the main oil producers to cut output. decision will be published on April 20, 2020."
consumer credit,2,10,9,"Bank credit has increased during the course of the crisis, primarily in light of the growth in business credit and in mortgages, but credit to small businesses and consumer credit declined."
accommodative monetary,2,10,9,"In contrast, the increased magnitude of the crisis led to a broad policy response by central banks and by governments; many central banks reduced interest rates and took additional accommodative monetary steps, some of which were unprecedented."
large businesses,2,10,9,"The volume of bank credit issued during the crisis was higher than it was during the same period last year, particularly regarding credit to medium and large businesses and housing credit."
throughout,1,10,9,The development of the exchange rate throughout the period was not uniform.
activity in view,3,10,9,"However, there are still challenges to economic activity in view of the health risks in Israel and abroad."
england,1,10,9,"In the UK, in view of the increased inflation risk, the Bank of England signaled a future rate increase."
bank of england,3,10,9,"In the UK, in view of the increased inflation risk, the Bank of England signaled a future rate increase."
components declined,2,10,9,"The year over year rate of increases in the prices of nontradable components continues its upward trend, while the year over year rate of increase of prices of tradable components declined in October  ."
significantly higher pace,3,10,9,"Home prices increased by 10.3 percent in the past 12 months  , a significantly higher pace than in previous years."
terms relative,2,10,9,"Economic data continue to indicate strong activity, even though first quarter GDP contracted by 1.6 percent in annual terms relative to the fourth quarter of 2021."
one-year expectations,2,10,8,One-year expectations and forecasts from the various sources hover around the level of one percent.
range around,2,10,8,"In the coming months as well, inflation is expected to remain slightly above the lower bound of the target, and 1-year expectations and forecasts from the various sources range around a level of one percent."
months inflation,2,10,8,"In the coming months, inflation is expected to range around the lower bound of the target."
decline in energy,3,10,8,"Inflation in tradable goods prices continued to moderate, primarily as a result of the decline in energy prices."
sharp declines,2,10,8,"In financial markets, there were sharp declines and volatility in most equity indices  , government bond yields declined, and corporate bond spreads widened."
increase of percent,3,10,8,"Home prices declined by 1.4 percent in 2018, even though the most recent monthly figure showed an increase of 0.2 percent  ."
highest,1,10,8,"Inflation over the past 12 months was 1.5 percent  , its highest level since 2013, with the volatile fruit and vegetables component making a relatively significant contribution  ."
decline in inflation,3,10,8,"In the US, the Federal Reserve left the federal funds rate unchanged, but its announcement was interpreted as a signal that it is expected to begin implementing an accommodative policy due to intensifying risks and a decline in inflation expectations."
strongly,1,10,8,"Services exports are growing strongly, but the standstill in goods exports continues."
vat,1,10,8,"In Japan, growth slowed and is expected to continue slowing in the fourth quarter, in view of the increase in VAT."
place,1,10,8,"The ECB left its interest rate unchanged, and is expected to leave its policy in place for a long time."
growth of percent,3,10,8,"The beginning of a recovery in the third quarter will lead to growth of 9 percent in 2021, though the unemployment rate is expected to decline gradually and only toward the end of 2021 will it approach the low pre-crisis levels."
education,1,10,8,"In industries in which the main limitations have not yet been removed (such as tourism, restaurants, education and leisure), the level of purchases remains near the lowest point  ."
surveys,1,10,8,"Real-time surveys among companies, conducted by the Central Bureau of Statistics, indicated that in the middle of April, the share of active employees was around 61 percent, and it increased to about 71 percent in the beginning of May, with notable variance among the industries  ."
past months declined,3,10,8,"Inflation in the past 12 months declined slightly in February compared with the January figure, and is above the upper bound of the target range, at 5.2 percent  ."
totaling,1,10,8,"The total size of the fund is NIS 18 billion, and requests for credit from the fund totaling about NIS 47 billion have been received  ."
number of unemployed,3,10,8,"The number of unemployed in the first half of September was about 470,000, and it increased by about 300,000 due to the imposition of the lockdown."
continued recovery,2,10,8,"In the US, morbidity is spreading at a high rate, but economic indicators point to a continued recovery in the fourth quarter."
year increased,2,10,8,"In particular, expectations derived from the capital market for the first year increased from approximately 0.5 percent to 1.3 percent  ."
first time,2,10,8,"In February and March, for the first time since the crisis began, the average level of difficulty reported by companies in raising credit declined in all industries, other than hotels, and returned to the precrisis levels."
accordingly,1,10,8,"Accordingly, monetary tightening around the world is continuing."
rent,1,10,8,"There was also a rise in the monthly pace of rent price increases, which reached 0.7 percent in July."
pace of percent,3,10,8,"In the eurozone, the leading inflation figure for March surprised to the downside, with annual pace of 6.9 percent, compared with an annual pace of 8.5 percent in February."
sticky,1,10,8,"The inflation environment is moderating in many countries, but remains above the central bank targets, while core inflation is sticky."
labor supply,2,10,8,The labor market continued to recover in view of the increase in demand for workers and stability in the labor supply.
imf revised,2,10,7,"The IMF revised its growth forecast downward for most countries and regions, and the moderation in world trade continues."
decline in global,3,10,7,"The growth in supply is apparently the main factor, but there are also forecasts for a decline in global demand. interest rate decision will be published on December 10, 2018."
appears,1,10,7,It appears that the risks due to a worsening of the “trade war” are trickling down to the business activity of leading corporations as well.
reaching,1,10,7,"Inflation in nontradables, an approximation of the domestic component of inflation, continued to increase, reaching approximately 2 percent, while inflation in tradables continued to decline, and has turned negative in the past two months  ."
solid,1,10,7,"In the fourth quarter of 2018, the economy grew at a rate in line with the long term pace, and indicators of activity support the assessment that the economy continued to grow at a solid pace in the first quarter as well."
publication,1,10,7,"The CPI for February increased by 0.1 percent, higher than the assessments prior to its publication, and in the past 9 months, excluding December, the annual inflation rate was 1.2 percent or higher  ."
higher than expected,3,10,7,"Growth in the second quarter was lower than in the first quarter, but higher than expected, and inflation is slightly below the target."
adopted,1,10,7,"Growth forecasts were revised downward, and the major central banks adopted monetary accommodation measures."
companies reporting,2,10,7,"Exports are increasing solidly, but the Business Tendency Survey indicates some increase in the rate of companies reporting serious constraints in export profitability, following a decline in this rate during 2018."
bond market,2,10,7,"Medium-and long-term forward inflation expectations derived from the bond market remained largely stable since the previous interest rate decision, and have increased slightly in recent days  ."
decline in activity,3,10,7,"However, the overall volume of credit to small businesses and of consumer credit contracted, partly in view of the decline in activity and in demand for credit, and partly in view of the increased risk for small businesses in industries negatively affected by the crisis."
amount,1,10,7,"In contrast, the banks enabled nearly a half-million businesses and households to defer loan repayments for several months, at a total amount of NIS 6.2 billion  ."
flash,1,10,7,"According to a flash survey by the Central Bureau of Statistics, companies reported that there was less of an impact to revenue during the second lockdown than during the first  ."
dollars,1,10,7,"Manufacturing exports (excluding ships, aircraft, and diamonds, in dollars) increased slightly in October, returning to the level from before the first lockdown, driven by high-technology exports  ."
gdp data,2,10,7,Fourth quarter GDP data surprised to the upside in most countries.
moderate to percent,3,10,7,"The inflation rate is expected to be 2.5 percent in 2021, but looking at the next four quarters, inflation is expected to gradually moderate to 1.7 percent."
purchasing program,2,10,7,"In the US, the Federal Reserve left the interest rate and purchasing program unchanged, but signaled a reduction of the purchasing program in the near future, and brought forward the forecast for the first increase in the interest rate to the end of 2022."
formulated,1,10,7,"In the credit market, the banks and credit card companies adopted a broad loan repayment deferral program that was formulated by the Banking Supervision Department."
robust,1,10,6,"The US economy remains robust, though the risks due to the worsening “trade war” and the heightened political risk in Europe continue to weigh on momentum."
revised its growth,3,10,6,"The IMF revised its growth forecast downward for most countries and regions, and the moderation in world trade continues."
monetary contraction,2,10,6,"Emerging markets are relatively stable, but a possible worsening of the “trade war” and the effects of the monetary contraction in advanced economies continue to weigh on continued growth."
shutdown,1,10,6,"In the US, growth data for the fourth quarter of 2018 were not published due to the partial government shutdown, but indicators point to slower growth in that quarter and in the first quarter of 2019."
return inflation,2,10,6,"If the appreciation persists, it will be harder for a more extended period to return inflation to the target range."
expectations are anchored,3,10,6,Long-term expectations are anchored near the midpoint of the target range.
ministry of finance,3,10,6,"The credit market continues to function well and interest rates are stable , supported by a variety of measures taken by the Bank of Israel and the Ministry of Finance."
vaccinations,1,10,6,"Alongside this, the earlier-than-expected start of the inoculation campaign and the rapid pace of vaccinations thus far in Israel are expected to support economic recovery later in the year."
significant economic,2,10,6,"The US is leading a significant economic recovery as a result of the rapid distribution of vaccinations, a reduction of restrictions, and the launch of a fiscal program of significant scope—about 8.5 percent of GDP—alongside a planned tax reform that, if it is implemented, is expected to have a global impact."
global production,2,10,6,"The recovery in the global economy continues, but there is growing concern that the “Delta variant” will lead to an increase in morbidity and a return of restrictions, and will thereby lead to a slowdown in activity and deepening difficulties in the global production chain."
agency,1,10,6,"During the reviewed period, the Moody’s credit rating agency lowered its ratings forecast for Israel from positive to stable, and left its rating unchanged."
ratings,1,10,6,"During the reviewed period, the Moody’s credit rating agency lowered its ratings forecast for Israel from positive to stable, and left its rating unchanged."
front,1,10,6,"Under the assumption that the war will be concentrated on the southern front during the fourth quarter of the year, GDP is expected to grow by 2.3 percent in 2023 and by 2.8 percent in 2024."
support the assessment,3,10,5,"In the second and third quarters, there was some slowdown in the economy’s growth rate, but current indicators of activity support the assessment that the economy is at full employment, and in particular, the tight labor market data indicate a high level of demand."
morbidity rates,2,10,5,"The global economy improved during the third quarter in view of the decline in morbidity rates and the easing of lockdown policies, which led to an upward revision in the IMF’s forecast."
confrontation,1,10,5,"Prior to the confrontation, the indices of mobility to stores increased to the highest level since the start of the pandemic."
great,1,10,5,"However, there is still a great extent of uncertainty regarding economic activity in the medium term, mainly in view of the risk of cyclicality of additional morbidity waves."
file,1,9,9,Ecxel file (Hebrew)​ Inflation is stabilizing slightly above the lower bound of the target range.
goods prices,2,9,9,"Inflation in tradable goods prices moderated, primarily as a result of a slowdown in the annual rate of increase in energy prices, despite the increase in oil prices until recently and the depreciation of the shekel."
prices of nontradable,3,9,9,"Inflation in prices of nontradable items, which serves as an approximation of the domestic component of inflation, resumed its rise  ."
spreads between corporate,3,9,9,"In the past month, there was a slight increase in the yield spreads between corporate bonds and comparable government bonds."
consumption grew,2,9,9,"Private consumption grew moderately, and investment continued to contract, despite the firming of residential construction investment after it had declined over several quarters."
excluding diamonds,2,9,9,"Services (excluding start-up companies) exports returned to growth, while weakness continued in goods (excluding diamonds) exports  ."
thus,1,9,9,"All of these support the assessment that the economy is around full employment, thus creating a supply constraint."
volume continued,2,9,9,"Moderate growth in mortgage volume continued; mortgage interest rates rose moderately, while the spread between them and government bond yields has narrowed  ."
mortgage volume continued,3,9,9,"Moderate growth in mortgage volume continued; mortgage interest rates rose moderately, while the spread between them and government bond yields has narrowed  ."
increased significantly,2,9,9,"Equity indices in Israel have increased significantly since the last interest rate decision, after marked declines in the final two months of 2018  , in line with major equity indices worldwide  ."
trading,1,9,9,"Trading on equity indices in Israel was mixed since the previous interest rate decision, and at the end of the first quarter of 2019, the declines from the fourth quarter of 2018 had been largely offset  ."
forecast gdp,2,9,9,"According to the Research Department's staff forecast, GDP is expected to grow in 2019 by 3.2 percent, a slightly lower rate than in the previous forecast, and by 3.5 percent in 2020."
percent slightly,2,9,9,"According to the Research Department's staff forecast, GDP is expected to grow in 2019 by 3.2 percent, a slightly lower rate than in the previous forecast, and by 3.5 percent in 2020."
funds rate unchanged,3,9,9,"In the US, the pace of inflation moderated, and the Fed left the federal funds rate unchanged  , and interest rate forecasts were revised downward."
global markets,2,9,9,"The equity indices in Israel continued to increase after the previous interest rate decision, but have fallen since the end of April, with an emphasis on the shares of pharmaceutical companies and in view of declines in most of the global markets."
indicate continued,2,9,9,"Growth in China stabilized in the first quarter after moderating at the end of 2018, although data on economic activity indicate continued moderation."
industrial,1,9,9,"In Europe, the economic picture continues to indicate weakness, and industrial production continues to contract."
recent data show,3,9,9,"The most recent data show a decline in the unemployment rate, alongside declines in the participation and employment rates."
number of home,3,9,9,"The number of home purchases increased, led by first-home purchasers."
monetary policy goals,3,9,9,"The Committee will expand the use of the existing tools, including the interest rate tool, and will be able to operate additional ones, to the extent that the crisis lengthens and it is necessary to achieve the monetary policy goals and to moderate the negative economic impact created as a result of the crisis."
another,1,9,9,"In addition, the economy is in the midst of another COVID-19 wave, though it is not having any material effect on economic activity."
bank and nonbank,3,9,9,There was a slowing trend in bank and nonbank credit to all activity segments and all industries.
imports excluding,2,9,9,"Goods imports (excluding ships, aircraft and diamonds in dollars) are in a significant upward trend that encompasses all components of imports."
spreads remained,2,9,9,"In the capital markets, the upward trend in equity prices continues and corporate bond spreads remained unchanged at a level close to their precrisis level  ."
bond spreads remained,3,9,9,"In the capital markets, the upward trend in equity prices continues and corporate bond spreads remained unchanged at a level close to their precrisis level  ."
left their interest,3,9,9,The central banks left their interest rates unchanged and did not change their purchasing programs.
reflect businesses,2,9,9,"The aggregate balance of the Central Bureau of Statistics Business Tendency Survey for March increased, and continued to reflect businesses’ positive assessments of their situation  .According to the survey, the net balance is also positive in the hotels industry for the first time in a number of months."
reflect businesses positive,3,9,9,"The aggregate balance of the Central Bureau of Statistics Business Tendency Survey for March increased, and continued to reflect businesses’ positive assessments of their situation  .According to the survey, the net balance is also positive in the hotels industry for the first time in a number of months."
high at percent,3,9,9,"In the US, inflation remains high, at 7.9 percent (in CPI terms) as of February."
credit risk,2,9,9,"At this stage, there are no indications of a significant increase in credit risk or in businesses’ difficulties in servicing their debts."
reflects the housing,3,9,9,"The pace of annual inflation of the nontradable components, which mainly reflects the housing component and services industries, is 5.5 percent—similar to the previous month."
pce,1,9,9,"The CPI was 6.0 percent in February, similar to forecasters’ projections, and the PCE index was 5.0 percent in February, slightly below previous expectations."
price index increased,3,9,9,The housing services component of the Consumer Price Index increased by 0.5 percent in April (compared with 0.6 percent in March).
index of home,3,9,9,"Home price increases in the past 12 months moderated to 9.8 percent  , and the index of home prices declined by 0.2 percent in May."
market relative,2,9,9,The trend of underperformance of the Israeli market relative to global indices since the beginning of the year continues  .
new homes,2,9,9,"In May–June 2023, the Index of Home Prices declined by 0.2 percent, and the prices of new homes declined by 0.6 percent."
spread between dollar-denominated,3,9,9,"The risk premium as measured by the CDS, and the spread between dollar-denominated government bonds and US Treasury bills, moderated slightly but remain high."
vacancy rate increased,3,9,9,"The job vacancy rate increased in January, which mainly reflects an increase in demand for workers in the construction industry and in the accommodation and food services industry  ."
net of legislative,3,9,9,"Tax revenues in April 2024 were 4.1 percent higher (in real terms, net of legislative changes) than in the corresponding month of the previous year, and are in line with the multiyear trend line."
remain near,2,9,9,Expectations for the second year onward remain near the midpoint of the target range  .
rate of nontradable,3,9,9,"The annual inflation rate in May reflects a decline in the inflation rate of tradable components to 1.5 percent, and relative stability at a high level of 3.9 percent in the inflation rate of nontradable components  ."
alongside supply,2,9,9,"In the Committee’s assessment, there are several risks for a possible acceleration of inflation or for it not converging to the target range: geopolitical developments and their impact on economic activity, an increase in demand alongside supply constraints, and worsening global terms of trade."
demand alongside supply,3,9,9,"In the Committee’s assessment, there are several risks for a possible acceleration of inflation or for it not converging to the target range: geopolitical developments and their impact on economic activity, an increase in demand alongside supply constraints, and worsening global terms of trade."
alongside supply constraints,3,9,9,"In the Committee’s assessment, there are several risks for a possible acceleration of inflation or for it not converging to the target range: geopolitical developments and their impact on economic activity, an increase in demand alongside supply constraints, and worsening global terms of trade."
fixed prices,2,9,9,"Government tax receipts in May, minus legislative changes and one-off revenues, returned to the long-term trend in fixed prices  ."
changes and one-off,3,9,9,"Government tax receipts in May, minus legislative changes and one-off revenues, returned to the long-term trend in fixed prices  ."
converging,1,9,8,An analysis of the data and of updated indicators of economic activity leads to the assessment that the economy is converging to its potential growth rate.
recent data indicate,3,9,8,"The most recent data indicate that the number of transactions is apparently steadying, after some increase in the beginning of the year."
stronger,1,9,8,"The tension between the Italian government and European authorities grew stronger, following the proposed budget that is expected to lead to an increase in the deficit in Italy."
preceding,1,9,8,"Since the increase in the interest rate, the nominal effective exchange rate has been relatively stable, after the shekel depreciated in the preceding weeks."
rapid pace,2,9,8,"The US economy continued to grow at a rapid pace, but the rate is expected to moderate slightly in the fourth quarter."
israeli government,2,9,8,The gap between the yields on US and Israeli government bonds narrowed slightly.
israeli government bonds,3,9,8,The gap between the yields on US and Israeli government bonds narrowed slightly.
continued moderation,2,9,8,"In the US, there was some continued moderation in core inflation."
monetary policies,2,9,8,"The Monetary Committee's assessment is that in view of the turnaround in the inflation environment in Israel and in the monetary policies of major central banks, the slowing in the global economy, and the continued appreciation of the shekel, the interest rate will not be increased for an extended period."
tendency survey shows,3,9,8,"However, the Business Tendency Survey shows some increase in the rate of companies reporting serious constraints in export profitability, following a decline in this rate during 2018  ."
oecd,1,9,8,The OECD revised its 2019 and 2020 global growth and world trade forecasts downward  .
inflation increased,2,9,8,"Inflation increased slightly, but remains slightly below the target, and third quarter growth is expected to be moderate, in addition to the slowdown that was recorded in the second quarter."
activity show,2,9,8,"Most indicators of economic activity show that in the fourth quarter, the economy continued to grow solidly."
assuming,1,9,8,"Based on the Department’s macroeconomic forecast, assuming that the main part of the coronavirus restrictions are removed gradually by the end of June, negative growth of approximately 5 percent is expected in 2020, with an unemployment rate of 6 percent (annual average)."
emphasized,1,9,8,"The central banks of the major economies emphasized their commitment to maintaining accommodative policy for a long time, and governments continue to adopt assistance and fiscal expansion measures."
upon,1,9,8,The increase in the number of new cases of corona in recent weeks is weighing upon the economic recovery process.
remain lower,2,9,8,"Goods exports continued to recover in May following the sharp decline in March, but remain lower than they were prior to the crisis."
economic activity remains,3,9,8,"Economic activity remains moderated, and an analysis of developments shows that the impact of the crisis on demand in the economy is more severe than its impact on supply."
continuation,1,9,8,"The economy is in a prolonged exit process from the second lockdown, but there is uncertainty regarding the continuation of the exit from the lockdown in view of the apparent increase in morbidity."
accommodative monetary policy,3,9,8,"In view of the accommodative monetary policy and the global inflation environment, inflation expectations for the coming year from all sources increased, and are around the lower bound of the target range."
absence,1,9,8,"Alongside the growth in domestic consumption, the increase in internal tourism is still not sufficient to compensate for the absence of incoming tourism."
starts and building,3,9,8,"Home prices increased by a relatively rapid rate of 4.5 percent in the past 12 months  , in view of the moderation in the pace of building starts and building completions."
pressures,1,9,8,"However, in a small number of markets, mainly developing markets, where there are marked inflationary pressures, there were increases in the interest rates."
decisions,1,9,8,These have led to government decisions to tighten limitations placed on economic activity:
expansion of economic,3,9,8,Israel is continuing to enjoy an expansion of economic activity despite still coping with the COVID-19 virus.
countries where inflation,3,9,8,There were interest rate increases in a number of countries where inflation markedly deviated from the central bank target  .
countries the inflation,3,9,8,"In some countries, the inflation indices are increasing to levels higher than their central bank targets, but the central banks and forecasters in the major economies do not expect a significant portion of the increase to persist  ."
nature,1,9,8,The ongoing economic activity in Israel continues to expand alongside the COVID-19 pandemic and the cyclical nature of the waves of morbidity.
annual terms relative,3,9,8,"Economic data continue to indicate strong activity, even though first quarter GDP contracted by 1.6 percent in annual terms relative to the fourth quarter of 2021."
previous policy,2,9,8,"Since the previous policy decision, expectations derived from the capital market for all ranges declined slightly."
previous policy decision,3,9,8,"Since the previous policy decision, expectations derived from the capital market for all ranges declined slightly."
equities,1,9,8,"However, the cumulative underperformance of the domestic equities market relative to the global market since the start of 2023 remains significant  ."
longer-term,1,9,7,"Expectations for medium terms remained entrenched within the target range, though there has been a slight decline recently in longer-term expectations."
longer-term expectations,2,9,7,"Expectations for medium terms remained entrenched within the target range, though there has been a slight decline recently in longer-term expectations."
global economy continues,3,9,7,The macro picture conveyed by the global economy continues to indicate declining momentum.
moderate growth,2,9,7,"Moderate growth in mortgage volume continued; mortgage interest rates rose moderately, while the spread between them and government bond yields has narrowed  ."
pricing,1,9,7,"Despite the continued increases in the interest rates of the US and some other economies, US markets are no longer pricing in an additional rise, and European markets have pushed off the timing of an expected interest rate increase."
positive growth,2,9,7,"The major economies in Europe convey a mixed picture—there was positive growth in France and Spain, while contraction was seen in Germany and Italy."
somewhat,1,9,7,"Although in recent months the unemployment rate increased slightly and the job vacancy rate declined somewhat, it is too early to determine whether these point to the beginning of a change in trend."
largely,1,9,7,"Trading on equity indices in Israel was mixed since the previous interest rate decision, and at the end of the first quarter of 2019, the declines from the fourth quarter of 2018 had been largely offset  ."
progress,1,9,7,"The main risks include a possible escalation of the trade war (despite progress in contacts between the US and China), and concern over a no-deal Brexit in the UK."
year the shekel,3,9,7,"Since the beginning of the year, the shekel has strengthened by 4.6 percent against the US dollar."
rental prices remained,3,9,7,"In recent months, home prices again increased moderately, so that overall they increased by approximately 1.0 percent in the past year, while rental prices remained stable in the past two months."
activity in china,3,9,7,"In Japan, growth was higher than expected in the second quarter, supported by domestic consumption and investments, and despite a decline in exports in view of the slowdown of activity in China."
increase in vat,3,9,7,"In Japan, growth slowed and is expected to continue slowing in the fourth quarter, in view of the increase in VAT."
imposed,1,9,7,"The gradual process of removing the restrictions that the government imposed on movement and activity is beginning to be reflected in economic activity, though the adverse impact on the economy is still considerable and is expected to persist."
deal,1,9,7,"The government budget deficit is expected to increase to 11 percent of GDP in 2020, taking into account the budget plan announced by the government to deal with the crisis and the expected decline in revenues due to a slowdown in activity."
brought,1,9,7,The policy steps of central banks worldwide has brought about a partial recovery in capital markets.
small and medium,3,9,7,"The activity of the funds to extend credit to small and medium sized businesses, with partial government guarantees, led to a decline in the average interest rate on credit to small businesses."
real-time,1,9,7,"Real-time surveys among companies, conducted by the Central Bureau of Statistics, indicated that in the middle of April, the share of active employees was around 61 percent, and it increased to about 71 percent in the beginning of May, with notable variance among the industries  ."
took,1,9,7,"In contrast, the increased magnitude of the crisis led to a broad policy response by central banks and by governments; many central banks reduced interest rates and took additional accommodative monetary steps, some of which were unprecedented."
available indicators,2,9,7,"The available indicators regarding economic activity in November and December show recovery of economic activity throughout the gradual exit from the second lockdown, but the variance of the impact between the industries continues."
long-term trend line,3,9,7,"Moreover, credit card expenditure data indicate that the total value of purchases during the exit from the third lockdown was higher than its long-term (2016–19) trend line."
persons,1,9,7,"The number of employed persons in May was about 300,000 below potential according to the trend forecast prior to the crisis."
remained relatively moderate,3,9,7,"Alongside this, the pace of rental price increases remained relatively moderate."
countries but remains,3,9,7,"The inflation environment is moderating in many countries, but remains above the central bank targets, while core inflation is sticky."
new and renewing,3,9,7,"The pace of annual increase in the housing component of the CPI increased to 4.4 percent in April, while the owner-occupied housing services component (rents in new and renewing contracts) increased at an annual rate of 4.2 percent."
increase in government,3,9,6,"New mortgage volume is stabilizing after increasing since 2017, and mortgage interest rates have increased slightly in recent months, against the background of the increase in government bond yields  ."
begin,1,9,6,"Likewise, global quantitative easing wound down, and in the coming months quantitative contraction is expected to begin, in view of the Fed contracting its balance sheet and the cessation of purchases by the ECB  ."
driven,1,9,6,"In the US, as noted, the high growth continued, driven by private consumption and the improvement in manufacturing activity, while the fiscal expansion’s impact is expected to dissipate in 2020."
continued to grow,3,9,6,"The US economy continued to grow at a rapid pace, but the rate is expected to moderate slightly in the fourth quarter."
delay,1,9,6,"If the appreciation continues, it could delay the inflation rate’s rise toward the midpoint of the target."
reduced,1,9,6,"However, the IMF kept its 2019 world trade growth forecast unchanged and slightly reduced its 2020 forecast."
apparent,1,9,6,"The Composite State of the Economy Index for February increased by 0.3 percent, similar to its rate of increase during 2018  , and there is a slight recovery apparent in goods exports  ."
first quarter growth,3,9,6,"The risks to the global economy increased, despite first quarter growth data of major economies surprising to the upside  , mainly in view of the worsening of the ""trade war"" between the US and China."
negative contribution,2,9,6,"Most of the negative contribution to the CPI is from the fruit and vegetables component, which is highly volatile, and from components affected by the appreciation of the shekel and the decline in energy prices."
following decline,2,9,6,"Exports are increasing solidly, but the Business Tendency Survey indicates some increase in the rate of companies reporting serious constraints in export profitability, following a decline in this rate during 2018."
narrow,1,9,6,"The gap between the high GDP growth and uses (private and public consumption grew moderately, investment and exports contracted) was reflected in growth of inventory  , but it is reasonable to assume that when the data for the quarter are revised, this gap will narrow."
population,1,9,6,"In China, the slowdown in the spread of the virus enabled authorities there to reduce the restrictions on the population, and data indicate a gradual return of economic activity, so that moderate but positive growth is expected in 2020."
repayments,1,9,6,"In contrast, the banks enabled nearly a half-million businesses and households to defer loan repayments for several months, at a total amount of NIS 6.2 billion  ."
banking system,2,9,6,"In addition, a NIS 4 billion fund with greater banking system deferred payments for about 530,000 loans, totaling about NIS 6.8 billion to mid-June  ."
impact on activity,3,9,6,"The adverse impact on economic activity as a result of the second lockdown was less severe than the impact of the first lockdown, but the exit from the second lockdown has been slower, and there is variance in the adverse impact on activity across various industries."
returning,1,9,6,"Manufacturing exports (excluding ships, aircraft, and diamonds, in dollars) increased slightly in October, returning to the level from before the first lockdown, driven by high-technology exports  ."
percent to percent,3,9,6,"In particular, expectations derived from the capital market for the first year increased from approximately 0.5 percent to 1.3 percent  ."
numbers,1,9,6,"Home prices increased by 5.6 percent in the past 12 months  , a rate that is more rapid than in previous years, with an increase in the number of home purchases and reflecting the moderating numbers of building starts and building completions."
crisis in europe,3,9,6,Natural gas prices in Europe were very volatile in view of the energy crisis in Europe.
industries continue,2,9,6,Businesses in most industries continue to indicate a shortage of workers as a constraint on their current operations.
activity abroad,2,9,6,"However, monetary policy tightening and moderation of activity abroad are expected to lead to some slowdown in economic activity in Israel as well, and a number of indicators are showing signs of the beginning of such a process."
ages percent,2,9,6,"The employment rate among the prime working ages (25–64) remains high (78.2 percent), but the most recent data show some decline  .The unemployment rate for those aged 15+ (3.9 percent) and among the prime working ages (3.5 percent) have been in an upward trend since June 2022  ."
real activity,2,9,6,"The war is having various economic effects, both on real activity and on the financial markets."
defense budget,2,9,6,"To the extent that there won’t be additional unexpected additions to the defense budget, it is expected to be 6.6 percent at the end of 2024."
environment remained,2,9,5,The inflation environment remained near the lower bound of the target range.
inflation environment remained,3,9,5,The inflation environment remained near the lower bound of the target range.
equity market,2,9,5,"Equity indices in Israel were relatively stable since the previous interest rate decision, despite equity market increases abroad."
marked increase,2,9,5,There was also a marked increase in activity in those industries that were particularly hard-hit by the limitations.
debt-to-gdp,1,9,5,"Prior to the war, the Israeli economy had a current account surplus, a low debt-to-GDP ratio, and high foreign exchange reserves."
debt-to-gdp ratio,2,9,5,"Prior to the war, the Israeli economy had a current account surplus, a low debt-to-GDP ratio, and high foreign exchange reserves."
significant economic consequences,3,9,5,"The war is having significant economic consequences, both on real activity and on the financial markets."
view of geopolitical,3,9,5,"Israel’s risk premium as measured by the CDS is high, and increased in recent days in view of geopolitical tensions."
fourth quarter gdp,3,9,4,"According to the first estimate of National Accounts data for the fourth quarter, GDP grew by 4.8 percent  , while according to an assessment by the Bank of Israel’s Research Department, the growth rate net of volatility in vehicle imports was about 3.5 percent."
control,1,9,4,"In the relatively optimistic scenario, in which control of the spread of the virus is maintained, GDP is expected to contract by 4.5 percent in 2020 and to grow by 6 percent in 2021."
variance between industries,3,9,4,"According to the Central Bureau of Statistics Business Tendency Survey, the decline in businesses’ expectations of expanding their employee numbers continued in November, but there is a high level of variance between industries  ."
severity and duration,3,9,4,"There is great amount of uncertainty with regard to the expected severity and duration of the war, which is in turn affecting the extent of the impact on activity."
unprecedented,1,9,3,​The coronavirus crisis has led to an unprecedented contraction in the scope of economic activity and to a steep increase in the number of jobseekers.
committee assesses,2,8,8,The Committee assesses that the rising path of the interest rate in the future will be gradual and cautious.
comparable government,2,8,8,"In the past month, there was a slight increase in the yield spreads between corporate bonds and comparable government bonds."
comparable government bonds,3,8,8,"In the past month, there was a slight increase in the yield spreads between corporate bonds and comparable government bonds."
rate remains,2,8,8,"The unemployment rate remains very low, though the participation and employment rates appear to be moderating from the elevated levels they had reached."
global equity indices,3,8,8,"In the past two months, Tel Aviv Stock Exchange equity indices declined by approximately 10 percent  , which is in line with the marked declines on major global equity indices  ."
houses revised,2,8,8,"Investment houses revised their growth forecasts downward for most regions  , and the moderation in world trade continues among the advanced economies  ."
investment houses revised,3,8,8,"Investment houses revised their growth forecasts downward for most regions  , and the moderation in world trade continues among the advanced economies  ."
global supply,2,8,8,"Oil prices increased due to a decline in OPEC output, after prices declined sharply since October 2018 against the background of growth in global supply  . interest rate decision will be published on March 11, 2019."
oil prices increased,3,8,8,"Oil prices increased due to a decline in OPEC output, after prices declined sharply since October 2018 against the background of growth in global supply  . interest rate decision will be published on March 11, 2019."
economy fiscal,2,8,8,"The Bank of Israel continues to monitor developments in inflation, the real economy, fiscal policy, the financial markets, and the global economy, and will act to attain the monetary policy targets in accordance with such developments."
real economy fiscal,3,8,8,"The Bank of Israel continues to monitor developments in inflation, the real economy, fiscal policy, the financial markets, and the global economy, and will act to attain the monetary policy targets in accordance with such developments."
economy fiscal policy,3,8,8,"The Bank of Israel continues to monitor developments in inflation, the real economy, fiscal policy, the financial markets, and the global economy, and will act to attain the monetary policy targets in accordance with such developments."
policy the financial,3,8,8,"The Bank of Israel continues to monitor developments in inflation, the real economy, fiscal policy, the financial markets, and the global economy, and will act to attain the monetary policy targets in accordance with such developments."
indicate an increase,3,8,8,"Indicators of private consumption show a recovery; data on credit card purchases indicate an increase in the scope of purchases in most industries in which the strict limitations were removed, to close to the pre-crisis level."
thus far,2,8,8,"Economic activity continues to grow at close to its potential rate, and thus far it seems that activity in Israel is not being adversely affected by the negative global sentiment."
continue to decline,3,8,8,"In the US, the Federal Reserve lowered the federal funds rate by 0.25 percentage points, and assessments in the markets are that the interest rate will continue to decline this year."
policy accommodation,2,8,8,"In view of the magnitude of the crisis’s adverse impact on economic activity, the Committee is utilizing a range of tools in order to increase the extent of the monetary policy accommodation and to ensure the orderly functioning of the financial markets."
tools in order,3,8,8,"In view of the magnitude of the crisis’s adverse impact on economic activity, the Committee is utilizing a range of tools in order to increase the extent of the monetary policy accommodation and to ensure the orderly functioning of the financial markets."
order to increase,3,8,8,"In view of the magnitude of the crisis’s adverse impact on economic activity, the Committee is utilizing a range of tools in order to increase the extent of the monetary policy accommodation and to ensure the orderly functioning of the financial markets."
increase the extent,3,8,8,"In view of the magnitude of the crisis’s adverse impact on economic activity, the Committee is utilizing a range of tools in order to increase the extent of the monetary policy accommodation and to ensure the orderly functioning of the financial markets."
monetary policy accommodation,3,8,8,"In view of the magnitude of the crisis’s adverse impact on economic activity, the Committee is utilizing a range of tools in order to increase the extent of the monetary policy accommodation and to ensure the orderly functioning of the financial markets."
achieve,1,8,8,"The Committee will expand the use of the existing tools, including the interest rate tool, and will be able to operate additional ones, to the extent that the crisis lengthens and it is necessary to achieve the monetary policy goals and to moderate the negative economic impact created as a result of the crisis."
created,1,8,8,"The Committee will expand the use of the existing tools, including the interest rate tool, and will be able to operate additional ones, to the extent that the crisis lengthens and it is necessary to achieve the monetary policy goals and to moderate the negative economic impact created as a result of the crisis."
existing tools,2,8,8,"The Committee will expand the use of the existing tools, including the interest rate tool, and will be able to operate additional ones, to the extent that the crisis lengthens and it is necessary to achieve the monetary policy goals and to moderate the negative economic impact created as a result of the crisis."
tools including,2,8,8,"The Committee will expand the use of the existing tools, including the interest rate tool, and will be able to operate additional ones, to the extent that the crisis lengthens and it is necessary to achieve the monetary policy goals and to moderate the negative economic impact created as a result of the crisis."
operate additional,2,8,8,"The Committee will expand the use of the existing tools, including the interest rate tool, and will be able to operate additional ones, to the extent that the crisis lengthens and it is necessary to achieve the monetary policy goals and to moderate the negative economic impact created as a result of the crisis."
additional ones,2,8,8,"The Committee will expand the use of the existing tools, including the interest rate tool, and will be able to operate additional ones, to the extent that the crisis lengthens and it is necessary to achieve the monetary policy goals and to moderate the negative economic impact created as a result of the crisis."
committee will expand,3,8,8,"The Committee will expand the use of the existing tools, including the interest rate tool, and will be able to operate additional ones, to the extent that the crisis lengthens and it is necessary to achieve the monetary policy goals and to moderate the negative economic impact created as a result of the crisis."
expand the use,3,8,8,"The Committee will expand the use of the existing tools, including the interest rate tool, and will be able to operate additional ones, to the extent that the crisis lengthens and it is necessary to achieve the monetary policy goals and to moderate the negative economic impact created as a result of the crisis."
existing tools including,3,8,8,"The Committee will expand the use of the existing tools, including the interest rate tool, and will be able to operate additional ones, to the extent that the crisis lengthens and it is necessary to achieve the monetary policy goals and to moderate the negative economic impact created as a result of the crisis."
operate additional ones,3,8,8,"The Committee will expand the use of the existing tools, including the interest rate tool, and will be able to operate additional ones, to the extent that the crisis lengthens and it is necessary to achieve the monetary policy goals and to moderate the negative economic impact created as a result of the crisis."
data gdp,2,8,8,"Based on the first estimate of National Accounts data, GDP contracted by 7.1 percent in the first quarter, in annual terms, as a result of the shutdown of a notable part of economic activity in the middle of March  ."
volumes,1,8,8,"In March, there was a steep increase in mortgage volumes as many borrowers rushed to close on the interest rates agreed on prior to the crisis, and in April there was a decline in mortgage volume with some increase in the interest rate."
expanding,1,8,8,"Governments put into operation comprehensive plans for expanding public expenditure, compensating those negatively impacted by the crisis, and extending credit to the business sector."
separately,1,8,8,"A press release on these measures is being published separately.​ v The process of removing restrictions has led to an improvement in economic activity, but the level of activity remains low."
published separately,2,8,8,"A press release on these measures is being published separately.​ v The process of removing restrictions has led to an improvement in economic activity, but the level of activity remains low."
remains relatively low,3,8,8,"The removal of the restrictions led to growth on the supply side of the economy, but the level of demand remains relatively low, as shown by a number of indicators."
expenditure data,2,8,8,"Credit card expenditure data indicate a similar trend, as some companies in the retail trade and food and beverage services industries adapted their operations to supplying products online and through deliveries."
card expenditure data,3,8,8,"Credit card expenditure data indicate a similar trend, as some companies in the retail trade and food and beverage services industries adapted their operations to supplying products online and through deliveries."
services sector,2,8,8,"The high morbidity levels have led to a slowdown in the services sector, mainly in Europe, while the improvements in manufacturing and in world trade continue. start of inoculation campaigns, with slight increases in US treasury bond yields."
yet returned,2,8,8,"Mobility to work places has not yet returned to its precrisis level, both because employment has not yet completely recovered, and also due to the adoption of remote work arrangements at many workplaces  ."
manufacturing and construction,3,8,8,"According to the Business Tendency Survey, this difficulty is having a particular impact on activity in the manufacturing and construction industries in Israel."
sizes,1,8,8,There was stability among all company sizes in obtaining nonbank credit.
average employment,2,8,8,"The number of employed persons aged 15+ in July was about 185,000 lower than the number of employees required to attain the 2019 average employment rate."
average employment rate,3,8,8,"The number of employed persons aged 15+ in July was about 185,000 lower than the number of employees required to attain the 2019 average employment rate."
remains at high,3,8,8,"The volume of world trade moderated as well, but remains at high levels of activity."
tradable components declined,3,8,8,"The year over year rate of increases in the prices of nontradable components continues its upward trend, while the year over year rate of increase of prices of tradable components declined in October  ."
pace of economic,3,8,8,"The increase in morbidity may lead to a slowdown in the pace of economic activity in the short term, and may continue to cause difficulties in the production and supply chains."
services exports remain,3,8,8,"Goods exports (excluding ships, aircraft, and diamonds) remain higher than before the crisis, and services exports remain very high  ."
bank left,2,8,8,"The European Central Bank left its interest rate unchanged, but there are increasing assessments in the eurozone that the ECB will begin raising its interest rate later in the year."
central bank left,3,8,8,"The European Central Bank left its interest rate unchanged, but there are increasing assessments in the eurozone that the ECB will begin raising its interest rate later in the year."
recording,1,8,8,"The Israeli economy is recording strong growth, accompanied by a tight labor market and an increase in the inflation environment."
recording strong,2,8,8,"The Israeli economy is recording strong growth, accompanied by a tight labor market and an increase in the inflation environment."
economy is recording,3,8,8,"The Israeli economy is recording strong growth, accompanied by a tight labor market and an increase in the inflation environment."
therefore decided,2,8,8,The Committee has therefore decided that conditions allow for the start of a gradual process of increasing the interest rate.
committee has therefore,3,8,8,The Committee has therefore decided that conditions allow for the start of a gradual process of increasing the interest rate.
process of increasing,3,8,8,The Committee has therefore decided that conditions allow for the start of a gradual process of increasing the interest rate.
increasing the interest,3,8,8,The Committee has therefore decided that conditions allow for the start of a gradual process of increasing the interest rate.
pace of raising,3,8,8,"The pace of raising the interest rate will be determined in accordance with activity data and the development of inflation, in order to continue supporting the attainment of the policy goals."
continued moderate,2,8,8,"The number of job vacancies and the job vacancy rate are very high, despite the continued moderate decline in August."
priced,1,8,8,"In response, there was an increase in the interest rate expectation for Europe priced in by the market for 2023. [1] The full forecast is being published separately, and can be found at {link}."
real wage,2,8,8,The real wage per employee post declined slightly but remains near the trend line  .
pce index,2,8,8,"The CPI was 6.0 percent in February, similar to forecasters’ projections, and the PCE index was 5.0 percent in February, slightly below previous expectations."
cpi which mainly,3,8,8,"The pace of annual inflation of the nontradable components of the CPI, which mainly reflects the housing services component and services industries, is 5.5 percent."
activity segments,2,8,8,There was a slowing trend in bank and nonbank credit to all activity segments and all industries.
forecast is characterized,3,8,8,"In view of the war, the forecast is characterized by a high level of uncertainty."
treasuries,1,8,8,"The spread between dollar-denominated Israel government bonds and US Treasuries remained unchanged, at a high level."
led by credit,3,8,8,"Since the beginning of the year, outstanding business credit has expanded, led by credit to large businesses."
risks for possible,3,8,8,"The Committee assesses that there are several risks for a possible acceleration in inflation: geopolitical developments and their impact on economic activity, shekel depreciation, prolonged supply limitations on activity, and fiscal developments."
projections inflation,2,8,8,"According to forecasters’ projections, inflation will continue to increase at the beginning of 2025, partly in view of the expected increase in VAT, and will then moderate toward the upper bound of the target in the second half of the year  ."
forecasters projections inflation,3,8,8,"According to forecasters’ projections, inflation will continue to increase at the beginning of 2025, partly in view of the expected increase in VAT, and will then moderate toward the upper bound of the target in the second half of the year  ."
arrears,1,8,8,"Despite the increase in the rate of credit in arrears among small and medium firms in the most recent data, business credit risk remains moderate."
prices and net,3,8,8,Government receipts from direct taxation in October (in fixed prices and net of legislative changes and one-off revenues) are higher than the long-term trend  .
offset,1,8,7,"The steep decline in oil prices in recent weeks may offset the factors supporting inflation, but its impact on the “adjusted indices” will be limited."
business activity,2,8,7,It appears that the risks due to a worsening of the “trade war” are trickling down to the business activity of leading corporations as well.
vacancy rate declined,3,8,7,"In recent months, the unemployment rate increased slightly, and the job vacancy rate declined, but the labor market remains tight and supports the assessment that the economy is in a full employment environment."
except,1,8,7,"There was an increase in investment in most of the principal industries, except for investment in residential construction that continued to decline, and exports (excluding diamonds and startups) grew due to exports of services, while exports of goods remained sluggish  ."
early,1,8,7,"Although in recent months the unemployment rate increased slightly and the job vacancy rate declined somewhat, it is too early to determine whether these point to the beginning of a change in trend."
kept,1,8,7,"However, the IMF kept its 2019 world trade growth forecast unchanged and slightly reduced its 2020 forecast."
sentiment indices,2,8,7,"In Europe, economic activity continues to lose momentum and sentiment indices continue to weaken."
remains stable,2,8,7,The inflation environment remains stable above the lower bound of the target range.
longer terms,2,8,7,"One-year inflation expectations and forecasts are slightly above the lower bound of the target range, and forward expectations for medium and longer terms remained near the midpoint of the target."
increased moderately,2,8,7,"In recent months, home prices again increased moderately, so that overall they increased by approximately 1.0 percent in the past year, while rental prices remained stable in the past two months."
past three months,3,8,7,"After about a year in which it hovered in the lower portion of the target range, annual inflation has, for the past three months, been below the target."
declined in view,3,8,7,"In Japan, second quarter growth declined in view of the weakness of exports and investments."
taking,1,8,7,"Furthermore, the Committee is taking additional steps as necessary to make monetary policy more accommodative."
currencies,1,8,7,"Since the previous interest rate decision, the shekel has been relatively stable against the dollar, while most other currencies strengthened against the dollar."
economic activity show,3,8,7,"Most indicators of economic activity show that in the fourth quarter, the economy continued to grow solidly."
prices of oil,3,8,7,Prices of oil and commodities used in manufacturing declined in view of an expectation of a significant decline in demand from China  .
committee decided,2,8,7,"In addition, the Committee decided on 2 additional steps:"
reach,1,8,7,The debt to GDP ratio is expected to reach about 75 percent in 2020.
health,1,8,7,An analysis of the negative impact on private consumption—in accordance with the magnitude of the Ministry of Health’s limitations on the various consumption items and the weight of each item in the household consumption basket—indicates that private consumption is about 27 percent lower than its pre-crisis level.
bond markets,2,8,7,Yields in government and corporate bond markets were particularly volatile and there was a sharp rise in risk spreads.
lowest,1,8,7,"Real time indicators of economic activity point to a recovery in some industries, though the level of activity continues to be low and in the industries in which the main limitations have not yet been removed it remains around the lowest level, and the recovery is reflected only partly in the labor market."
restaurants,1,8,7,"In industries in which the main limitations have not yet been removed (such as tourism, restaurants, education and leisure), the level of purchases remains near the lowest point  ."
services industry,2,8,7,"Of particular note have been the increases in credit card expenditure in the restaurant industry and the education and leisure services industry, which until recent weeks had typically been stable at low activity levels, while tourism remains very low."
survey conducted,2,8,7,"The findings of the most recent real-time survey conducted by the Central Bureau of Statistics, at the beginning of July, show a worsening of the adverse impact to business revenue and the share of workers who are employed  ."
survey data,2,8,7,"Companies Survey data for the third quarter show that the net balance increased to a higher level than during the first quarter of 2020, but its level still reflects a strong contraction of activity."
barrel,1,8,7,"Oil prices declined to about $43 per barrel, while commodity prices continued to increase  . decision will be published on November 5, 2020."
continues to reflect,3,8,7,"According to the Central Bureau of Statistics Business Tendency Survey, the business sector’s total net balance declined more moderately than in the previous lockdown, but it continues to reflect strong contraction in activity  ."
strong economic,2,8,7,The vaccination campaign is progressing rapidly but the spread of more contagious variants and the still high morbidity level are weighing on a return to strong economic activity.
well with stable,3,8,7,"The credit market continues to function well, with stable and low interest rates, supported by a range of steps taken by the Bank of Israel and the Ministry of Finance."
conduct,1,8,7,The Committee will therefore continue to conduct an accommodative monetary policy for a prolonged time.
almost,1,8,7,"However, there remains concern over the development of mutations that are resistant to the vaccinations or that would lead to more serious morbidity among the unvaccinated population, which constitutes a risk to the economy and to maintaining the almost full routine that the economy enters at the beginning of June."
rate is percent,3,8,7,"National Accounts data from the Central Bureau of Statistics indicates that GDP expanded by 3.35 percent in the first quarter of 2024, relative to the fourth quarter of 2023, and in annual terms, the growth rate is 14.1 percent (Table 1)."
mixed trend,2,8,7,"According to the Business Tendency Survey, in March and April, there was a mixed trend in firms’ difficulty in obtaining credit."
remained higher,2,8,7,"Goods exports (excluding ships, aircraft, and diamonds, in dollars) declined slightly in August, but remained higher than they were prior to the crisis."
world therefore,2,8,7,"Monetary tightening around the world therefore continues. ​ The Israeli economy recorded high growth alongside the COVID-19 virus, and various indicators point to continued strong activity."
therefore continues,2,8,7,"Monetary tightening around the world therefore continues. ​ The Israeli economy recorded high growth alongside the COVID-19 virus, and various indicators point to continued strong activity."
world therefore continues,3,8,7,"Monetary tightening around the world therefore continues. ​ The Israeli economy recorded high growth alongside the COVID-19 virus, and various indicators point to continued strong activity."
components increased,2,8,7,The annual pace of inflation in both the nontradable and the tradable components increased in recent months  .
onward remain,2,8,7,"Expectations derived from the capital market for the second year onward remain within the target range, and long-term expectations are anchored at the midpoint of the range."
previous forecasts,2,8,7,"In the US, the annual increase in the CPI declined to 7.7 percent in October, lower than previous forecasts."
unsold,1,8,7,"The declines in the number of housing transactions and in new mortgage volume continue, while the stock of unsold homes held by developers increased markedly in the past year."
stock of unsold,3,8,7,"The declines in the number of housing transactions and in new mortgage volume continue, while the stock of unsold homes held by developers increased markedly in the past year."
home price,2,8,7,"Home price increases in the past 12 months moderated to 9.8 percent  , and the index of home prices declined by 0.2 percent in May."
economy risk,2,8,7,"While volatility in the markets has moderated and the financial markets are functioning properly, the economy’s risk premium remains high."
economy risk premium,3,8,7,"While volatility in the markets has moderated and the financial markets are functioning properly, the economy’s risk premium remains high."
local,1,8,7,"In the capital market, following sharp declines at the beginning of the war, the trend has changed in the past two weeks, with local equity indices rising sharply, similar to the global trend."
constraints on activity,3,8,7,"The Committee’s assessment is that there are still a number of risks of a potential acceleration in inflation: the effects of the war and its progress on economic activity, the constraints on activity in the construction industry, a depreciation of the shekel, and fiscal behavior."
left its rate,3,8,7,"Following three consecutive interest rate reductions, the Federal Reserve left its rate unchanged in January  ."
updated,1,8,6,An analysis of the data and of updated indicators of economic activity leads to the assessment that the economy is converging to its potential growth rate.
forecast downward,2,8,6,"The IMF revised its growth forecast downward for most countries and regions, and the moderation in world trade continues."
process of monetary,3,8,6,"The gradual normalization process of monetary policy worldwide continues, but policy remains accommodative in most economies."
prices moderated,2,8,6,"Inflation in tradable goods prices moderated, primarily as a result of a slowdown in the annual rate of increase in energy prices, despite the increase in oil prices until recently and the depreciation of the shekel."
limited,1,8,6,"The steep decline in oil prices in recent weeks may offset the factors supporting inflation, but its impact on the “adjusted indices” will be limited."
long-term growth,2,8,6,"Regarding economic activity, the first estimate by the Central Bureau of Statistics for full year growth in 2018 is 3.2 percent, similar to the long-term growth rate."
fourth quarter growth,3,8,6,"In the UK, fourth quarter 2018 growth declined because investments decreased sharply in view of Brexit."
second quarter growth,3,8,6,"Some indicators of second quarter growth point to moderation, but others show that growth is continuing at a solid pace."
highest level,2,8,6,"Inflation over the past 12 months was 1.5 percent  , its highest level since 2013, with the volatile fruit and vegetables component making a relatively significant contribution  ."
long-term expectations remained,3,8,6,"Short- and medium-term inflation expectations declined, with one-year expectations ranging around the lower bound of the target range, but long-term expectations remained anchored near the midpoint of the target range."
expectations remained anchored,3,8,6,"Short- and medium-term inflation expectations declined, with one-year expectations ranging around the lower bound of the target range, but long-term expectations remained anchored near the midpoint of the target range."
reductions,1,8,6,"Interest rates were lowered in the US and other economies, and further reductions are expected."
reporting serious,2,8,6,"Exports are increasing solidly, but the Business Tendency Survey indicates some increase in the rate of companies reporting serious constraints in export profitability, following a decline in this rate during 2018."
number of people,3,8,6,"A breakdown of the unemployed by how long they have been waiting to return to employment, and the decline in the number of people who are involuntarily employed part-time also indicate a tight labor market."
need,1,8,6,"Growth in 2020 is expected to be about 0.5 percentage points lower than in the previous forecast, as a result of the decline in export forecasts due to the expected slowdown in world trade, and due to the assumption that the government will need to take certain measures to lower the deficit."
ramifications,1,8,6,"Growth in China continued to moderate, and the ramifications of the trade war and the slowdown in the growth rate led the regime to continue its monetary accommodation measures."
interim,1,8,6,"However, the interim budget is expected to have a markedly contractionary effect in the first half of 2020, and there is continuing uncertainty regarding budgetary policy thereafter."
interim budget,2,8,6,"However, the interim budget is expected to have a markedly contractionary effect in the first half of 2020, and there is continuing uncertainty regarding budgetary policy thereafter."
department staff,2,8,6,"According to the Research Department’s staff forecast, growth is expected to slow somewhat in 2020."
research department staff,3,8,6,"According to the Research Department’s staff forecast, growth is expected to slow somewhat in 2020."
department staff forecast,3,8,6,"According to the Research Department’s staff forecast, growth is expected to slow somewhat in 2020."
through,1,8,6,"The expansion of the plan through which repo transactions are carried out vis-à-vis financial entities, so that the agreements can include corporate bonds (in addition to government bonds) as security."
recovery in economic,3,8,6,"In China, a recovery in economic activity is starting to be observed."
measures taken,2,8,6,"In Israel, the sharp increase in government bond yields and in corporate bond spreads was halted following measures taken by the Bank of Israel and the halt of mutual fund withdrawals."
provide,1,8,6,"With the removal of restrictions and the recovery of the economy, there is less need for the specific program to provide long-term loans to the banking system against loans to be issued to small and micro businesses, and the operation of this tool will be halted."
jumped,1,8,6,"However, it jumped to 19 percent in the second half of September following the imposition of the second lockdown."
card companies,2,8,6,"At the end of September, the outline for deferring payments on bank loans was further extended and expanded, and loans from credit card companies were also included in the deferrals."
credit card companies,3,8,6,"At the end of September, the outline for deferring payments on bank loans was further extended and expanded, and loans from credit card companies were also included in the deferrals."
diamonds in dollars,3,8,6,"Manufacturing exports (excluding ships, aircraft, and diamonds, in dollars) increased slightly in October, returning to the level from before the first lockdown, driven by high-technology exports  ."
adjusted in annual,3,8,6,"Despite the second lockdown in October and the start of the third lockdown at the end of December, GDP grew by 6.3 percent in the fourth quarter of 2020 (seasonally adjusted, in annual terms,  )."
brought forward,2,8,6,Fourth-quarter growth was markedly affected by vehicle imports being brought forward in view of expected changes in taxation.
first quarter data,3,8,6,"According to the first estimate of National Accounts data for the first quarter, GDP contracted by an annual rate of 6.5 percent, but first quarter data reflect a complex picture."
government expenditures,2,8,6,"First quarter GDP data were significantly impacted by vehicle imports that had been brought forward to the end of 2020 because of changes in tax rates, and by the shift of the timing of government expenditures on public consumption."
trend of recovery,3,8,6,The trend of recovery in consumption is reflected in the industries that were significantly hard-hit by the restrictions  .
processes,1,8,6,"In the Committee’s assessment, the monetary tightening processes in Israel and abroad, alongside the easing of the supply chain difficulties and declines in the prices of oil and other commodities will act to moderate inflation."
lowering,1,8,6,"The Federal Reserve has significantly revised its interest rate forecast for the coming years, while lowering its growth forecast."
moderation of activity,3,8,6,"However, monetary policy tightening and moderation of activity abroad are expected to lead to some slowdown in economic activity in Israel as well, and a number of indicators are showing signs of the beginning of such a process."
changed,1,8,6,"Since the previous policy decision, exchange rates have been characterized by considerable volatility—in the beginning of the intermeeting period the shekel strengthened, and later on the trend changed and the shekel depreciated by approximately 5 percent in the last month."
slowing trend,2,8,6,There was a slowing trend in bank and nonbank credit to all activity segments and all industries.
industry is recovering,3,8,6,"Alongside these figures, activity in the construction industry is recovering gradually, but the industry continues to function below its full potential."
tenant,1,8,6,"However, for rentals in which the tenant changed, there was an increase of 5.3 percent in rents."
stability support,2,8,6,"The Monetary Committee’s policy is focusing on price stability, support for economic activity, and stability of the markets."
focusing on price,3,8,6,"The Monetary Committee’s policy is focusing on price stability, support for economic activity, and stability of the markets."
price stability support,3,8,6,"The Monetary Committee’s policy is focusing on price stability, support for economic activity, and stability of the markets."
support for economic,3,8,6,"The Monetary Committee’s policy is focusing on price stability, support for economic activity, and stability of the markets."
activity and stability,3,8,6,"The Monetary Committee’s policy is focusing on price stability, support for economic activity, and stability of the markets."
inflation economic,2,8,6,"The interest rate path will be determined in accordance with the development of inflation, economic activity, geopolitical uncertainty, and fiscal developments."
activity geopolitical,2,8,6,"The interest rate path will be determined in accordance with the development of inflation, economic activity, geopolitical uncertainty, and fiscal developments."
inflation economic activity,3,8,6,"The interest rate path will be determined in accordance with the development of inflation, economic activity, geopolitical uncertainty, and fiscal developments."
economic activity geopolitical,3,8,6,"The interest rate path will be determined in accordance with the development of inflation, economic activity, geopolitical uncertainty, and fiscal developments."
activity geopolitical uncertainty,3,8,6,"The interest rate path will be determined in accordance with the development of inflation, economic activity, geopolitical uncertainty, and fiscal developments."
uncertainty and fiscal,3,8,6,"The interest rate path will be determined in accordance with the development of inflation, economic activity, geopolitical uncertainty, and fiscal developments."
steep,1,8,5,"The steep decline in oil prices in recent weeks may offset the factors supporting inflation, but its impact on the “adjusted indices” will be limited."
department's,1,8,5,"According to the Research Department's staff forecast, inflation in the next four quarters is expected to be 1.3 percent."
research department's,2,8,5,"According to the Research Department's staff forecast, inflation in the next four quarters is expected to be 1.3 percent."
expectation,1,8,5,"In the financial markets, there were increases in the equity indices  , and declines in government bond yields in view of the expectation that the process of global monetary contraction will be halted for now."
continued slowdown,2,8,5,Foreign trade data indicate a continued slowdown in goods exports in May  .
slowdown in china,3,8,5,"The risks to the global economy remain significant, mainly in view of the ""trade war"", political risk in Europe and in the Persian Gulf, and the concern of a slowdown in China."
extended,1,8,5,"If the appreciation persists, it will be harder for a more extended period to return inflation to the target range."
take,1,8,5,"Moreover, if necessary, the Committee will take additional steps toward making monetary policy even more accommodative in order to support a process at the end of which inflation will stabilize around the midpoint of the target range, and to support economic activity."
rate of companies,3,8,5,"Exports are increasing solidly, but the Business Tendency Survey indicates some increase in the rate of companies reporting serious constraints in export profitability, following a decline in this rate during 2018."
implications,1,8,5,"The interim budget is expected to have a markedly contractionary effect in the first half of 2020, even in view of the path of government debt repayment, and uncertainty remains regarding budgetary policy thereafter and its implications for economic activity and inflation."
return of inflation,3,8,5,"Since the previous interest rate decision, the shekel has strengthened by approximately 3 percent in terms of the nominal effective exchange rate, a development that continues to weigh on the return of inflation to the target range."
contraction of percent,3,8,5,"In comparison, in a more severe scenario where only partial control of the pandemic is achieved and there is a further worsening of the situation globally, the forecast expects a contraction of 7 percent and an unemployment rate of 13.6 percent."
percent in compared,3,8,5,"In the first scenario, GDP is expected to grow by 6 percent in 2021, compared with 3 percent in the more serious scenario."
definition,1,8,5,"The definition of broad unemployment does not include employees who were absent from their jobs for other reasons, such as reserve duty, caring for children in the absence of day care or educational frameworks, and others."
limitations on activity,3,8,5,"The effectiveness of the vaccination program has led to a sharp decline in morbidity rates, and has allowed a broad relaxation of the limitations on activity."
medium term,2,8,5,"However, there is still a great extent of uncertainty regarding economic activity in the medium term, mainly in view of the risk of cyclicality of additional morbidity waves."
trend in home,3,8,5,"The upward trend in home prices accelerated in recent months, with prices rising by 11.3 percent in the past 12 months, a significantly higher pace than in previous years."
credit rating,2,8,5,"During the reviewed period, the Moody’s credit rating agency lowered its ratings forecast for Israel from positive to stable, and left its rating unchanged."
contracts increased,2,8,5,"Monthly rents for tenants renewing their contracts increased by 3.6 percent in May, and monthly rents on new contracts increased by 8.6 percent."
civilian,1,8,5,"In view of the effects of the war, it is expected that the impact to economic activity will lead to a decline in tax revenue, with a parallel increase in defense expenditures, and that the government will operate a civilian assistance program."
current level,2,8,4,"The signals sent out by the Federal Reserve indicate that the interest rate will remain at its current level unless there is a significant change in the state of the economy, and market assessments are that the ECB is not expected to change its interest rate in the next two years."
environment remained low,3,8,4,"The exchange rate is weighing on the recovery of exports, particularly in view of the decline in global demand, and on the return of the inflation to the target. ​The inflation environment remained low."
security situation,2,8,4,The deterioration in the security situation that lasted approximately 10 days apparently had only a limited negative impact.
moderation in number,3,8,4,"Economic activity in Israel is at a high level, and is accompanied by a tight labor market, although there is some moderation in a number of indicators."
operation against iran,3,8,4,"Following Operation Rising Lion (the military operation against Iran), Israel’s risk premium declined significantly, but it remains higher than it was before the October 7, 2023 massacre."
ceasefire,1,8,4,"With regard to the fighting in Gaza, the forecast was formulated under the assumption that the ceasefire agreement currently being discussed will lead to a situation in which during the forecast horizon, beginning in July 2025, the fighting in Gaza will not be intense."
high risk,2,8,3,"Alongside this, the extent of geopolitical uncertainty has increased, reflecting a relatively high risk premium for the economy."
high risk premium,3,8,3,"Alongside this, the extent of geopolitical uncertainty has increased, reflecting a relatively high risk premium for the economy."
fighting in gaza,3,8,3,"The negative outlook, as explained by the agency, is mainly due to uncertainty regarding the expansion of the war to the northern front, the duration of the fighting in Gaza, and the change in fiscal policy."
expectations for medium,3,7,7,"Expectations for medium terms remained entrenched within the target range, though there has been a slight decline recently in longer-term expectations."
private consumption grew,3,7,7,"Private consumption grew moderately, and investment continued to contract, despite the firming of residential construction investment after it had declined over several quarters."
expects,1,7,7,The Research Department expects inflation of 1.3 percent over the coming four quarters.
increase in wages,3,7,7,"The continued increase in wages and the economy being around full employment will support a continued rise in inflation toward the midpoint of the target, as will the depreciation, to the extent it persists."
indices declined,2,7,7,"In the past two months, Tel Aviv Stock Exchange equity indices declined by approximately 10 percent  , which is in line with the marked declines on major global equity indices  ."
percent similar,2,7,7,"Regarding economic activity, the first estimate by the Central Bureau of Statistics for full year growth in 2018 is 3.2 percent, similar to the long-term growth rate."
retail,1,7,7,"Retail sales declined sharply, stemming in part from the deferral of US federal government workers’ salaries."
left the federal,3,7,7,"In the US, the pace of inflation moderated, and the Fed left the federal funds rate unchanged  , and interest rate forecasts were revised downward."
order to support,3,7,7,"In addition, the ECB renewed its program of providing credit to the commercial banks in order to support economic activity in the eurozone."
meeting,1,7,7,"For the year to date, the shekel has strengthened by 6 percent in terms of the nominal effective exchange rate, and since the last meeting it has appreciated by 1.2 percent."
trade data indicate,3,7,7,"There is an apparent decline in the share of companies in the Business Tendency Survey reporting a severe constraint in export orders, but foreign trade data indicate a slowdown in goods exports in April."
several months,2,7,7,"However, while the job vacancy rate remains high, it has been declining moderately for several months."
surrounding,1,7,7,"The slowdown in world trade continues  , but the political risks have moderated in view of the signing of the first stage of the trade agreement between the US and China, and the decline in uncertainty surrounding the progress of the Brexit process."
nontradable goods,2,7,7,"Inflation in the prices of nontradable goods, an approximation of the domestic component of inflation, moderated in recent months, but remains above the 2 percent level, and inflation in tradable goods prices continues to increase."
types,1,7,7,The number of transactions increased markedly among all types of homebuyers.
industrial production,2,7,7,"In Europe, the economic picture continues to indicate weakness, and industrial production continues to contract."
bonds increased slightly,3,7,7,"Yield spreads between corporate bonds in Israel and comparable government bonds increased slightly, after having declined since the beginning of the year."
number of purchases,3,7,7,"The number of purchases grew, led by first home buyers."
increase in rents,3,7,7,"The increase in the past year is approximately 0.7 percent, while the rate of increase in rents remained stable around 2.5 percent."
exports continued,2,7,7,"Goods exports were flat in October and November, while services exports continued to grow rapidly in October  ."
agreement,1,7,7,"Growth surprised to the upside in the fourth quarter as well, and the trade agreement that is taking shape with China may contribute to a recovery in manufacturing."
achieve the monetary,3,7,7,"The Committee will expand the use of the existing tools, including the interest rate tool, and will be able to operate additional ones, to the extent that the crisis lengthens and it is necessary to achieve the monetary policy goals and to moderate the negative economic impact created as a result of the crisis."
input,1,7,7,"The same analysis indicates that the negative impact on the labor input is about 45 percent, and in addition to employees who were laid off or were placed on unpaid leave, it reflects the scope of part time work among workers who remain employed or who were placed on paid leave."
accounts data gdp,3,7,7,"Based on the first estimate of National Accounts data, GDP contracted by 7.1 percent in the first quarter, in annual terms, as a result of the shutdown of a notable part of economic activity in the middle of March  ."
import of raw,3,7,7,"Goods imports contracted as well, but the import of raw materials remained stable in view of the adverse impact on manufacturing being relatively moderate  ."
mortgage volumes,2,7,7,"In March, there was a steep increase in mortgage volumes as many borrowers rushed to close on the interest rates agreed on prior to the crisis, and in April there was a decline in mortgage volume with some increase in the interest rate."
necessary in order,3,7,7,"The Committee will expand the use of the existing tools, including the interest rate tool, and will operate additional ones, to the extent that it assesses that it is necessary in order to achieve the monetary policy goals and to moderate the adverse economic impact resulting from the crisis."
force survey,2,7,7,"Alongside the increase in economic activity, Labor Force Survey data for the first half of March indicate a decline in the broad unemployment rate to 12 percent  ."
labor force survey,3,7,7,"Alongside the increase in economic activity, Labor Force Survey data for the first half of March indicate a decline in the broad unemployment rate to 12 percent  ."
scenario gdp,2,7,7,"In the first scenario, GDP is expected to grow by 6 percent in 2021, compared with 3 percent in the more serious scenario."
higher level,2,7,7,"Companies Survey data for the third quarter show that the net balance increased to a higher level than during the first quarter of 2020, but its level still reflects a strong contraction of activity."
sector increased,2,7,7,"Bank credit to the business sector increased in recent months, and the increase in housing credit also continued."
treasury,1,7,7,"The high morbidity levels have led to a slowdown in the services sector, mainly in Europe, while the improvements in manufacturing and in world trade continue. start of inoculation campaigns, with slight increases in US treasury bond yields."
israeli equity,2,7,7,The Israeli equity market showed large price increases relative to markets abroad.
indicate expansion,2,7,7,Purchasing managers indices for January continued to indicate expansion of global activity in both the services and manufacturing components  .
global activity,2,7,7,Purchasing managers indices for January continued to indicate expansion of global activity in both the services and manufacturing components  .
continued to indicate,3,7,7,Purchasing managers indices for January continued to indicate expansion of global activity in both the services and manufacturing components  .
services and manufacturing,3,7,7,Purchasing managers indices for January continued to indicate expansion of global activity in both the services and manufacturing components  .
challenges,1,7,7,"However, there are still challenges to economic activity in view of the health risks in Israel and abroad."
still challenges,2,7,7,"However, there are still challenges to economic activity in view of the health risks in Israel and abroad."
challenges to economic,3,7,7,"However, there are still challenges to economic activity in view of the health risks in Israel and abroad."
prolonged time,2,7,7,The Committee will therefore continue to conduct an accommodative monetary policy for a prolonged time.
continue to conduct,3,7,7,The Committee will therefore continue to conduct an accommodative monetary policy for a prolonged time.
policy for prolonged,3,7,7,The Committee will therefore continue to conduct an accommodative monetary policy for a prolonged time.
rate to percent,3,7,7,"Alongside the increase in economic activity, Labor Force Survey data for the first half of March indicate a decline in the broad unemployment rate to 12 percent  ."
macroeconomic staff,2,7,7,The Bank of Israel Research Department revised its macroeconomic staff forecast for the coming two years.
macroeconomic staff forecast,3,7,7,The Bank of Israel Research Department revised its macroeconomic staff forecast for the coming two years.
various sizes,2,7,7,"According to the Central Bureau of Statistics Business Tendency Survey, reported financing difficulties among businesses of various sizes are returning to levels similar to those that were prevalent prior to the crisis  ."
businesses of various,3,7,7,"According to the Central Bureau of Statistics Business Tendency Survey, reported financing difficulties among businesses of various sizes are returning to levels similar to those that were prevalent prior to the crisis  ."
bank target,2,7,7,There were interest rate increases in a number of countries where inflation markedly deviated from the central bank target  .
central bank target,3,7,7,There were interest rate increases in a number of countries where inflation markedly deviated from the central bank target  .
addition the debt,3,7,7,"In addition, the debt to GDP ratio in 2022 and 2023 is expected to be 69 percent."
strong activity,2,7,7,"Monetary tightening around the world therefore continues. ​ The Israeli economy recorded high growth alongside the COVID-19 virus, and various indicators point to continued strong activity."
materials constraint reported,3,7,7,"In view of the continuing global supply chain difficulties, the intensity of the equipment and raw materials constraint reported by companies remained high."
remain very high,3,7,7,"Goods exports (excluding ships, aircraft, and diamonds) remain higher than before the crisis, and services exports remain very high  ."
declined relative,2,7,7,"Investors increased the pace of their purchases in October and November, prior to the increase in the purchase tax, and decreased their purchases thereafter  .The volume of new mortgages taken out in January declined relative to data from the end of 2021, but remained high by historical comparison  ."
remains at level,3,7,7,"The global purchasing managers index declined in view of the outbreak of the Omicron variant, but remains at a level indicating economic expansion  ."
pressure,1,7,7,"The war in Ukraine and the increase in morbidity in China are deepening the interruptions in the global production chains, increasing inflationary pressure, and leading to some slowdown in the pace of global economic activity."
remained relatively low,3,7,7,"According to the Central Bureau of Statistics Business Tendency Survey, financing constraints among businesses of various sizes remained relatively low in all sectors."
decided to continue,3,7,7,The Committee has therefore decided to continue the gradual process of increasing the interest rate.
public sector,2,7,7,"However, wages in the business sector are slightly higher than the path that corresponds to the prepandemic trend, while wages in the public sector are increasing more moderately."
revised their global,3,7,7,"In view of this, investment houses have revised their global growth forecasts downward  ."
year onward remain,3,7,7,"Expectations derived from the capital market for the second year onward remain within the target range, and long-term expectations are anchored at the midpoint of the range."
indicator,1,7,7,"The volume of activity in world trade recovered slightly in recent months, but the export orders component of the index, which is a leading indicator of the volume of trade in coming months, is at contraction level."
leading indicator,2,7,7,"The volume of activity in world trade recovered slightly in recent months, but the export orders component of the index, which is a leading indicator of the volume of trade in coming months, is at contraction level."
moderation of demand,3,7,7,"In the Committee’s assessment, the monetary tightening processes in Israel and abroad, and the moderation of demand alongside the easing of the supply chain difficulties and the decline in commodity prices, will act to moderate inflation."
wages increased,2,7,7,"According to data from August, wages increased and are above the precrisis trend, but in real terms, they are around the trend projected based on the precrisis trend  ."
economies and emerging,3,7,7,The global purchasing managers’ indices of both advanced economies and emerging markets indicate a slowdown in the pace of economic activity  .
ecb increased,2,7,7,The ECB increased its interest rate by 75 basis points for the second consecutive time.
eurozone inflation,2,7,7,"In the eurozone, inflation moderated to 10.1 percent in November, lower than the previous forecast."
monetary committee assessment,3,7,7,"The Monetary Committee’s assessment is that the monetary tightening processes in Israel and abroad, and the moderation of demand, are working to moderate inflation."
pace of expansion,3,7,7,"Economic activity is around the long-term trend, although the pace of expansion has slowed relative to last year."
consumption goods,2,7,7,"First quarter growth was influenced by increases in fixed capital formation and in services exports excluding startups, alongside moderation of private consumption, goods exports and goods imports  ."
tax revenue,2,7,7,"Tax revenue in the first months of the year (January–April) was in line with Research Department forecasts, and was lower than in the same period last year."
months moderated,2,7,7,"Home prices increases in the past 12 months moderated to 11 percent  , and prices remained unchanged in April following a slight decline in March."
past months moderated,3,7,7,"Home prices increases in the past 12 months moderated to 11 percent  , and prices remained unchanged in April following a slight decline in March."
year is percent,3,7,7,"Net of energy and fruits and vegetables, inflation in the past year is 4.9 percent, and with the further neutralization of the effects of taxation and regulation inflation is 5.1 percent  ."
inflation remained unchanged,3,7,7,"Core inflation remained unchanged, at an annual rate of 6.9 percent."
stands,1,7,7,"The annual pace of inflation of the tradable components has been volatile lately, and stands at 2.6 percent  ."
stands at percent,3,7,7,"The annual pace of inflation of the tradable components has been volatile lately, and stands at 2.6 percent  ."
local equity,2,7,7,"In the capital market, following sharp declines at the beginning of the war, the trend has changed in the past two weeks, with local equity indices rising sharply, similar to the global trend."
local equity indices,3,7,7,"In the capital market, following sharp declines at the beginning of the war, the trend has changed in the past two weeks, with local equity indices rising sharply, similar to the global trend."
global market,2,7,7,"However, the underperformance of the domestic market relative to the global market since start of 2023 remains significant  ."
domestic equities,2,7,7,"However, the cumulative underperformance of the domestic equities market relative to the global market since the start of 2023 remains significant  ."
equities market,2,7,7,"However, the cumulative underperformance of the domestic equities market relative to the global market since the start of 2023 remains significant  ."
dates,1,7,7,Interest rate decision dates for 2024 and 2025 are available at: https://www.boi.org.il/en/economic-roles/monetary-policy/interest-rate-announcement-dates-2024/
https,1,7,7,Interest rate decision dates for 2024 and 2025 are available at: https://www.boi.org.il/en/economic-roles/monetary-policy/interest-rate-announcement-dates-2024/
www,1,7,7,Interest rate decision dates for 2024 and 2025 are available at: https://www.boi.org.il/en/economic-roles/monetary-policy/interest-rate-announcement-dates-2024/
boi,1,7,7,Interest rate decision dates for 2024 and 2025 are available at: https://www.boi.org.il/en/economic-roles/monetary-policy/interest-rate-announcement-dates-2024/
org,1,7,7,Interest rate decision dates for 2024 and 2025 are available at: https://www.boi.org.il/en/economic-roles/monetary-policy/interest-rate-announcement-dates-2024/
il,1,7,7,Interest rate decision dates for 2024 and 2025 are available at: https://www.boi.org.il/en/economic-roles/monetary-policy/interest-rate-announcement-dates-2024/
en,1,7,7,Interest rate decision dates for 2024 and 2025 are available at: https://www.boi.org.il/en/economic-roles/monetary-policy/interest-rate-announcement-dates-2024/
economic-roles,1,7,7,Interest rate decision dates for 2024 and 2025 are available at: https://www.boi.org.il/en/economic-roles/monetary-policy/interest-rate-announcement-dates-2024/
monetary-policy,1,7,7,Interest rate decision dates for 2024 and 2025 are available at: https://www.boi.org.il/en/economic-roles/monetary-policy/interest-rate-announcement-dates-2024/
interest-rate-announcement-dates,1,7,7,Interest rate decision dates for 2024 and 2025 are available at: https://www.boi.org.il/en/economic-roles/monetary-policy/interest-rate-announcement-dates-2024/
decision dates,2,7,7,Interest rate decision dates for 2024 and 2025 are available at: https://www.boi.org.il/en/economic-roles/monetary-policy/interest-rate-announcement-dates-2024/
https www,2,7,7,Interest rate decision dates for 2024 and 2025 are available at: https://www.boi.org.il/en/economic-roles/monetary-policy/interest-rate-announcement-dates-2024/
www boi,2,7,7,Interest rate decision dates for 2024 and 2025 are available at: https://www.boi.org.il/en/economic-roles/monetary-policy/interest-rate-announcement-dates-2024/
boi org,2,7,7,Interest rate decision dates for 2024 and 2025 are available at: https://www.boi.org.il/en/economic-roles/monetary-policy/interest-rate-announcement-dates-2024/
org il,2,7,7,Interest rate decision dates for 2024 and 2025 are available at: https://www.boi.org.il/en/economic-roles/monetary-policy/interest-rate-announcement-dates-2024/
il en,2,7,7,Interest rate decision dates for 2024 and 2025 are available at: https://www.boi.org.il/en/economic-roles/monetary-policy/interest-rate-announcement-dates-2024/
en economic-roles,2,7,7,Interest rate decision dates for 2024 and 2025 are available at: https://www.boi.org.il/en/economic-roles/monetary-policy/interest-rate-announcement-dates-2024/
economic-roles monetary-policy,2,7,7,Interest rate decision dates for 2024 and 2025 are available at: https://www.boi.org.il/en/economic-roles/monetary-policy/interest-rate-announcement-dates-2024/
monetary-policy interest-rate-announcement-dates,2,7,7,Interest rate decision dates for 2024 and 2025 are available at: https://www.boi.org.il/en/economic-roles/monetary-policy/interest-rate-announcement-dates-2024/
rate decision dates,3,7,7,Interest rate decision dates for 2024 and 2025 are available at: https://www.boi.org.il/en/economic-roles/monetary-policy/interest-rate-announcement-dates-2024/
available at https,3,7,7,Interest rate decision dates for 2024 and 2025 are available at: https://www.boi.org.il/en/economic-roles/monetary-policy/interest-rate-announcement-dates-2024/
https www boi,3,7,7,Interest rate decision dates for 2024 and 2025 are available at: https://www.boi.org.il/en/economic-roles/monetary-policy/interest-rate-announcement-dates-2024/
www boi org,3,7,7,Interest rate decision dates for 2024 and 2025 are available at: https://www.boi.org.il/en/economic-roles/monetary-policy/interest-rate-announcement-dates-2024/
boi org il,3,7,7,Interest rate decision dates for 2024 and 2025 are available at: https://www.boi.org.il/en/economic-roles/monetary-policy/interest-rate-announcement-dates-2024/
org il en,3,7,7,Interest rate decision dates for 2024 and 2025 are available at: https://www.boi.org.il/en/economic-roles/monetary-policy/interest-rate-announcement-dates-2024/
il en economic-roles,3,7,7,Interest rate decision dates for 2024 and 2025 are available at: https://www.boi.org.il/en/economic-roles/monetary-policy/interest-rate-announcement-dates-2024/
en economic-roles monetary-policy,3,7,7,Interest rate decision dates for 2024 and 2025 are available at: https://www.boi.org.il/en/economic-roles/monetary-policy/interest-rate-announcement-dates-2024/
economic-roles monetary-policy interest-rate-announcement-dates,3,7,7,Interest rate decision dates for 2024 and 2025 are available at: https://www.boi.org.il/en/economic-roles/monetary-policy/interest-rate-announcement-dates-2024/
brent,1,7,7,"Since the previous interest rate decision, oil prices declined by about 5 percent, with a barrel of Brent crude trading around $75."
volatility in vehicle,3,7,6,"However, an analysis of the data and of updated indicators of activity—and considering the impact of volatility in vehicle imports on GDP—indicates that the economy is apparently converging to its potential growth rate."
employment rates,2,7,6,"The unemployment rate remains very low, though the participation and employment rates appear to be moderating from the elevated levels they had reached."
participation and employment,3,7,6,"The unemployment rate remains very low, though the participation and employment rates appear to be moderating from the elevated levels they had reached."
fiscal expansion,2,7,6,"In the US, as noted, the high growth continued, driven by private consumption and the improvement in manufacturing activity, while the fiscal expansion’s impact is expected to dissipate in 2020."
tel,1,7,6,"In the past two months, Tel Aviv Stock Exchange equity indices declined by approximately 10 percent  , which is in line with the marked declines on major global equity indices  ."
past two months,3,7,6,"In the past two months, Tel Aviv Stock Exchange equity indices declined by approximately 10 percent  , which is in line with the marked declines on major global equity indices  ."
data published,2,7,6,"In Japan, the economic activity data published in the fourth quarter indicate a recovery, following contraction in the third quarter."
rate declined slightly,3,7,6,"Labor market data show that it remains tight: the unemployment rate declined slightly, the employment rate stabilized at a record high level, and the increase in wages continues."
bonds in israel,3,7,6,The gap between government bond yields in the US and the yields on parallel bonds in Israel narrowed slightly  .
clear,1,7,6,"The second estimate of National Accounts data by the Central Bureau of Statistics also shows that economic growth in the fourth quarter of 2018 was in line with the long-term rate, and it is clear that the slowdown in mid-2018 was transitory  ."
expectations remain,2,7,6,"Medium-term and long-term forward expectations remain around the midpoint of the target range, but expectations for the second year declined slightly  ."
israel increased,2,7,6,"Yield spreads between corporate bonds and comparable duration government bonds in Israel increased slightly, similar to the global trend  ."
increased markedly,2,7,6,"The number of transactions increased markedly, particularly among first-time homebuyers, alongside the continued decline in investment in residential construction."
declines in equity,3,7,6,"Until recently, the reaction in the financial markets was moderate, but in recent days, the uncertainty has increased and there have been sharp declines in equity markets. prior to this interest rate decision will be published on March 9, 2020."
grown,1,7,6,"For several quarters, the economy has grown at around the potential rate."
bonds declined,2,7,6,Yield spreads between corporate bonds in Israel and comparable government bonds declined slightly.
government bonds declined,3,7,6,Yield spreads between corporate bonds in Israel and comparable government bonds declined slightly.
participation rates,2,7,6,"Labor market data indicate that it remains tight—the unemployment rate continues to decline, and the latest data on the employment and participation rates show they declined slightly but remain high  ."
employment and participation,3,7,6,"Labor market data indicate that it remains tight—the unemployment rate continues to decline, and the latest data on the employment and participation rates show they declined slightly but remain high  ."
domestic economy,2,7,6,"The decision to hold new elections, and uncertainty regarding the measures the government will adopt following the elections in order to lower the deficit, increase the uncertainty regarding developments in the domestic economy."
consumption excluding,2,7,6,"Private consumption excluding durable goods and public consumption drove growth in the second quarter, and the trend of expansion that has characterized exports in the past two years continued, led by services exports."
cost,1,7,6,"The direct weekly cost of the third lockdown in its current format, compared with a state of full economic activity, is estimated at about NIS 2.5 billion."
sectors,1,7,6,"According to the Research Department’s assessment, the growth rate in the fourth quarter, net of the volatility in vehicle imports, was about 3.5 percent, and the growth encompassed virtually all sectors."
side,1,7,6,"The decline in global demand for various goods is expected to slow the rate of inflation, but on the supply side, the shortage of goods and raw materials imported from China may serve to increase inflation somewhat."
special,1,7,6,"In view of the ongoing crisis, the Research Department published a special update to its macroeconomic forecast that was published in April."
variety,1,7,6,"The credit market continues to function well and interest rates are stable , supported by a variety of measures taken by the Bank of Israel and the Ministry of Finance."
however the level,3,7,6,"However, the level of activity remains low."
global gdp,2,7,6,"Global GDP contracted sharply in the first quarter, particularly in the major economies, and indicators for April and May point to an even more significant contraction in the second quarter."
oil increased,2,7,6,"In view of the extension of the cut in oil production by OPEC member countries, the price of oil increased during the period, but remains significantly lower than it was at the beginning of the year  . ​ decision will be published on July 20, 2020."
remains significantly,2,7,6,"In view of the extension of the cut in oil production by OPEC member countries, the price of oil increased during the period, but remains significantly lower than it was at the beginning of the year  . ​ decision will be published on July 20, 2020."
period but remains,3,7,6,"In view of the extension of the cut in oil production by OPEC member countries, the price of oil increased during the period, but remains significantly lower than it was at the beginning of the year  . ​ decision will be published on July 20, 2020."
remains significantly lower,3,7,6,"In view of the extension of the cut in oil production by OPEC member countries, the price of oil increased during the period, but remains significantly lower than it was at the beginning of the year  . ​ decision will be published on July 20, 2020."
comparison,1,7,6,"In comparison, in a more severe scenario where only partial control of the pandemic is achieved and there is a further worsening of the situation globally, the forecast expects a contraction of 7 percent and an unemployment rate of 13.6 percent."
ease,1,7,6,"Monetary policy in various countries remained very accommodative, and the central banks continued signaling their preparedness to take nonconventional measures to ease financial conditions."
cpi moderated,2,7,6,"The negative contribution of the energy components to the CPI moderated, and in the past 12 months, they contributed -0.4 percentage points."
indicators regarding economic,3,7,6,"The available indicators regarding economic activity in November and December show recovery of economic activity throughout the gradual exit from the second lockdown, but the variance of the impact between the industries continues."
current account,2,7,6,"The increase in the Current Account surplus continued in the third quarter, with an increase in the surplus in the services account and a reduction of the deficit in the goods account."
previously,1,7,6,"In view of the dispersal of the Knesset without passing the state budget for 2021, and in order to prevent large-scale cutbacks in government activity, the government increased the budget base for 2020 so that the interim budget in 2021 will be less restraining than was previously expected."
normal,1,7,6,The opening of the economy and the return to normal life in Israel are expected to support continued rapid growth in the coming year.
exports increased,2,7,6,"Data on goods exports increased slightly in April and are remaining stable, following volatility during the crisis  ."
data continue,2,7,6,"This combination led to an output gap in the second quarter of about 3 percent, lower than the previous assessment, which was 4.5 percent. v Labor market data continue to return toward their precrisis levels."
hiring,1,7,6,"The number of job vacancies continued to increase, continuing to the trend since the beginning of the year, and the employee hiring constraint reported by firms continues to weigh on the expansion of activity."
activity continue,2,7,6,"The indicators regarding activity continue to show that the level of activity had returned to its long-term trend in most industries, but was lower than the trend in the vulnerable in-person industries, particularly tourism, hospitality, and culture."
number of building,3,7,6,"Home prices increased by 7.6 percent in the past 12 months  , a more rapid pace than in previous years, in view of the moderation in the number of building starts and in the number of building completions in the past year."
marked decline,2,7,6,There is a prolonged marked decline in building completions.
level of percent,3,7,6,"The broad unemployment rate is expected to be about 5.2 percent at the end of the period, compared with an average level of 3.8 percent in 2019."
environment remains high,3,7,6,"The global inflation environment remains high  , but the baseline assessment of the central banks in leading economies and of the capital markets is that a significant portion of the increase is not expected to persist  ."
high pace,2,7,6,"Home prices increased by about 10 percent in the past 12 months  , a high pace compared to previous years."
world continues,2,7,6,"With this, monetary tightening around the world continues."
level indicating,2,7,6,"The global purchasing managers index declined in view of the outbreak of the Omicron variant, but remains at a level indicating economic expansion  ."
prominent,1,7,6,"In view of the continuing global production and supply chain difficulties, the intensity of the equipment and raw materials constraint reported by companies remains high, with a prominent increase in the manufacturing and construction industries."
percent relative,2,7,6,"According to the first estimate of National Accounts data for the second quarter, GDP in the quarter grew by 6.8 percent relative to the first quarter of 2022  ."
abroad are expected,3,7,6,"However, monetary policy tightening and moderation of activity abroad are expected to lead to some slowdown in economic activity in Israel as well, and a number of indicators are showing signs of the beginning of such a process."
working ages percent,3,7,6,"The employment rate among the prime working ages (25–64) remains high (78.2 percent), but the most recent data show some decline  .The unemployment rate for those aged 15+ (3.9 percent) and among the prime working ages (3.5 percent) have been in an upward trend since June 2022  ."
cpi was percent,3,7,6,"The CPI was 6.0 percent in February, similar to forecasters’ projections, and the PCE index was 5.0 percent in February, slightly below previous expectations."
home price increases,3,7,6,"Home price increases in the past 12 months moderated to 9.8 percent  , and the index of home prices declined by 0.2 percent in May."
southern,1,7,6,"Under the assumption that the war will be concentrated on the southern front during the fourth quarter of the year, GDP is expected to grow by 2.3 percent in 2023 and by 2.8 percent in 2024."
particularly high level,3,7,6,There is a particularly high level of uncertainty surrounding the forecast.
continued convergence,2,7,6,"The interest rate path will be determined in accordance with the continued convergence of inflation to its target, continued stability in the financial markets, economic activity, and fiscal policy."
characterized by high,3,7,6,"In view of the war, the forecast is characterized by a high level of uncertainty."
recovering gradually,2,7,6,"Alongside these figures, activity in the construction industry is recovering gradually, but the industry continues to function below its full potential."
business output,2,7,6,"Business output grew by 5.4 percent in annual terms in the third quarter, and the gap from its trendline is 4.6 percent."
growth forecast downward,3,7,5,"The IMF revised its growth forecast downward for most countries and regions, and the moderation in world trade continues."
recent weeks,2,7,5,"The steep decline in oil prices in recent weeks may offset the factors supporting inflation, but its impact on the “adjusted indices” will be limited."
weaken,1,7,5,Growth in China continues to weaken.
picture continues,2,7,5,"The global macroeconomic picture continues to convey a slowing of momentum, high volatility, and lack of certainty."
nontradables,1,7,5,"Inflation in nontradables, an approximation of the domestic component of inflation, continued to increase, reaching approximately 2 percent, while inflation in tradables continued to decline, and has turned negative in the past two months  ."
because,1,7,5,"In the UK, fourth quarter 2018 growth declined because investments decreased sharply in view of Brexit."
year-on-year,1,7,5,"The CPI for April was lower than pre-publication assessments, but CPI readings for the previous three months surprised to the upside, and year-on-year inflation is at a level similar to that of recent months."
year-on-year inflation,2,7,5,"The CPI for April was lower than pre-publication assessments, but CPI readings for the previous three months surprised to the upside, and year-on-year inflation is at a level similar to that of recent months."
near its potential,3,7,5,"For the past several quarters, the economy has been growing at near its potential rate."
continued appreciation,2,7,5,"The Monetary Committee's assessment is that in view of the turnaround in the inflation environment in Israel and in the monetary policies of major central banks, the slowing in the global economy, and the continued appreciation of the shekel, the interest rate will not be increased for an extended period."
survey indicates,2,7,5,The Central Bureau of Statistics Business Tendency Survey indicates that there is no significant deterioration in the profitability of exports  .
situation in israel,3,7,5,"Economic activity continues to grow at near its potential rate, and so far it seems that it is not being adversely affected by the negative global sentiment or by the political situation in Israel."
prolonged period,2,7,5,"However, the political situation remains uncertain, and if the government is forced to operate on a continuance budget for a prolonged period, it may have a contractionary effect."
third quarter growth,3,7,5,"Inflation increased slightly, but remains slightly below the target, and third quarter growth is expected to be moderate, in addition to the slowdown that was recorded in the second quarter."
make it difficult,3,7,5,"However, since the beginning of the year, the shekel has strengthened by 8.9 percent, and the appreciation continues to make it difficult to return inflation to the target range."
budget is expected,3,7,5,"However, the interim budget is expected to have a markedly contractionary effect in the first half of 2020, and there is continuing uncertainty regarding budgetary policy thereafter."
institutions,1,7,5,"The baseline scenario guiding the assessments of most international financial institutions is that the spread of the virus will be halted in the coming months, and the overall impact on the global economy is expected to be limited."
significant impact,2,7,5,"If the crisis persists and spills over into additional countries, and particularly if strict preventative measures are required in Israel, it is expected to have a more significant impact."
moderate the negative,3,7,5,"The Committee will expand the use of the existing tools, including the interest rate tool, and will be able to operate additional ones, to the extent that the crisis lengthens and it is necessary to achieve the monetary policy goals and to moderate the negative economic impact created as a result of the crisis."
ability,1,7,5,"The scope of the shutdown is particularly high in industries in which wages are low, so that the ability of workers in those industries to bear a long shutdown is relatively limited."
removing,1,7,5,"The gradual process of removing the restrictions that the government imposed on movement and activity is beginning to be reflected in economic activity, though the adverse impact on the economy is still considerable and is expected to persist."
still high,2,7,5,"Many countries are in various stages of a gradual return to economic activity under health-related limitations, but the magnitude of the global economic crisis is still high."
estimated,1,7,5,"According to the Research Department’s staff forecast, the scope of the economy’s shutdown, which was estimated to be approximately 36 percent of activity at the peak of the crisis, decreased to approximately 19 percent in the middle of May in view of the removal of the restrictions  ."
routine,1,7,5,"The difficulty in stopping the pandemic in various countries, and the delay in the return to routine economic activity are weighing on the global economy."
issued,1,7,5,"The volume of bank credit issued during the crisis was higher than it was during the same period last year, particularly regarding credit to medium and large businesses and housing credit."
turn,1,7,5,"An increase in economic activity causes an increase in morbidity, which in turn leads to social distancing measures, which lower the rate of morbidity and allow a gradual return of economic activity, in a cycle that repeats itself."
related,1,7,5,"Alongside this, it is possible that some of the difficulties are temporary due to the sharp and rapid exit from COVID-19-related restrictions to a full activity routine."
looking,1,7,5,"The inflation rate is expected to be 2.5 percent in 2021, but looking at the next four quarters, inflation is expected to gradually moderate to 1.7 percent."
short and medium,3,7,5,"Forward expectations for the short and medium terms declined slightly since the previous interest rate decision, while long-term expectations remained anchored within the target range."
periods,1,7,5,"The framework enables customers who have been harmed by the crisis to spread out their consumer and mortgage loan repayments over longer periods, and also provides them with the option of a further deferral of loan repayments to credit card companies."
completely,1,7,5,"A high level of variance is expected in the growth of various economies in 2021, and some countries are not expected to completely recover from the crisis even in 2022, mainly if there are further outbreaks of the virus and the pace of inoculations is slow."
hospitality,1,7,5,"It is clear that the unemployment rate during the lockdowns increases mainly in the industries that are significantly impacted by social distancing requirements, such as the hospitality and food services, art and leisure, and education industries."
year as whole,3,7,5,"However, over the year as a whole, the volatility of vehicle imports (which occurred at the end of the previous year as well) did not have a significant impact on annual growth."
expected prior,2,7,5,"In 2022, growth of 5 percent is expected, so that the level of GDP in 2022 is expected to be only approximately 1.4 percent lower than the level that had been expected prior to the crisis."
coming year increased,3,7,5,"Against the background of the accommodative policy and the global inflation environment, inflation expectations for the coming year increased, and are around the lower bound of the target range  ."
historical,1,7,5,"In addition, the Central Bureau of Statistics revised historical GDP data upward."
east,1,7,5,"Equity indices in the US and Europe continued to increase, while in contrast, equity indices in the emerging countries and in east Asia declined in view of the increase in morbidity, movement restrictions, and regulatory changes in China."
cycles,1,7,5,"However, there is still some uncertainty regarding economic activity in the medium term, particularly regarding the state of the labor market, and in view of the risk of further morbidity cycles in Israel and abroad."
year-over-year,1,7,5,"In the US, there was a further increase in inflation, to a year-over-year level of 6.2 percent, third quarter growth was lower than in previous quarters, and the labor market continues to recover gradually."
inflation and monetary,3,7,5,"Some central banks and forecasters therefore adjusted their assessments regarding the temporary nature of the inflation, and monetary tightening around the world continued."
industry remains,2,7,5,"However, the equipment and raw materials constraint, mainly in the manufacturing industry, remains higher than it was prior to the COVID-19 crisis  ."
geopolitical tension,2,7,5,"Globally, the security situation in Israel has led to increased geopolitical tension in the Middle East, but the impact on the global financial markets has been moderate so far, although there has been an impact on the prices of oil and natural gas."
shekel has depreciated,3,7,5,The shekel has depreciated further since the outbreak of the war.
moderated in many,3,7,5,"The inflation environment moderated in many countries, but remains above their central bank targets  ."
past months home,3,7,5,"In the past 12 months, home prices have declined by 0.2 percent."
gdp expanded,2,7,5,"GDP expanded by 3.35 percent in the first quarter of 2024, compared with the previous quarter, and reflects growth in private consumption and in fixed capital formation."
spread declined,2,7,5,"The economy’s risk premium, as measured by the CDS spread, declined significantly during the reviewed period, although it remains very high relative to the prewar period."
data in current,3,7,5,"Credit card expenditure data in current prices show an increase in March, following some moderation in January and February  ."
third quarters,2,7,4,"In the second and third quarters, there was some slowdown in the economy’s growth rate, but current indicators of activity support the assessment that the economy is at full employment, and in particular, the tight labor market data indicate a high level of demand."
second and third,3,7,4,"In the second and third quarters, there was some slowdown in the economy’s growth rate, but current indicators of activity support the assessment that the economy is at full employment, and in particular, the tight labor market data indicate a high level of demand."
primarily,1,7,4,"Inflation in tradable goods prices moderated, primarily as a result of a slowdown in the annual rate of increase in energy prices, despite the increase in oil prices until recently and the depreciation of the shekel."
persists,1,7,4,"Continued wage increases and the economy being around full employment will support a continued rise in inflation toward the midpoint of the target range, as will the depreciation, to the extent it persists."
year inflation,2,7,4,"A further decline in the year over year inflation rate is expected over the coming months, one-year expectations are close to the lower bound of the target range  , and there was a decline in forward expectations up to three years."
difficult to return,3,7,4,The appreciation is making it more difficult to return inflation to the target range.
continues to weigh,3,7,4,"In Europe, growth remains moderate, mainly in Germany and Italy, and the manufacturing sector continues to weigh on activity."
pre-crisis level,2,7,4,An analysis of the negative impact on private consumption—in accordance with the magnitude of the Ministry of Health’s limitations on the various consumption items and the weight of each item in the household consumption basket—indicates that private consumption is about 27 percent lower than its pre-crisis level.
loan repayments,2,7,4,"In contrast, the banks enabled nearly a half-million businesses and households to defer loan repayments for several months, at a total amount of NIS 6.2 billion  ."
affecting,1,7,4,"Until then, morbidity is expected to continue affecting economic activity."
operations,1,7,4,"Some firms have been able to adapt their operations to the COVID-19 restrictions, but industries such as tourism, restaurants, education, and leisure are more restricted and have not returned to the pre-crisis levels of activity."
supported by range,3,7,4,"The credit market continues to function well with low and stable interest rates, supported by a range of measures taken by the Bank of Israel and the Ministry of Finance."
framework,1,7,4,"Today the Bank of Israel announced an additional framework for further deferrals and easing of loan repayments, which has been adopted by the banking system, and which focuses on households."
covid virus,2,7,4,​The fourth wave of the COVID-19 virus in Israel is abating.
israel is continuing,3,7,4,Israel is continuing to enjoy an expansion of economic activity despite still coping with the COVID-19 virus.
gdp level,2,7,4,"For the first time since the start of the COVID-19 crisis, the GDP level crossed the precrisis trendline."
months and even,3,7,4,"Looking at the past 6 months, and even more so over the past 3 months, the pace of inflation is lower than the year-on-year inflation."
monthly rents,2,7,4,"Monthly rents for tenants renewing their contracts increased by 3.6 percent in May, and monthly rents on new contracts increased by 8.6 percent."
economic reasons,2,7,4,The decline is mainly due to a decline in the number of employees temporarily absent for economic reasons.
absent for economic,3,7,4,The decline is mainly due to a decline in the number of employees temporarily absent for economic reasons.
israel credit,2,7,4,"The Fitch international credit ratings agency kept Israel’s credit rating at A+, but changed its ratings outlook from stable to negative."
israel credit rating,3,7,4,"The Fitch international credit ratings agency kept Israel’s credit rating at A+, but changed its ratings outlook from stable to negative."
making it difficult,3,7,4,"Most central banks are still concerned about inflation in the price of services, which remains sticky and is making it difficult for inflation to converge to the targets."
market home,2,7,4,"In the housing market, home prices increased in the past two months."
housing market home,3,7,4,"In the housing market, home prices increased in the past two months."
market home prices,3,7,4,"In the housing market, home prices increased in the past two months."
northern,1,7,4,"The negative outlook, as explained by the agency, is mainly due to uncertainty regarding the expansion of the war to the northern front, the duration of the fighting in Gaza, and the change in fiscal policy."
tariff policy,2,7,4,"Inflation expectations for the next two years continued to increase, partly due to concerns about the government’s tariff policy."
unemployed remains,2,7,4,The ratio between the number of job vacancies and the unemployed remains high.
unemployed remains high,3,7,4,The ratio between the number of job vacancies and the unemployed remains high.
confrontation with iran,3,7,4,"Geopolitical uncertainty has resurfaced in recent days in view of a potential confrontation with Iran, and Israel’s risk premium increased slightly."
far it seems,3,7,3,"Economic activity continues to grow at close to its potential rate, and thus far it seems that activity in Israel is not being adversely affected by the negative global sentiment."
cycle,1,7,3,"The second wave of the Covid-19 pandemic continues to leave its mark on the economy, and there is a two-way feedback loop between the economic business cycle and the morbidity cycle."
previous assessments,2,7,3,"In addition, according to a Central Bureau of Statistics revision of historical GDP data, nominal GDP in 2020 was about one percent higher than previous publications stated, and the historical growth rates prior to the crisis, from which the potential growth rate is derived, were higher than previous assessments."
expected severity,2,7,3,"There is great amount of uncertainty with regard to the expected severity and duration of the war, which is in turn affecting the extent of the impact on activity."
point to gradual,3,7,3,"Indicators of economic activity and the state of employment point to a gradual recovery following the sharp decline that took place with the outbreak of the war, but there is a lot of variance between industries."
cautious,1,6,6,The Committee assesses that the rising path of the interest rate in the future will be gradual and cautious.
rising path,2,6,6,The Committee assesses that the rising path of the interest rate in the future will be gradual and cautious.
gradual and cautious,3,6,6,The Committee assesses that the rising path of the interest rate in the future will be gradual and cautious.
domestic component,2,6,6,"Inflation in prices of nontradable items, which serves as an approximation of the domestic component of inflation, resumed its rise  ."
component of inflation,3,6,6,"Inflation in prices of nontradable items, which serves as an approximation of the domestic component of inflation, resumed its rise  ."
high growth,2,6,6,"In the US, as noted, the high growth continued, driven by private consumption and the improvement in manufacturing activity, while the fiscal expansion’s impact is expected to dissipate in 2020."
italy,1,6,6,"The tension between the Italian government and European authorities grew stronger, following the proposed budget that is expected to lead to an increase in the deficit in Italy."
price declines,2,6,6,"There were price declines and sharp volatility in most equity indices, and expected monetary contraction worldwide is seen to be slowing."
even though,2,6,6,"The inflation environment has stabilized above the lower bound of the target range, even though the CPI reading for November declined by 0.3 percent and was slightly lower than expected."
companies survey,2,6,6,"After the growth rate slowed in the second and third quarters of 2018, the findings from the fourth quarter Companies Survey   and data on tax revenues support the assessment that the economy is growing at a pace hovering around the long term path."
department assessment gdp,3,6,6,"According to the Research Department’s assessment, GDP is expected to grow by 3.4 percent in 2019, slightly lower than the previous forecast, and by 3.5 percent in 2020."
continued decline,2,6,6,"Home prices have stabilized in recent months  , with a continued decline in building starts and an increase in the number of those planning to purchase a home."
growth forecasts downward,3,6,6,"Investment houses revised their growth forecasts downward for most regions  , and the moderation in world trade continues among the advanced economies  ."
china continued,2,6,6,"Growth in China continued to weaken in the fourth quarter as well, mainly in the manufacturing sector."
cut,1,6,6,"Oil prices continued to decline until recently, despite the decision by oil producers to cut back on output  . interest rate decision will be published on January 21, 2019."
expectations increased,2,6,6,"One-year expectations and forecasts from the various sources are around the lower bound of the target, while medium-term and long-term expectations increased slightly toward the midpoint of the target."
level similar,2,6,6,"The CPI for January declined by only 0.1 percent, a more moderate decrease than had been expected, and the inflation rate for the preceding 12 months returned to above the lower bound of the target, at 1.2 percent  , a level similar to that of recent months."
startups,1,6,6,"There was an increase in investment in most of the principal industries, except for investment in residential construction that continued to decline, and exports (excluding diamonds and startups) grew due to exports of services, while exports of goods remained sluggish  ."
goods remained,2,6,6,"There was an increase in investment in most of the principal industries, except for investment in residential construction that continued to decline, and exports (excluding diamonds and startups) grew due to exports of services, while exports of goods remained sluggish  ."
volume continues,2,6,6,"Mortgage volume continues to expand, and mortgage interest rates continue to rise moderately  ."
mortgage volume continues,3,6,6,"Mortgage volume continues to expand, and mortgage interest rates continue to rise moderately  ."
bonds continued,2,6,6,Yield spreads between corporate bonds in Israel and comparable government bonds continued to decline  .
government bonds continued,3,6,6,Yield spreads between corporate bonds in Israel and comparable government bonds continued to decline  .
continuing led,2,6,6,"Labor market data indicate that it remains tight—the unemployment rate declined slightly, the employment rate is stable at a record high level  , and wage increases are continuing, led by the business sector  ."
increases are continuing,3,6,6,"Labor market data indicate that it remains tight—the unemployment rate declined slightly, the employment rate is stable at a record high level  , and wage increases are continuing, led by the business sector  ."
declining moderately,2,6,6,"However, some industries are showing an apparent slight easing in the labor shortage constraint as reported by employers, and the job vacancy rate remains elevated but is declining moderately."
remain around,2,6,6,"Medium-term and long-term forward expectations remain around the midpoint of the target range, but expectations for the second year declined slightly  ."
others,1,6,6,"Some indicators of second quarter growth point to moderation, but others show that growth is continuing at a solid pace."
prices continues,2,6,6,"Inflation in the prices of nontradable goods, an approximation of the domestic component of inflation, moderated in recent months, but remains above the 2 percent level, and inflation in tradable goods prices continues to increase."
slightly but remain,3,6,6,"Labor market data indicate that it remains tight—the unemployment rate continues to decline, and the latest data on the employment and participation rates show they declined slightly but remain high  ."
rates continued,2,6,6,"The trend of expansion in mortgage volume continues, and mortgage interest rates continued to decline moderately."
interest rates continued,3,6,6,"The trend of expansion in mortgage volume continues, and mortgage interest rates continued to decline moderately."
least,1,6,6,"The ECB left its interest rate unchanged, but clarified that ""all policy tools are on the table"", and noted that there is no expectation of an interest rate increase until at least the midpoint of 2020."
additional steps,2,6,6,"Moreover, if necessary, the Committee will take additional steps toward making monetary policy even more accommodative in order to support a process at the end of which inflation will stabilize around the midpoint of the target range, and to support economic activity."
unemployment rate continued,3,6,6,"The labor market remains tight—the unemployment rate continued to decline, and the latest data on the employment and participation rates show they declined slightly but remain high."
reserve lowered,2,6,6,"In the US, the Federal Reserve lowered the federal funds rate by 0.25 percentage points, and assessments in the markets are that the interest rate will continue to decline this year."
federal reserve lowered,3,6,6,"In the US, the Federal Reserve lowered the federal funds rate by 0.25 percentage points, and assessments in the markets are that the interest rate will continue to decline this year."
grow strongly,2,6,6,Services exports (excluding tourism) continue to grow strongly  .
leave the interest,3,6,6,"Therefore, the Monetary Committee decided to leave the interest rate unchanged, but sees a real possibility of having to raise the interest rate in future decisions, if the inflation environment does not continue to moderate as expected."
ecb lowered,2,6,6,"Inflation in the eurozone remained low, and the ECB lowered its interest rate, as expected, by 0.1 percentage points, and adopted additional significant accommodative measures."
lowered its interest,3,6,6,"Inflation in the eurozone remained low, and the ECB lowered its interest rate, as expected, by 0.1 percentage points, and adopted additional significant accommodative measures."
next two,2,6,6,"The signals sent out by the Federal Reserve indicate that the interest rate will remain at its current level unless there is a significant change in the state of the economy, and market assessments are that the ECB is not expected to change its interest rate in the next two years."
next two years,3,6,6,"The signals sent out by the Federal Reserve indicate that the interest rate will remain at its current level unless there is a significant change in the state of the economy, and market assessments are that the ECB is not expected to change its interest rate in the next two years."
slowdown in activity,3,6,6,"The job vacancy rate has been declining moderately for several months, but remains high, and at this stage, it is unclear whether it indicates a slowdown in activity."
growth surprised,2,6,6,"Growth surprised to the upside in the third quarter, but it is expected to slow in the fourth quarter."
expected increase,2,6,6,"Oil prices increased since the previous interest rate decision, in view of an expected increase in demand and a reduction of supply  . prior to this interest rate decision will be published on December 9, 2019."
moderate decline,2,6,6,"The unemployment rate remained low, while the employment and participation rates increased  , and wage increases continue despite a moderate decline in the job vacancy rate and a halt in the increase in employee posts."
home purchases,2,6,6,"The number of home purchases increased, led by first-home purchasers."
remained lower,2,6,6,"Inflation remained lower than the central banks' guiding targets  , but it appears that the process of enhanced monetary accommodation by the major central banks has reached its limit at this stage."
trend of moderation,3,6,6,"Data on activity in China were positive, but the long-term trend of moderation continues."
short term,2,6,6,"Data on 2019 activity in China were positive, but the long-term trend of moderation continues, and the outbreak of the coronavirus is expected to weigh on growth in Asia at least in the short term."
supply side,2,6,6,"The decline in global demand for various goods is expected to slow the rate of inflation, but on the supply side, the shortage of goods and raw materials imported from China may serve to increase inflation somewhat."
put,1,6,6,To put a new monetary instrument into operation:
press release,2,6,6,An expanded explanation of these two steps is published in a separate press release.
labor input,2,6,6,"The same analysis indicates that the negative impact on the labor input is about 45 percent, and in addition to employees who were laid off or were placed on unpaid leave, it reflects the scope of part time work among workers who remain employed or who were placed on paid leave."
hotels industry,2,6,6,The hotels industry is still suffering from the significant adverse impact.
workplaces,1,6,6,"Indicators of the public’s mobility show an increase in the scope of mobility to workplaces, retail and recreation, beginning in mid-April  ."
rise to percent,3,6,6,The unemployment rate in the second half of 2020 is expected to rise to 8.5 percent (compared with 8 percent in the previous forecast) and to decline to 5.5 percent at the end of 2021 (as opposed to 4 percent).
volume of credit,3,6,6,"However, the overall volume of credit to small businesses and of consumer credit contracted, partly in view of the decline in activity and in demand for credit, and partly in view of the increased risk for small businesses in industries negatively affected by the crisis."
order to achieve,3,6,6,"The Committee will expand the use of the existing tools, including the interest rate tool, and will operate additional ones, to the extent that it assesses that it is necessary in order to achieve the monetary policy goals and to moderate the adverse economic impact resulting from the crisis."
places,1,6,6,"The index of mobility to places of work stabilized in the first half of June at a level that is still lower than it was prior to the crisis, and declined toward the end of June despite the fact that no new restrictions had been imposed up to that point  ."
fact,1,6,6,"The index of mobility to places of work stabilized in the first half of June at a level that is still lower than it was prior to the crisis, and declined toward the end of June despite the fact that no new restrictions had been imposed up to that point  ."
professional forecasters,2,6,6,"Inflation expectations derived from the capital market declined since the second week in June, and continued to decline after the publication of the May CPI reading, while projections by professional forecasters increased slightly following the CPI publication."
international monetary,2,6,6,"The International Monetary Fund revised its global growth forecast downward, and expects growth of 4.4 percent in 2022  ."
monetary fund,2,6,6,"The International Monetary Fund revised its global growth forecast downward, and expects growth of 4.4 percent in 2022  ."
international monetary fund,3,6,6,"The International Monetary Fund revised its global growth forecast downward, and expects growth of 4.4 percent in 2022  ."
quarter of gdp,3,6,6,"According to the first estimate of National Accounts data for the second quarter of 2020  , GDP contracted by 28.7 percent (in annual terms), and its level is about 11 percent lower than what would have been expected without the crisis."
increase in annual,3,6,6,"The increase in fuel prices made a significant contribution to the increase in annual inflation, by reducing the negative contribution of the energy component in the CPI."
found,1,6,6,"Evidence of some improvement in the state of the world economy can be found in the global Purchasing Managers Index, which returned in July to the range reflecting growth at a rate similar to the long-term pace  ."
force survey data,3,6,6,"Alongside the increase in economic activity, Labor Force Survey data for the first half of March indicate a decline in the broad unemployment rate to 12 percent  ."
spreads continued,2,6,6,"In the domestic market, yields increased on the shekel bond curve similar to the global trend, and corporate bond spreads continued to narrow alongside the price increases on equity indices  ."
bond spreads continued,3,6,6,"In the domestic market, yields increased on the shekel bond curve similar to the global trend, and corporate bond spreads continued to narrow alongside the price increases on equity indices  ."
payment,1,6,6,"As of mid-November, loan repayments totaling NIS 10.8 billion in total were deferred as part of the bank credit payment deferral program."
inflation declined,2,6,6,"In October, inflation declined in all of the blocs, and it is expected to remain low in 2021 as well."
services exports excluding,3,6,6,Services exports (excluding tourism) continue to grow strongly  .
market continued,2,6,6,"Expectations derived from the capital market continued to increase, partly in view of the increase in commodities and oil prices."
strong economic activity,3,6,6,The vaccination campaign is progressing rapidly but the spread of more contagious variants and the still high morbidity level are weighing on a return to strong economic activity.
growth was percent,3,6,6,"Net of this component, based on the Research Department’s assessment, fourth quarter growth was 2.9 percent."
high mortgage,2,6,6,"New mortgage volume in January was NIS 6.4 billion, further to the high mortgage volumes in 2020  ."
high mortgage volumes,3,6,6,"New mortgage volume in January was NIS 6.4 billion, further to the high mortgage volumes in 2020  ."
expansion of global,3,6,6,Purchasing managers indices for January continued to indicate expansion of global activity in both the services and manufacturing components  .
card expenditures,2,6,6,"During the conflict, there was a transitory decline in credit card expenditures, but these expenditures recovered rapidly."
credit card expenditures,3,6,6,"During the conflict, there was a transitory decline in credit card expenditures, but these expenditures recovered rapidly."
exports remained,2,6,6,"Services exports remained unchanged in recent months, but there is still an apparent continued upward trend, and its level is higher than it was prior to the crisis, despite the fact that tourism exports remain low."
nonbank credit,2,6,6,There was stability among all company sizes in obtaining nonbank credit.
closely,1,6,6,"The Monetary Committee is closely monitoring these developments, and it estimates that there is no concern of an outbreak of high inflation."
excluding defense,2,6,6,"The sharp increase in uses is also reflected in imports (excluding defense, ships and aircraft, and diamonds), which grew by 17.6 percent  ."
production chain,2,6,6,"The recovery in the global economy continues, but there is growing concern that the “Delta variant” will lead to an increase in morbidity and a return of restrictions, and will thereby lead to a slowdown in activity and deepening difficulties in the global production chain."
furlough,1,6,6,"This phenomenon is typical of other advanced economies that have experienced a rapid growth in unemployment due to governmental furlough policies that led to new job vacancies being created with the easing of restrictions and the rapid growth of GDP, which were filled relatively slowly."
excess,1,6,6,The excess demand for labor has thus far not been reflected in an increased pace of growth in the average wage  .
excess demand,2,6,6,The excess demand for labor has thus far not been reflected in an increased pace of growth in the average wage  .
survey financing,2,6,6,"According to the Central Bureau of Statistics Business Tendency Survey, financing constraints among businesses of various sizes remained similar to precrisis levels."
tendency survey financing,3,6,6,"According to the Central Bureau of Statistics Business Tendency Survey, financing constraints among businesses of various sizes remained similar to precrisis levels."
survey financing constraints,3,6,6,"According to the Central Bureau of Statistics Business Tendency Survey, financing constraints among businesses of various sizes remained similar to precrisis levels."
constraints among businesses,3,6,6,"According to the Central Bureau of Statistics Business Tendency Survey, financing constraints among businesses of various sizes remained similar to precrisis levels."
trade increased,2,6,6,"The volume of world trade increased slightly, and is at a very high level  ."
world trade increased,3,6,6,"The volume of world trade increased slightly, and is at a very high level  ."
concerns,1,6,6,"At the beginning of the reviewed period, in view of concerns over the effects of the war in Ukraine, equity indices dropped sharply, but toward the end of the period, they again increased  ."
orders component,2,6,6,"The volume of world trade in January, which still does not include the effects of the war in Ukraine, remain high, but an updated index by the Kiel Institute for the World Economy and the export orders component of the global purchasing managers’ index indicate a slowdown in world trade in March."
export orders component,3,6,6,"The volume of world trade in January, which still does not include the effects of the war in Ukraine, remain high, but an updated index by the Kiel Institute for the World Economy and the export orders component of the global purchasing managers’ index indicate a slowdown in world trade in March."
reserve raised,2,6,6,"In response, the Federal Reserve raised the federal funds rate by 25 basis points, signaled that it would begin narrowing its balance sheet in May, and revised its interest rate forecast significantly upward."
federal reserve raised,3,6,6,"In response, the Federal Reserve raised the federal funds rate by 25 basis points, signaled that it would begin narrowing its balance sheet in May, and revised its interest rate forecast significantly upward."
raised the federal,3,6,6,"In response, the Federal Reserve raised the federal funds rate by 25 basis points, signaled that it would begin narrowing its balance sheet in May, and revised its interest rate forecast significantly upward."
pandemic and services,3,6,6,"Goods exports (excluding ships, aircraft, and diamonds) remain higher than before the pandemic, and services exports remain high  ."
indices are significantly,3,6,6,"In most countries, the inflation indices are significantly higher than the central bank targets."
continue the process,3,6,6,The Committee has therefore decided to continue the process of increasing the interest rate.
indicates continued,2,6,6,"The global purchasing managers’ index of advanced economies declined in July, and indicates a continued slowdown of economic activity, while the index for the emerging markets declined, but indicates expansion  ."
slowdown of economic,3,6,6,"The global purchasing managers’ index of advanced economies declined in July, and indicates a continued slowdown of economic activity, while the index for the emerging markets declined, but indicates expansion  ."
tightening processes,2,6,6,"In the Committee’s assessment, the monetary tightening processes in Israel and abroad, alongside the easing of the supply chain difficulties and declines in the prices of oil and other commodities will act to moderate inflation."
monetary tightening processes,3,6,6,"In the Committee’s assessment, the monetary tightening processes in Israel and abroad, alongside the easing of the supply chain difficulties and declines in the prices of oil and other commodities will act to moderate inflation."
transactions continues,2,6,6,The number of housing transactions continues to decline.
credit from banks,3,6,6,"The balance of business credit from banks declined slightly in October, while the interest rate continued to increase."
decline in goods,3,6,6,"In contrast, there was a marked decline in goods exports and services exports, which are still at high levels  ."
ages declined,2,6,6,"The unemployment rate for those aged 15+ (3.6 percent, seasonally adjusted) declined relative to the previous month, while the unemployment rate among the prime working ages declined to 3.1 percent (seasonally adjusted) in April  ."
working ages declined,3,6,6,"The unemployment rate for those aged 15+ (3.6 percent, seasonally adjusted) declined relative to the previous month, while the unemployment rate among the prime working ages declined to 3.1 percent (seasonally adjusted) in April  ."
reports,1,6,6,"Alongside this, the number of people employed in the industry and investments in residential construction (first quarter data) are high, and company reports do not indicate an increase in difficulty obtaining credit."
lower in real,3,6,6,Tax revenues in July were about 5.5 percent lower in real terms than in the same period last year.
acceleration in inflation,3,6,6,"However, there are still a number of risks of a potential acceleration in inflation: the effects of the war and its progress on economic activity, a depreciation of the shekel, and fiscal behavior."
industry in view,3,6,6,"The constraints and activity difficulties in the construction industry in view of the war have moderated, but remain significant."
credit to households,3,6,6,Credit to households and to small and micro businesses continued to decline.
index remained,2,6,6,"The general CPI declined in January to an annual rate of 3.1 percent, while the core PCE index remained at 3.9 percent."
domestic equities market,3,6,6,"However, the cumulative underperformance of the domestic equities market relative to the global market since the start of 2023 remains significant  ."
totaled percent,2,6,6,"Net of the specific deferral of VAT payment collection, it totaled 6.7 percent of GDP, as of April."
prolonged supply,2,6,6,"The Committee assesses that there are several risks for a possible acceleration in inflation: geopolitical developments and their impact on economic activity, shekel depreciation, prolonged supply limitations on activity, and fiscal developments."
year cds spread,3,6,6,"The 5-year CDS spread also increased, and remains at high levels."
index cpi,2,6,6,"In the United States, the Consumer Price Index (CPI) rose by 0.3 percent in November, to an annual rate of 2.7 percent."
price index cpi,3,6,6,"In the United States, the Consumer Price Index (CPI) rose by 0.3 percent in November, to an annual rate of 2.7 percent."
activity an increase,3,6,6,"In the Committee’s assessment, there are several risks for a possible acceleration of inflation or for it not converging to the target range: geopolitical developments and their impact on economic activity, an increase in demand alongside supply constraints, and worsening global terms of trade."
government receipts,2,6,6,Government receipts from direct taxation in October (in fixed prices and net of legislative changes and one-off revenues) are higher than the long-term trend  .
direct taxation,2,6,6,Government receipts from direct taxation in October (in fixed prices and net of legislative changes and one-off revenues) are higher than the long-term trend  .
receipts from direct,3,6,6,Government receipts from direct taxation in October (in fixed prices and net of legislative changes and one-off revenues) are higher than the long-term trend  .
expansionary,1,6,5,The rise in wages in the economy and the expansionary fiscal policy will support the continued entrenchment of inflation within the target.
possibility,1,6,5,The main risk to this is the possibility of a sharp appreciation of the shekel.
potential growth,2,6,5,An analysis of the data and of updated indicators of economic activity leads to the assessment that the economy is converging to its potential growth rate.
market data indicate,3,6,5,"In the second and third quarters, there was some slowdown in the economy’s growth rate, but current indicators of activity support the assessment that the economy is at full employment, and in particular, the tight labor market data indicate a high level of demand."
year expectations,2,6,5,"In the coming months as well, inflation is expected to remain slightly above the lower bound of the target, and 1-year expectations and forecasts from the various sources range around a level of one percent."
wages continue,2,6,5,"The ratio of job vacancies to total employee posts rose to a record level  , and wages continue to increase  , led by a relatively sharp rise in the business sector, encompassing a wide range of industries and all salary levels."
coming months inflation,3,6,5,"In the coming months, inflation is expected to range around the lower bound of the target."
remained relatively stable,3,6,5,"Since the increase of the interest rate, the nominal effective exchange rate has remained relatively stable, following a depreciation of the shekel in the weeks prior to the increase  ."
aviv,1,6,5,"In the past two months, Tel Aviv Stock Exchange equity indices declined by approximately 10 percent  , which is in line with the marked declines on major global equity indices  ."
tel aviv,2,6,5,"In the past two months, Tel Aviv Stock Exchange equity indices declined by approximately 10 percent  , which is in line with the marked declines on major global equity indices  ."
tight the unemployment,3,6,5,"Labor market data show that it remains tight—the unemployment rate remains low, although there was an increase in unemployment benefit claims in recent months; the share of job vacancies out of total employee posts is at a peak  ; and wages continue to increase  ."
preceding months,2,6,5,"The CPI for January declined by only 0.1 percent, a more moderate decrease than had been expected, and the inflation rate for the preceding 12 months returned to above the lower bound of the target, at 1.2 percent  , a level similar to that of recent months."
record high,2,6,5,"Labor market data indicate that it remains tight—the unemployment rate remains low, the employment rate is stable at a record high level  , and wages continue to rise across all industries, led by the business sector  ."
sales,1,6,5,"Retail sales declined sharply, stemming in part from the deferral of US federal government workers’ salaries."
domestic demand,2,6,5,"In Japan, there was slight growth in the fourth quarter, driven by domestic demand, a partial correction to the contraction in the third quarter."
long-term forward,2,6,5,Medium-term and long-term forward expectations are slightly below the midpoint of the target.
showing,1,6,5,"However, some industries are showing an apparent slight easing in the labor shortage constraint as reported by employers, and the job vacancy rate remains elevated but is declining moderately."
sharp increases,2,6,5,"Oil prices continued to increase, impacted by the decline in supply, further to the sharp increases since the beginning of the year  . prior to this interest rate decision will be published on April 18, 2019."
projects,1,6,5,The Research Department's staff forecast projects that inflation over the next four quarters will be 1.4 percent.
trend in recent,3,6,5,"Forecasts of world trade and of growth for most regions were revised downward  , the slowdown in world trade continues  , and in contrast to the trend in recent years, the pace of growth in trade is expected to be lower than the growth rate of global output."
accommodative policy,2,6,5,"In the US, the Federal Reserve left the federal funds rate unchanged, but its announcement was interpreted as a signal that it is expected to begin implementing an accommodative policy due to intensifying risks and a decline in inflation expectations."
travel,1,6,5,"The annual pace of inflation of the tradable components also increased, to 5.4 percent, influenced by the contribution of travel abroad by Israelis.  ."
reduce the deficit,3,6,5,"However, uncertainty regarding the measures to be taken by the government to reduce the deficit following the elections is leading to increased uncertainty about developments in the domestic economy."
tendency survey indicates,3,6,5,The Central Bureau of Statistics Business Tendency Survey indicates that there is no significant deterioration in the profitability of exports  .
good,1,6,5,"The most recent data on goods exports were relatively good, in view of improved exports of electronic components, and the trend of growth in services exports continues."
improved,1,6,5,"The most recent data on goods exports were relatively good, in view of improved exports of electronic components, and the trend of growth in services exports continues."
around percent,2,6,5,"The increase in the past year is approximately 0.7 percent, while the rate of increase in rents remained stable around 2.5 percent."
long terms,2,6,5,"There was a slight decline in forward expectations for medium and long terms derived from the capital market, and in the past few months, there has been a moderate but continued decline in long-term expectations  ."
medium and long,3,6,5,"There was a slight decline in forward expectations for medium and long terms derived from the capital market, and in the past few months, there has been a moderate but continued decline in long-term expectations  ."
started,1,6,5,Yield spreads between corporate bonds of the nonfinancial business sector and comparable government bonds continued the downward trend that started at the beginning of the year.
investors,1,6,5,"The number of purchases grew, but purchases by investors appear to be moderating."
growth remains,2,6,5,"In Europe, growth remains moderate, and industrial production continues to contract, particularly in Germany."
growth slowed,2,6,5,"In Japan, growth slowed and is expected to continue slowing in the fourth quarter, in view of the increase in VAT."
repayment,1,6,5,"The interim budget is expected to have a markedly contractionary effect in the first half of 2020, even in view of the path of government debt repayment, and uncertainty remains regarding budgetary policy thereafter and its implications for economic activity and inflation."
uncertainty remains,2,6,5,"The interim budget is expected to have a markedly contractionary effect in the first half of 2020, even in view of the path of government debt repayment, and uncertainty remains regarding budgetary policy thereafter and its implications for economic activity and inflation."
quarter following,2,6,5,"In Japan, there was significantly negative growth in the fourth quarter following a number of one-off effects, and there are signs that the slowdown will continue."
able,1,6,5,"The Committee will expand the use of the existing tools, including the interest rate tool, and will be able to operate additional ones, to the extent that the crisis lengthens and it is necessary to achieve the monetary policy goals and to moderate the negative economic impact created as a result of the crisis."
negative economic,2,6,5,"The Committee will expand the use of the existing tools, including the interest rate tool, and will be able to operate additional ones, to the extent that the crisis lengthens and it is necessary to achieve the monetary policy goals and to moderate the negative economic impact created as a result of the crisis."
negative economic impact,3,6,5,"The Committee will expand the use of the existing tools, including the interest rate tool, and will be able to operate additional ones, to the extent that the crisis lengthens and it is necessary to achieve the monetary policy goals and to moderate the negative economic impact created as a result of the crisis."
estimates,1,6,5,"These estimates suggest that in the first quarter, the economy contracted by 5 percent compared with the previous quarter (in quarterly terms)."
expected to support,3,6,5,"The depreciation is expected to support the profitability of exports, particularly manufacturing exports."
policy response,2,6,5,The spread of the crisis led to a sharp policy response by central banks and governments.
persist,1,6,5,"The gradual process of removing the restrictions that the government imposed on movement and activity is beginning to be reflected in economic activity, though the adverse impact on the economy is still considerable and is expected to persist."
gradual process,2,6,5,"The gradual process of removing the restrictions that the government imposed on movement and activity is beginning to be reflected in economic activity, though the adverse impact on the economy is still considerable and is expected to persist."
ongoing,1,6,5,"In view of the ongoing crisis, the Research Department published a special update to its macroeconomic forecast that was published in April."
monetary committee decided,3,6,5,"In addition, the Monetary Committee decided to launch a program for purchasing corporate bonds in the secondary market."
remain negative,2,6,5,"In the coming months, annual inflation is expected to remain negative."
deferred,1,6,5,"In addition, a NIS 4 billion fund with greater banking system deferred payments for about 530,000 loans, totaling about NIS 6.8 billion to mid-June  ."
maintained,1,6,5,"In the relatively optimistic scenario, in which control of the spread of the virus is maintained, GDP is expected to contract by 4.5 percent in 2020 and to grow by 6 percent in 2021."
level is higher,3,6,5,"The level of credit card purchases in July was lower than the baseline based on data from previous years, but since the beginning of August, there has been an increase in purchases, and as of mid-August, the level is higher than the baseline level  ."
remains very accommodative,3,6,5,The global monetary environment remains very accommodative.
levels of activity,3,6,5,"Some firms have been able to adapt their operations to the COVID-19 restrictions, but industries such as tourism, restaurants, education, and leisure are more restricted and have not returned to the pre-crisis levels of activity."
raise,1,6,5,"The Business Tendency Survey shows that there was a decline in the difficulty of large and medium businesses to raise credit, while small businesses continued to find difficulty in raising bank credit."
increased in recent,3,6,5,"Bank credit to the business sector increased in recent months, and the increase in housing credit also continued."
waves,1,6,5,"However, the risks to economic activity remain high—mainly in view of the risk of additional morbidity waves due to the spread of the various mutations—and the adverse impact on the economy, and particularly on the labor market, is expected to be prolonged."
months increased,2,6,5,The number of home purchases in recent months increased to a higher level than the precrisis level for all purchaser types.
recover in view,3,6,5,The global economy continues to recover in view of the decline in the scope of morbidity around the world.
average level,2,6,5,"In February and March, for the first time since the crisis began, the average level of difficulty reported by companies in raising credit declined in all industries, other than hotels, and returned to the precrisis levels."
core indices,2,6,5,"The inflation rate increased in all the main regions, but the core indices remained lower than central banks’ targets."
rapid growth,2,6,5,The opening of the economy and the return to normal life in Israel are expected to support continued rapid growth in the coming year.
significant portion,2,6,5,"In addition, a significant portion of the economic impact during similar incidents in the past was to tourism services exports, while such exports were already low due to the COVID-19 crisis."
costs,1,6,5,"Inflation expectations increased against the background of the rapid recovery in economic activity and the accommodative policy, the increases in the prices of raw materials, the increase in maritime shipping costs, and the increase in the global inflation environment."
shipping costs,2,6,5,"Inflation expectations increased against the background of the rapid recovery in economic activity and the accommodative policy, the increases in the prices of raw materials, the increase in maritime shipping costs, and the increase in the global inflation environment."
material,1,6,5,"The economy is almost completely open, and as of now, there are not material restrictions on economic activity."
slightly but remained,3,6,5,"Inflation expectations for the medium and long terms declined slightly, but remained anchored at the midpoint of the target range."
vacancies continued,2,6,5,"The number of job vacancies continued to increase, continuing to the trend since the beginning of the year, and the employee hiring constraint reported by firms continues to weigh on the expansion of activity."
job vacancies continued,3,6,5,"The number of job vacancies continued to increase, continuing to the trend since the beginning of the year, and the employee hiring constraint reported by firms continues to weigh on the expansion of activity."
left the interest,3,6,5,"In the US, the Federal Reserve left the interest rate and purchasing program unchanged, but signaled a reduction of the purchasing program in the near future, and brought forward the forecast for the first increase in the interest rate to the end of 2022."
production and supply,3,6,5,"The disruptions in the production and supply chains continue, but oil prices fell and shipping costs declined slightly during the reviewed period, which may signal the start of a change."
remained similar,2,6,5,"Total credit card purchases in January and February remained similar to the previous two months, and despite the increase in morbidity rates, there was no significant decline in overall consumption  ."
economic activity continue,3,6,5,"Indicators of economic activity continue to show levels close to potential, and the pandemic’s effect on the economy has declined significantly."
decline in shipping,3,6,5,"Globally, the war in Ukraine and its effects, as well as the slowdown in economic activity in China due to the increase in COVID-19 morbidity there and policy’s response to it, are extending the interruptions in the global production chain, despite some decline in shipping prices."
indications,1,6,5,"In view of the continuing global production and supply chain difficulties, the magnitude of the equipment and raw materials constraint reported by companies remained significant, although there are indications of a moderation of the pressure on the supply chains  ."
reached percent,2,6,5,"There was also a rise in the monthly pace of rent price increases, which reached 0.7 percent in July."
level remains higher,3,6,5,"The labor market remains tight, and the GDP level remains higher than the long-term trend."
index continued,2,6,5,"The annual pace of increase in the housing component of the Consumer Price Index continued to rise, to 6.2 percent in October."
inflation is broad,3,6,5,Inflation is broad and remains high.
formation,1,6,5,"First quarter growth was influenced by increases in fixed capital formation and in services exports excluding startups, alongside moderation of private consumption, goods exports and goods imports  ."
fixed capital,2,6,5,"First quarter growth was influenced by increases in fixed capital formation and in services exports excluding startups, alongside moderation of private consumption, goods exports and goods imports  ."
capital formation,2,6,5,"First quarter growth was influenced by increases in fixed capital formation and in services exports excluding startups, alongside moderation of private consumption, goods exports and goods imports  ."
fixed capital formation,3,6,5,"First quarter growth was influenced by increases in fixed capital formation and in services exports excluding startups, alongside moderation of private consumption, goods exports and goods imports  ."
recovery of activity,3,6,5,"In China, the various indicators point to continued recovery of activity."
tenants,1,6,5,"Monthly rents for tenants renewing their contracts increased by 3.6 percent in May, and monthly rents on new contracts increased by 8.6 percent."
prices have declined,3,6,5,"Home prices have declined in recent months, and the annual pace of home price increases moderated to 5.2 percent."
pace of home,3,6,5,"Home prices have declined in recent months, and the annual pace of home price increases moderated to 5.2 percent."
real economic,2,6,5,"To view the message as a file click here The war is having significant economic consequences, both on real economic activity and on the financial markets."
real economic activity,3,6,5,"To view the message as a file click here The war is having significant economic consequences, both on real economic activity and on the financial markets."
months continued,2,6,5,"The cumulative deficit in the past 12 months continued to increased, to 4.8 percent of GDP."
past months continued,3,6,5,"The cumulative deficit in the past 12 months continued to increased, to 4.8 percent of GDP."
labor supply constraint,3,6,5,The labor market continued to recover in view of the increase in demand for workers and an easing of the labor supply constraint due to the return of employees from military reserve service.
increase in imports,3,6,5,The most significant increase in imports between March and May relative to the preceding three-month period was in the import of consumption goods (13 percent).
increase in goods,3,6,5,Foreign trade data indicate an increase in goods and services exports  .
deficit target,2,6,5,"Following the government decision to expand the expenditure ceiling in the 2024 budget by NIS 33 billion, the deficit target was set at 7.7 percent of GDP."
expenditure figures,2,6,5,"Credit card expenditure figures in current prices indicate immediate recovery following the end of the Iran operation, and the most recent data show that they are higher than they were before the Iran operation  ."
card expenditure figures,3,6,5,"Credit card expenditure figures in current prices indicate immediate recovery following the end of the Iran operation, and the most recent data show that they are higher than they were before the Iran operation  ."
shekel depreciated,2,6,4,"Since the increase in the interest rate, the nominal effective exchange rate has been relatively stable, after the shekel depreciated in the preceding weeks."
medium-term and long-term,3,6,4,"One-year expectations and forecasts from the various sources are around the lower bound of the target, while medium-term and long-term expectations increased slightly toward the midpoint of the target."
rate terms,2,6,4,"Since the last interest rate decision, the shekel strengthened by 2 percent in nominal effective exchange rate terms."
exchange rate terms,3,6,4,"Since the last interest rate decision, the shekel strengthened by 2 percent in nominal effective exchange rate terms."
pmi,1,6,4,Growth in China continued to weaken and PMI indices also point to weakness in manufacturing.
point to moderation,3,6,4,"The global macroeconomic picture continues to point to moderation in the growth and inflation rates, and growth forecasts for most regions were revised downward again."
moderate rate,2,6,4,"Private current consumption increased at a relatively moderate rate in the first quarter, and, other than vehicles, most components of investment contracted."
quarter growth data,3,6,4,"The risks to the global economy increased, despite first quarter growth data of major economies surprising to the upside  , mainly in view of the worsening of the ""trade war"" between the US and China."
global financial,2,6,4,The expectation in global financial markets is that major central banks will renew the process of monetary accommodation.
global financial markets,3,6,4,The expectation in global financial markets is that major central banks will renew the process of monetary accommodation.
yields declined sharply,3,6,4,"Government bond yields declined sharply, similar to global yields  ."
elections,1,6,4,"The decision to hold new elections, and uncertainty regarding the measures the government will adopt following the elections in order to lower the deficit, increase the uncertainty regarding developments in the domestic economy."
past four,2,6,4,"Over the past four quarters, the downward trend in building starts appears to have halted."
announcement,1,6,4,"In the US, the Federal Reserve left the federal funds rate unchanged, but its announcement was interpreted as a signal that it is expected to begin implementing an accommodative policy due to intensifying risks and a decline in inflation expectations."
intensification,1,6,4,"In July, even before the intensification of the ""trade war"", the IMF revised its 2019 global growth and world trade forecasts downward  ."
expectations are around,3,6,4,"In view of the decline in inflation and the appreciation of the shekel, short-term inflation expectations also declined, and one-year expectations are around the lower bound of the target range  ."
deepening,1,6,4,"In the financial markets, equity price increased  , in view of the deepening monetary accommodation in various markets  ."
expected to slow,3,6,4,"Growth surprised to the upside in the third quarter, but it is expected to slow in the fourth quarter."
quarter in view,3,6,4,"In Japan, growth slowed and is expected to continue slowing in the fourth quarter, in view of the increase in VAT."
moderation of inflation,3,6,4,The moderation of inflation is largely influenced by the appreciation of the shekel.
strict,1,6,4,"If the crisis persists and spills over into additional countries, and particularly if strict preventative measures are required in Israel, it is expected to have a more significant impact."
policy measures,2,6,4,"After the strong shock in markets in March, unprecedented policy measures taken by central banks worldwide led to a change in the trend in capital markets."
closures,1,6,4,The removal of closures and reduction in social distancing enacted in many countries led to partial economic recovery.
expect,1,6,4,"Forecasts by investment houses expect positive growth in the second half of the year, but for the full year of 2020 a marked contraction in GDP is expected in most economies."
intervention,1,6,4,"Government bond yields remain low, and Bank of Israel intervention in the corporate bond market, which began in July, contributed to a notable decline in spreads on the main Tel Bond indices  ."
decline in morbidity,3,6,4,"The global economy improved during the third quarter in view of the decline in morbidity rates and the easing of lockdown policies, which led to an upward revision in the IMF’s forecast."
steps taken,2,6,4,"The credit market continues to function well with low and stable interest rates, supported by a range of steps taken by the Bank of Israel and the Ministry of Finance."
range of steps,3,6,4,"The credit market continues to function well with low and stable interest rates, supported by a range of steps taken by the Bank of Israel and the Ministry of Finance."
food services,2,6,4,"It is clear that the unemployment rate during the lockdowns increases mainly in the industries that are significantly impacted by social distancing requirements, such as the hospitality and food services, art and leisure, and education industries."
forecasts upward,2,6,4,"The IMF revised its growth forecasts upward, with the global economy expected to grow by 5.5 percent in 2021."
growth forecasts upward,3,6,4,"The IMF revised its growth forecasts upward, with the global economy expected to grow by 5.5 percent in 2021."
first quarter gdp,3,6,4,"According to the first estimate of National Accounts data for the first quarter, GDP contracted by an annual rate of 6.5 percent, but first quarter data reflect a complex picture."
home purchase,2,6,4,Investors’ share of total home purchase transactions increased.
purchase transactions,2,6,4,Investors’ share of total home purchase transactions increased.
home purchase transactions,3,6,4,Investors’ share of total home purchase transactions increased.
alongside the covid,3,6,4,The ability to conduct on-going economic activity alongside the COVID-19 virus can also be seen in the encouraging economic growth data.
morbidity cycles,2,6,4,"However, there is still some uncertainty regarding economic activity in the medium term, particularly regarding the state of the labor market, and in view of the risk of further morbidity cycles in Israel and abroad."
information,1,6,4,"In recent months, most business sector industries have remained in states of underemployment, while employment in the healthcare, information, and communications industries has expanded beyond the employment trends that were expected prior to the crisis  ."
continue to point,3,6,4,Indicators of economic activity continue to point to strong activity.
around the trend,3,6,4,"Nominal wages are increasing, and are above their precrisis trend, but there is some wage erosion in real terms, with real wages now around the trend that was forecast based on the precrisis trend  ."
employment data,2,6,4,"The labor market remains tight, but in recent months, particularly in October, there has been a slight moderation in employment data."
vacancy rate continues,3,6,4,"The number of job vacancies remains historically high, but the job vacancy rate continues to decline moderately  ."
card purchase,2,6,4,Credit card purchase data are in line with the long-term trends  .
purchase data,2,6,4,Credit card purchase data are in line with the long-term trends  .
credit card purchase,3,6,4,Credit card purchase data are in line with the long-term trends  .
card purchase data,3,6,4,Credit card purchase data are in line with the long-term trends  .
units,1,6,4,"At the same time, there was a moderate increase in building completions in 2022—about 52,000 housing units—while the number of building permits issued remains high at about 78,000 housing units."
markets are functioning,3,6,4,"The financial markets are functioning, and a large part of economic activity is continuing as usual."
concentrated,1,6,4,"Under the assumption that the war will be concentrated on the southern front during the fourth quarter of the year, GDP is expected to grow by 2.3 percent in 2023 and by 2.8 percent in 2024."
middle east,2,6,4,"Globally, the security situation in Israel has led to increased geopolitical tension in the Middle East, but the impact on the global financial markets has been moderate so far, although there has been an impact on the prices of oil and natural gas."
swords,1,6,4,The State of Israel is in the eighth week of the “Swords of Iron” war.
iron,1,6,4,The State of Israel is in the eighth week of the “Swords of Iron” war.
iron war,2,6,4,The State of Israel is in the eighth week of the “Swords of Iron” war.
swords of iron,3,6,4,The State of Israel is in the eighth week of the “Swords of Iron” war.
increase continued,2,6,4,"The owner-occupied housing component declined by 0.3 percent, and its annual rate of increase continued to moderate, to 4.9 percent."
trend of bank,3,6,4,"In the credit market, there is a slowing trend of bank credit to small and micro businesses."
took place,2,6,4,"Indicators of economic activity and the state of employment point to a gradual recovery following the sharp decline that took place with the outbreak of the war, but there is a lot of variance between industries."
outlook,1,6,4,"Despite the lowering of the rating and the change in the outlook, the market reacted moderately, and it is clear that these were already priced into the market."
general cpi,2,6,4,"The general CPI declined in January to an annual rate of 3.1 percent, while the core PCE index remained at 3.9 percent."
ratings agency,2,6,4,"The Fitch international credit ratings agency kept Israel’s credit rating at A+, but changed its ratings outlook from stable to negative."
expanded by percent,3,6,4,"GDP expanded by 3.35 percent in the first quarter of 2024, compared with the previous quarter, and reflects growth in private consumption and in fixed capital formation."
rate reductions,2,6,4,"The ECB also noted that it is not committed to a predetermined path of interest rate reductions, and that it will continue with its data-based approach."
interest rate reductions,3,6,4,"The ECB also noted that it is not committed to a predetermined path of interest rate reductions, and that it will continue with its data-based approach."
mobilization,1,6,4,"For example, we examined a scenario involving a significant temporary escalation in the war, which would require a reserve mobilization similar in scale to the beginning of the war."
government tariff,2,6,4,"Inflation expectations for the next two years continued to increase, partly due to concerns about the government’s tariff policy."
department's staff,2,6,3,"According to the Research Department's staff forecast, inflation in the next four quarters is expected to be 1.3 percent."
research department's staff,3,6,3,"According to the Research Department's staff forecast, inflation in the next four quarters is expected to be 1.3 percent."
department's staff forecast,3,6,3,"According to the Research Department's staff forecast, inflation in the next four quarters is expected to be 1.3 percent."
negative global,2,6,3,"Economic activity continues to grow at close to its potential rate, and thus far it seems that activity in Israel is not being adversely affected by the negative global sentiment."
global sentiment,2,6,3,"Economic activity continues to grow at close to its potential rate, and thus far it seems that activity in Israel is not being adversely affected by the negative global sentiment."
negative global sentiment,3,6,3,"Economic activity continues to grow at close to its potential rate, and thus far it seems that activity in Israel is not being adversely affected by the negative global sentiment."
contractionary,1,6,3,"However, the political situation remains uncertain, and if the government is forced to operate on a continuance budget for a prolonged period, it may have a contractionary effect."
contractionary effect,2,6,3,"However, the political situation remains uncertain, and if the government is forced to operate on a continuance budget for a prolonged period, it may have a contractionary effect."
budgetary,1,6,3,"However, the interim budget is expected to have a markedly contractionary effect in the first half of 2020, and there is continuing uncertainty regarding budgetary policy thereafter."
coronavirus crisis,2,6,3,The coronavirus crisis halted the trend of growth and the economy has shifted into contraction.
removed,1,6,3,"Based on the Department’s macroeconomic forecast, assuming that the main part of the coronavirus restrictions are removed gradually by the end of June, negative growth of approximately 5 percent is expected in 2020, with an unemployment rate of 6 percent (annual average)."
crisis led,2,6,3,"The crisis led to a shock in capital markets in Israel and worldwide, with steep declines in equity prices and an increase in volatility and risk."
recovery of exports,3,6,3,"To the extent that the exchange rate stabilizes at this level, it will weigh on the recovery of exports, particularly in view of the decline in global demand, and on the return of inflation to within the target range."
months following,2,6,3,"During the summer months—following the first lockdown and prior to the imposition of the second lockdown—economic activity in Israel recovered rapidly, as shown by a number of main activity indices."
uncertainty regarding economic,3,6,3,"v The increase in morbidity has led to a tightening of the limitations imposed on activity, and adds a measure of uncertainty regarding economic activity in the short and medium terms."
trendline,1,6,3,"For the first time since the start of the COVID-19 crisis, the GDP level crossed the precrisis trendline."
prices rising,2,6,3,"The upward trend in home prices accelerated in recent months, with prices rising by 11.3 percent in the past 12 months, a significantly higher pace than in previous years."
rising by percent,3,6,3,"The upward trend in home prices accelerated in recent months, with prices rising by 11.3 percent in the past 12 months, a significantly higher pace than in previous years."
economic implications,2,6,3,"The Research Department has revised its macroeconomic staff forecast, and presents two potential scenarios in view of the tremendous uncertainty due to legislative processes concerning the judicial system and their economic implications."
months the pace,3,6,3,"Looking at the past 6 months, and even more so over the past 3 months, the pace of inflation is lower than the year-on-year inflation."
two weeks,2,6,3,The State of Israel is involved in a war after having been attacked just over two weeks ago.
reserves,1,6,3,"Prior to the war, the Israeli economy had a current account surplus, a low debt-to-GDP ratio, and high foreign exchange reserves."
assist,1,6,3,"The program is intended to assist individuals and businesses who have been harmed, and to help with their cash flow during the upcoming period."
pose,1,6,3,"In view of the recent volatility of the exchange rate, depreciation of the shekel continues to pose a risk to the convergence of inflation to the target range."
compared to percent,3,6,3,"The broad unemployment rate continued to moderate, to 3.8 percent in April, compared to 4.1 percent in March."
rose by percent,3,6,3,"In the United States, the Consumer Price Index (CPI) rose by 0.3 percent in November, to an annual rate of 2.7 percent."
increase in energy,3,5,5,"Inflation in tradable goods prices moderated, primarily as a result of a slowdown in the annual rate of increase in energy prices, despite the increase in oil prices until recently and the depreciation of the shekel."
items,1,5,5,"Inflation in prices of nontradable items, which serves as an approximation of the domestic component of inflation, resumed its rise  ."
approximation,1,5,5,"Inflation in prices of nontradable items, which serves as an approximation of the domestic component of inflation, resumed its rise  ."
terms remained,2,5,5,"Expectations for medium terms remained entrenched within the target range, though there has been a slight decline recently in longer-term expectations."
slightly in recent,3,5,5,"New mortgage volume is stabilizing after increasing since 2017, and mortgage interest rates have increased slightly in recent months, against the background of the increase in government bond yields  ."
global monetary,2,5,5,"Global monetary policy remains accommodative, but the direction is gradually changing—while negative interest rates and below-target inflation continue in Europe and Japan, federal funds rate increases in the US are expected to continue and the central banks of several additional countries raised interest rates."
sheet,1,5,5,"Likewise, global quantitative easing wound down, and in the coming months quantitative contraction is expected to begin, in view of the Fed contracting its balance sheet and the cessation of purchases by the ECB  ."
balance sheet,2,5,5,"Likewise, global quantitative easing wound down, and in the coming months quantitative contraction is expected to begin, in view of the Fed contracting its balance sheet and the cessation of purchases by the ECB  ."
factor,1,5,5,"The growth in supply is apparently the main factor, but there are also forecasts for a decline in global demand. interest rate decision will be published on December 10, 2018."
hold,1,5,5,"The next decision regarding the interest rate will be published at 16:00 on Monday, January 7, 2019, following which the Governor will hold a press briefing."
manner,1,5,5,"The Committee assesses that the rising path of the interest rate in the future will be gradual and cautious, in a manner that supports a process at the end of which inflation will stabilize around the midpoint of the target range, and that supports economic activity."
supports process,2,5,5,"The Committee assesses that the rising path of the interest rate in the future will be gradual and cautious, in a manner that supports a process at the end of which inflation will stabilize around the midpoint of the target range, and that supports economic activity."
supports economic,2,5,5,"The Committee assesses that the rising path of the interest rate in the future will be gradual and cautious, in a manner that supports a process at the end of which inflation will stabilize around the midpoint of the target range, and that supports economic activity."
cautious in manner,3,5,5,"The Committee assesses that the rising path of the interest rate in the future will be gradual and cautious, in a manner that supports a process at the end of which inflation will stabilize around the midpoint of the target range, and that supports economic activity."
manner that supports,3,5,5,"The Committee assesses that the rising path of the interest rate in the future will be gradual and cautious, in a manner that supports a process at the end of which inflation will stabilize around the midpoint of the target range, and that supports economic activity."
supports economic activity,3,5,5,"The Committee assesses that the rising path of the interest rate in the future will be gradual and cautious, in a manner that supports a process at the end of which inflation will stabilize around the midpoint of the target range, and that supports economic activity."
equity indices declined,3,5,5,"In the past two months, Tel Aviv Stock Exchange equity indices declined by approximately 10 percent  , which is in line with the marked declines on major global equity indices  ."
revised their growth,3,5,5,"Investment houses revised their growth forecasts downward for most regions  , and the moderation in world trade continues among the advanced economies  ."
rate increase,2,5,5,"Despite the continued increases in the interest rates of the US and some other economies, US markets are no longer pricing in an additional rise, and European markets have pushed off the timing of an expected interest rate increase."
quarter as well,3,5,5,"Growth in China continued to weaken in the fourth quarter as well, mainly in the manufacturing sector."
remained near,2,5,5,The inflation environment remained near the lower bound of the target range.
continues to point,3,5,5,The global macroeconomic picture continues to point to a decline in both the growth and inflation rates.
increase reaching,2,5,5,"Inflation in nontradables, an approximation of the domestic component of inflation, continued to increase, reaching approximately 2 percent, while inflation in tradables continued to decline, and has turned negative in the past two months  ."
exports excluding diamonds,3,5,5,"There was an increase in investment in most of the principal industries, except for investment in residential construction that continued to decline, and exports (excluding diamonds and startups) grew due to exports of services, while exports of goods remained sluggish  ."
diamonds and startups,3,5,5,"There was an increase in investment in most of the principal industries, except for investment in residential construction that continued to decline, and exports (excluding diamonds and startups) grew due to exports of services, while exports of goods remained sluggish  ."
buyers,1,5,5,"The number of transactions continued to increase, particularly among first-time home buyers, notwithstanding the prolonged decline in the scope of residential construction."
transactions continued,2,5,5,"The number of transactions continued to increase, particularly among first-time home buyers, notwithstanding the prolonged decline in the scope of residential construction."
expand and mortgage,3,5,5,"Mortgage volume continues to expand, and mortgage interest rates continue to rise moderately  ."
sharply in view,3,5,5,"In the UK, fourth quarter 2018 growth declined because investments decreased sharply in view of Brexit."
staff forecast gdp,3,5,5,"According to the Research Department's staff forecast, GDP is expected to grow in 2019 by 3.2 percent, a slightly lower rate than in the previous forecast, and by 3.5 percent in 2020."
rates remained,2,5,5,"Mortgage volume continues to expand, and mortgage interest rates remained stable  ."
rates remained stable,3,5,5,"Mortgage volume continues to expand, and mortgage interest rates remained stable  ."
earlier,1,5,5,"In addition, the Fed announced its intention to end its balance-sheet contraction earlier than had been expected."
moderately for several,3,5,5,"However, while the job vacancy rate remains high, it has been declining moderately for several months."
strong growth,2,5,5,"The Fed left the federal funds rate unchanged, and noted that despite the strong growth in the first quarter, there is noticeable moderation in private consumption and in investment."
signal,1,5,5,"In the US, the Federal Reserve left the federal funds rate unchanged, but its announcement was interpreted as a signal that it is expected to begin implementing an accommodative policy due to intensifying risks and a decline in inflation expectations."
policy tools,2,5,5,"The ECB left its interest rate unchanged, but clarified that ""all policy tools are on the table"", and noted that there is no expectation of an interest rate increase until at least the midpoint of 2020."
committee's,1,5,5,"The Monetary Committee's assessment is that in view of the turnaround in the inflation environment in Israel and in the monetary policies of major central banks, the slowing in the global economy, and the continued appreciation of the shekel, the interest rate will not be increased for an extended period."
monetary committee's,2,5,5,"The Monetary Committee's assessment is that in view of the turnaround in the inflation environment in Israel and in the monetary policies of major central banks, the slowing in the global economy, and the continued appreciation of the shekel, the interest rate will not be increased for an extended period."
committee's assessment,2,5,5,"The Monetary Committee's assessment is that in view of the turnaround in the inflation environment in Israel and in the monetary policies of major central banks, the slowing in the global economy, and the continued appreciation of the shekel, the interest rate will not be increased for an extended period."
monetary committee's assessment,3,5,5,"The Monetary Committee's assessment is that in view of the turnaround in the inflation environment in Israel and in the monetary policies of major central banks, the slowing in the global economy, and the continued appreciation of the shekel, the interest rate will not be increased for an extended period."
environment in israel,3,5,5,"The Monetary Committee's assessment is that in view of the turnaround in the inflation environment in Israel and in the monetary policies of major central banks, the slowing in the global economy, and the continued appreciation of the shekel, the interest rate will not be increased for an extended period."
policies of major,3,5,5,"The Monetary Committee's assessment is that in view of the turnaround in the inflation environment in Israel and in the monetary policies of major central banks, the slowing in the global economy, and the continued appreciation of the shekel, the interest rate will not be increased for an extended period."
support process,2,5,5,"Moreover, if necessary, the Committee will take additional steps toward making monetary policy even more accommodative in order to support a process at the end of which inflation will stabilize around the midpoint of the target range, and to support economic activity."
inflation of nontradable,3,5,5,"Most of the negative contribution to the CPI came from the highly volatile fruit and vegetables component, the effect of which is felt in the inflation of nontradable goods prices."
nontradable goods prices,3,5,5,"Most of the negative contribution to the CPI came from the highly volatile fruit and vegetables component, the effect of which is felt in the inflation of nontradable goods prices."
rate net,2,5,5,"GDP grew by 1 percent, but according to Research Department assessments, the growth rate net of this effect was above the potential rate."
third-quarter,1,5,5,Initial third-quarter indicators (such as the Composite State of the Economy Index and the Business Tendency Survey;  ) support the assessment that the economy is continuing to grow at around its potential rate.
economy will continue,3,5,5,
continue to grow,3,5,5,Services exports (excluding tourism) continue to grow strongly  .
short-term,1,5,5,"In view of the decline in inflation and the appreciation of the shekel, short-term inflation expectations also declined, and one-year expectations are around the lower bound of the target range  ."
increased in view,3,5,5,"In the financial markets, equity price increased  , in view of the deepening monetary accommodation in various markets  ."
coming two,2,5,5,"The ECB left its interest rate unchanged, and according to market assessments, it is not expected to change in the coming two years."
coming two years,3,5,5,"The ECB left its interest rate unchanged, and according to market assessments, it is not expected to change in the coming two years."
indicated continued,2,5,5,"With the exception of the United States, most fourth quarter country statistics indicated a continued slowdown in the growth rate, with the main weakness focused on manufacturing."
contribute,1,5,5,"Growth surprised to the upside in the fourth quarter as well, and the trade agreement that is taking shape with China may contribute to a recovery in manufacturing."
sector continues,2,5,5,"In Europe, growth remains moderate, mainly in Germany and Italy, and the manufacturing sector continues to weigh on activity."
economies increased,2,5,5,"Headline inflation in the major economies increased, but inflation continues to be lower than the central banks' guiding targets  ."
crisis adverse,2,5,5,"In view of the magnitude of the crisis’s adverse impact on economic activity, the Committee is utilizing a range of tools in order to increase the extent of the monetary policy accommodation and to ensure the orderly functioning of the financial markets."
crisis adverse impact,3,5,5,"In view of the magnitude of the crisis’s adverse impact on economic activity, the Committee is utilizing a range of tools in order to increase the extent of the monetary policy accommodation and to ensure the orderly functioning of the financial markets."
activity the committee,3,5,5,"In view of the magnitude of the crisis’s adverse impact on economic activity, the Committee is utilizing a range of tools in order to increase the extent of the monetary policy accommodation and to ensure the orderly functioning of the financial markets."
impact created,2,5,5,"The Committee will expand the use of the existing tools, including the interest rate tool, and will be able to operate additional ones, to the extent that the crisis lengthens and it is necessary to achieve the monetary policy goals and to moderate the negative economic impact created as a result of the crisis."
economic impact created,3,5,5,"The Committee will expand the use of the existing tools, including the interest rate tool, and will be able to operate additional ones, to the extent that the crisis lengthens and it is necessary to achieve the monetary policy goals and to moderate the negative economic impact created as a result of the crisis."
created as result,3,5,5,"The Committee will expand the use of the existing tools, including the interest rate tool, and will be able to operate additional ones, to the extent that the crisis lengthens and it is necessary to achieve the monetary policy goals and to moderate the negative economic impact created as a result of the crisis."
household,1,5,5,An analysis of the negative impact on private consumption—in accordance with the magnitude of the Ministry of Health’s limitations on the various consumption items and the weight of each item in the household consumption basket—indicates that private consumption is about 27 percent lower than its pre-crisis level.
guidance,1,5,5,"An industry-by-industry analysis of the impact of the crisis on GDP and employment in the economy’s industries indicates that given the current guidance by the Ministry of Health, the total adverse impact on GDP is about 37 percent."
lead to decline,3,5,5,"Although the adverse impact in the supply chain of many goods may lead to price increases from the supply side, the effect of the decrease in demand is apparently more notable, and is expected to lead to a decline in inflation in the coming months."
energy component,2,5,5,"The May CPI reading declined by 0.3 percent, and negative year-on-year inflation of 1.6 percent was recorded, mainly in view of the significant negative contribution of the energy component  ."
many central,2,5,5,"In contrast, the increased magnitude of the crisis led to a broad policy response by central banks and by governments; many central banks reduced interest rates and took additional accommodative monetary steps, some of which were unprecedented."
many central banks,3,5,5,"In contrast, the increased magnitude of the crisis led to a broad policy response by central banks and by governments; many central banks reduced interest rates and took additional accommodative monetary steps, some of which were unprecedented."
upward to percent,3,5,5,"In view of the worsening of the growth forecast for 2020, the forecast for 2021 was revised upward, to 7.5 percent  ."
banks in advanced,3,5,5,Central banks in advanced economies continue to implement the special monetary measures they announced in response to the crisis.
committee continues,2,5,5,"In view of the magnitude of the crisis’s adverse impact on economic activity, the Committee continues to implement a range of tools in order to increase the extent of the monetary policy accommodation and to ensure the continued orderly functioning of the financial markets."
made,1,5,5,"The increase in fuel prices made a significant contribution to the increase in annual inflation, by reducing the negative contribution of the energy component in the CPI."
flash survey,2,5,5,"According to a flash survey by the Central Bureau of Statistics, companies reported that there was less of an impact to revenue during the second lockdown than during the first  ."
products,1,5,5,"Credit card expenditure data indicate a similar trend, as some companies in the retail trade and food and beverage services industries adapted their operations to supplying products online and through deliveries."
until the end,3,5,5,"According to these estimates, GDP is now expected to decline by 4.5 percent in 2020 if there is no significant drawback in removing the restrictions until the end of the year, and by 5 percent if there is such a drawback due to an increase in morbidity."
high rate,2,5,5,"In the US, morbidity is spreading at a high rate, but economic indicators point to a continued recovery in the fourth quarter."
economic indicators,2,5,5,"In the US, morbidity is spreading at a high rate, but economic indicators point to a continued recovery in the fourth quarter."
encompasses,1,5,5,"Goods imports (excluding ships, aircraft and diamonds in dollars) are in a significant upward trend that encompasses all components of imports."
examination,1,5,5,"An industry-by-industry examination shows that the unemployment rate during lockdowns increases in the industries that are notably impacted by social distancing requirements, particularly the hospitality and food services, art and leisure, and education industries  ."
total number,2,5,5,"However, the total number of transactions for all of 2020 was similar to the 2019 level."
israel equity,2,5,5,"There were relatively large price increases in Israel’s equity market, compared with markets abroad, since the previous interest rate decision  , in contrast to the trend of the last year."
using,1,5,5,"In addition to the $30 billion program, and as necessary, the Bank of Israel will also supply up to $15 billion in liquidity to the market by using a swap mechanism in the foreign exchange market."
older,1,5,5,The high vaccination rate among older age groups is reducing the risk of severe illness and a further wave of restrictions.
cpi remained,2,5,5,"The prices of tradable goods increased sharply, in view of the increase in energy prices, while the rate of change in the prices of nontradable components of the CPI remained moderate  ."
indicating economic,2,5,5,"The global Purchasing Managers’ Index continues to increase, indicating economic expansion, and for the first time since the outbreak of the COVID-19 crisis, the index for the services sector indicates a higher level than for the manufacturing sector."
banks left,2,5,5,The central banks left their interest rates unchanged and did not change their purchasing programs.
central banks left,3,5,5,The central banks left their interest rates unchanged and did not change their purchasing programs.
inflationary pressures,2,5,5,"However, in a small number of markets, mainly developing markets, where there are marked inflationary pressures, there were increases in the interest rates."
various indicators,2,5,5,"Monetary tightening around the world therefore continues. ​ The Israeli economy recorded high growth alongside the COVID-19 virus, and various indicators point to continued strong activity."
inflationary outbreak,2,5,5,"The Monetary Committee is closely following these developments, and its assessment is that there is no concern of an inflationary outbreak."
levels similar,2,5,5,"According to the Central Bureau of Statistics Business Tendency Survey, reported financing difficulties among businesses of various sizes are returning to levels similar to those that were prevalent prior to the crisis  ."
indicate economic,2,5,5,The global purchasing managers indices for July continue to indicate economic expansion  .
pace of activity,3,5,5,"In addition, activity data indicate a slowdown in the pace of activity."
total credit,2,5,5,"Total credit card purchases declined moderately in August, following the expansion of restrictions, but increased again, rapidly, in September  ."
total credit card,3,5,5,"Total credit card purchases declined moderately in August, following the expansion of restrictions, but increased again, rapidly, in September  ."
market equity,2,5,5,"In the capital market, equity prices increased during the reviewed period, in contrast with the global trend, and corporate bond spreads declined slightly  ."
capital market equity,3,5,5,"In the capital market, equity prices increased during the reviewed period, in contrast with the global trend, and corporate bond spreads declined slightly  ."
yields on year,3,5,5,"Yields on 10-year government bonds in Israel increased by about 25 basis points, similar to the global trend  ."
discussions,1,5,5,"The minutes of the monetary discussions prior to this interest rate decision will be published on October 21, 2021."
rate remained stable,3,5,5,"While the broad unemployment rate declined to about 7 percent in October, the employment rate remained stable."
rapid increase,2,5,5,"Following the rapid increase in the first half of the year, the adjusted employment rate (for those aged 15+) has ranged around 59 percent from the second half of July to the end of October, reflecting a gap of about 150,000 employed persons compared with the average employment rate in 2019."
thanks,1,5,5,Recently there has been increasing certainty regarding wages thanks to the “package deal” that regulates future wage increases in broad parts of the economy.
low levels,2,5,5,Government bond yields and corporate bond spreads declined and are at low levels  .
england increased,2,5,5,"In the UK, inflation increased sharply, to 5.1 percent, and the Bank of England increased its interest rate by 15 basis points to 0.25 percent."
tradable components increased,3,5,5,The annual pace of inflation in both the nontradable and the tradable components increased in recent months  .
project,1,5,5,"The professional forecasters project that inflation will remain around the upper bound of the target range in the coming months, and is then expected to decline toward the midpoint of the range."
forecasters project,2,5,5,"The professional forecasters project that inflation will remain around the upper bound of the target range in the coming months, and is then expected to decline toward the midpoint of the range."
diamonds remain,2,5,5,"Goods exports (excluding ships, aircraft, and diamonds) remain higher than before the crisis, and services exports remain very high  ."
diamonds remain higher,3,5,5,"Goods exports (excluding ships, aircraft, and diamonds) remain higher than before the crisis, and services exports remain very high  ."
rate forecast,2,5,5,"In response, the Federal Reserve raised the federal funds rate by 25 basis points, signaled that it would begin narrowing its balance sheet in May, and revised its interest rate forecast significantly upward."
interest rate forecast,3,5,5,"In response, the Federal Reserve raised the federal funds rate by 25 basis points, signaled that it would begin narrowing its balance sheet in May, and revised its interest rate forecast significantly upward."
tax receipts,2,5,5,Direct and indirect tax receipts continued to increase rapidly.
shipping prices,2,5,5,"Globally, the war in Ukraine and its effects, as well as the slowdown in economic activity in China due to the increase in COVID-19 morbidity there and policy’s response to it, are extending the interruptions in the global production chain, despite some decline in shipping prices."
rest,1,5,5,"The global purchasing managers’ index declined slightly in April, mainly influenced by moderation originating in China, while the indices in the rest of the world continue to indicate expansion of economic expansion  ."
markets declined,2,5,5,"The global purchasing managers’ index of advanced economies declined in July, and indicates a continued slowdown of economic activity, while the index for the emerging markets declined, but indicates expansion  ."
processes in israel,3,5,5,"In the Committee’s assessment, the monetary tightening processes in Israel and abroad, alongside the easing of the supply chain difficulties and declines in the prices of oil and other commodities will act to moderate inflation."
main global,2,5,5,"There were sharp price declines in the main global equity markets, with high volatility  ."
main global equity,3,5,5,"There were sharp price declines in the main global equity markets, with high volatility  ."
continued to rise,3,5,5,"The annual pace of increase in the housing component of the Consumer Price Index continued to rise, to 6.2 percent in October."
working to moderate,3,5,5,"In the Committee’s assessment, these trends and the process of monetary tightening in Israel and abroad, as well as the moderation of demand, are working to moderate inflation."
link,1,5,5,"In response, there was an increase in the interest rate expectation for Europe priced in by the market for 2023. [1] The full forecast is being published separately, and can be found at {link}."
full forecast,2,5,5,"In response, there was an increase in the interest rate expectation for Europe priced in by the market for 2023. [1] The full forecast is being published separately, and can be found at {link}."
found at link,3,5,5,"In response, there was an increase in the interest rate expectation for Europe priced in by the market for 2023. [1] The full forecast is being published separately, and can be found at {link}."
world trade data,3,5,5,World trade data for November 2022 indicated a sharp decline against the background of the outbreak of COVID-19 that occurred then in China.
israeli equity indices,3,5,5,"In the domestic capital markets there were declines in the equity indices during the reviewed period, and the Israeli equity indices reflect underperformance relative to global equity indices since the beginning of the year."
slightly upward,2,5,5,Investment houses revised their global growth forecasts for 2023 slightly upward for most blocs  .
markets increased,2,5,5,"The global purchasing managers’ indices of both advanced economies and emerging markets increased, with the index for advanced economies indicating economic expansion for the first time since June 2022  ."
indicator of world,3,5,5,"The export orders component of the Purchasing Managers Index, which is a leading indicator of world trade data, indicates that in the coming months, some further moderation in the volume of world trade is expected."
another basis,2,5,5,The Bank of England increased its interest rate by another 25 basis points. [1] The analysis in this scenario is based on the quarterly model used to analyze business cycles and for the Research Department’s forecasts published on a quarterly basis.
rate by another,3,5,5,The Bank of England increased its interest rate by another 25 basis points. [1] The analysis in this scenario is based on the quarterly model used to analyze business cycles and for the Research Department’s forecasts published on a quarterly basis.
another basis points,3,5,5,The Bank of England increased its interest rate by another 25 basis points. [1] The analysis in this scenario is based on the quarterly model used to analyze business cycles and for the Research Department’s forecasts published on a quarterly basis.
regulation inflation,2,5,5,"Net of energy and fruits and vegetables, inflation is 5.3 percent, and with the further neutralization of the effects of taxation and regulation inflation is 5.4 percent  ."
show that gdp,3,5,5,National Accounts data show that GDP growth in the first quarter was 2.5 percent in annual terms relative to the fourth quarter of 2022  .
high-tech services,2,5,5,"In the high-tech services industry, rates are lower than the precrisis data, although they have increased slightly in the past two months  ."
preliminary,1,5,5,"The average wage per employee post in February 2023 shows a decline in the real wage, but a preliminary estimate for March indicates a relatively sharp increase in wages that is mainly due to the one-time grant paid in March to public sector employees."
credit to large,3,5,5,"With regard to outstanding bank credit, there was an increase in credit to large businesses in April, alongside a moderation of the increase in credit to medium-sized businesses and a decline in credit to small and micro businesses."
declined but remained,3,5,5,"Inflation in the past 12 months declined, but remained above the upper bound of the target range, at 4.6 percent  ."
wage level,2,5,5,"In view of these figures, the real wage level increased, and was around the long-term trend in April."
months remained,2,5,5,"According to Central Bureau of Statistics data, there is a downward trend in data on housing starts relative to last year, while building completions in the past 12 months remained similar to the previous quarter."
past months remained,3,5,5,"According to Central Bureau of Statistics data, there is a downward trend in data on housing starts relative to last year, while building completions in the past 12 months remained similar to the previous quarter."
economic contraction,2,5,5,"In contrast, the indices for the manufacturing sector in many countries indicate economic contraction."
remaining unchanged,2,5,5,"Since the previous policy decision, the CPI increased by 0.3 percent in July, after remaining unchanged in June."
core inflation remained,3,5,5,"Core inflation remained unchanged, at an annual rate of 6.9 percent."
defense expenditures,2,5,5,"In view of the effects of the war, it is expected that the impact to economic activity will lead to a decline in tax revenue, with a parallel increase in defense expenditures, and that the government will operate a civilian assistance program."
vacancy rate remained,3,5,5,"The labor market remains tight and in a full employment environment, and the job vacancy rate remained steady in August."
environment moderated,2,5,5,"The inflation environment moderated in many countries, but remains above their central bank targets  ."
inflation environment moderated,3,5,5,"The inflation environment moderated in many countries, but remains above their central bank targets  ."
educational,1,5,5,"The definition of broad unemployment does not include employees who were absent from their jobs for other reasons, such as reserve duty, caring for children in the absence of day care or educational frameworks, and others."
however the underperformance,3,5,5,"However, the underperformance relative to the start of the year remains significant  ."
spreads which widened,3,5,5,"Long-term government bond yields declined at a more moderate rate than the global trend, and corporate bond spreads, which widened at the start of the war, returned to their prewar levels."
bills,1,5,5,"The risk premium as measured by the CDS, and the spread between dollar-denominated government bonds and US Treasury bills, moderated slightly but remain high."
treasury bills,2,5,5,"The risk premium as measured by the CDS, and the spread between dollar-denominated government bonds and US Treasury bills, moderated slightly but remain high."
security effects,2,5,5,"Beyond the security effects of the war, it is having significant economic consequences, both on real activity and on the financial markets."
beyond the security,3,5,5,"Beyond the security effects of the war, it is having significant economic consequences, both on real activity and on the financial markets."
remained relatively high,3,5,5,"The pace of annual inflation of the nontradable components of the CPI, which mainly reflects the housing services component and the services industries, declined but remained relatively high, at 3.8 percent."
potential acceleration,2,5,5,"However, there are still a number of risks of a potential acceleration in inflation: the effects of the war and its progress on economic activity, a depreciation of the shekel, and fiscal behavior."
risks of potential,3,5,5,"However, there are still a number of risks of a potential acceleration in inflation: the effects of the war and its progress on economic activity, a depreciation of the shekel, and fiscal behavior."
shekel and fiscal,3,5,5,"However, there are still a number of risks of a potential acceleration in inflation: the effects of the war and its progress on economic activity, a depreciation of the shekel, and fiscal behavior."
hours,1,5,5,"The total number of work hours in the economy remained lower than before the war, and the job vacancy rate continued to decline  ."
work hours,2,5,5,"The total number of work hours in the economy remained lower than before the war, and the job vacancy rate continued to decline  ."
market local,2,5,5,"In the capital market, local equity indices rose, similar to the global trend during the period."
capital market local,3,5,5,"In the capital market, local equity indices rose, similar to the global trend during the period."
market local equity,3,5,5,"In the capital market, local equity indices rose, similar to the global trend during the period."
start of remains,3,5,5,"However, the underperformance of the domestic market relative to the global market since start of 2023 remains significant  ."
core pce,2,5,5,"In the US, the general and core PCE indices declined more than expected, to 2.6 and 3.2 percent respectively."
core index,2,5,5,"In the eurozone, there was also a sharper-than-expected decline in inflation, with the general index at 2.4 percent and the core index at 3.6 percent."
equities market relative,3,5,5,"However, the cumulative underperformance of the domestic equities market relative to the global market since the start of 2023 remains significant  ."
assumes,1,5,5,"Relative to the previous forecast from April, the Research Department assumes that the war will last at a higher intensity until the end of 2024, and will subside at the beginning of 2025."
domestic equity,2,5,5,"In the capital market, domestic equity indices increased during the reviewed period."
domestic equity indices,3,5,5,"In the capital market, domestic equity indices increased during the reviewed period."
bond spread,2,5,5,"Israel’s risk premium, as measured by the 5-year CDS and by the dollar-denominated government bond spread, continued to decline, although its level remains higher than the prewar period."
dollar-denominated government bond,3,5,5,"Israel’s risk premium, as measured by the 5-year CDS and by the dollar-denominated government bond spread, continued to decline, although its level remains higher than the prewar period."
government bond spread,3,5,5,"Israel’s risk premium, as measured by the 5-year CDS and by the dollar-denominated government bond spread, continued to decline, although its level remains higher than the prewar period."
shekel-denominated,1,5,5,"In the shekel-denominated government bond channel, the downward trend in yields continued, but yields remain markedly higher since the beginning of 2024  ."
shekel-denominated government,2,5,5,"In the shekel-denominated government bond channel, the downward trend in yields continued, but yields remain markedly higher since the beginning of 2024  ."
growing by percent,3,5,5,"In Europe, the gradual recovery continues, with GDP growing by 1.6 percent in annual terms in the third quarter."
recover moderately,2,5,5,Economic activity continues to recover moderately in view of geopolitical developments.
range geopolitical,2,5,5,"In the Committee’s assessment, there are several risks for a possible acceleration of inflation or for it not converging to the target range: geopolitical developments and their impact on economic activity, prolonged supply constraints, volatility of the shekel, and fiscal developments."
target range geopolitical,3,5,5,"In the Committee’s assessment, there are several risks for a possible acceleration of inflation or for it not converging to the target range: geopolitical developments and their impact on economic activity, prolonged supply constraints, volatility of the shekel, and fiscal developments."
range geopolitical developments,3,5,5,"In the Committee’s assessment, there are several risks for a possible acceleration of inflation or for it not converging to the target range: geopolitical developments and their impact on economic activity, prolonged supply constraints, volatility of the shekel, and fiscal developments."
worsening global,2,5,5,"In the Committee’s assessment, there are several risks for a possible acceleration of inflation or for it not converging to the target range: geopolitical developments and their impact on economic activity, prolonged supply constraints, worsening global terms of trade, and volatility of the shekel."
global terms,2,5,5,"In the Committee’s assessment, there are several risks for a possible acceleration of inflation or for it not converging to the target range: geopolitical developments and their impact on economic activity, prolonged supply constraints, worsening global terms of trade, and volatility of the shekel."
worsening global terms,3,5,5,"In the Committee’s assessment, there are several risks for a possible acceleration of inflation or for it not converging to the target range: geopolitical developments and their impact on economic activity, prolonged supply constraints, worsening global terms of trade, and volatility of the shekel."
terms of trade,3,5,5,"In the Committee’s assessment, there are several risks for a possible acceleration of inflation or for it not converging to the target range: geopolitical developments and their impact on economic activity, prolonged supply constraints, worsening global terms of trade, and volatility of the shekel."
unindexed,1,5,5,The spread between yields on unindexed Israeli and American government bonds also widened.  .
unindexed israeli,2,5,5,The spread between yields on unindexed Israeli and American government bonds also widened.  .
percent and core,3,5,5,"Inflation in the eurozone declined to 2.2 percent, and core inflation declined to 2.4 percent in a preliminary reading for March."
expansion of world,3,5,5,The pace of expansion of world trade in the past year remained high  .
constraints and fiscal,3,5,5,"In the Committee’s assessment, there are several risks of renewed acceleration of inflation: geopolitical developments and their impact on economic activity, an increase in demand alongside supply constraints, and fiscal developments."
segments remained,2,5,5,Late payment rates in all activity segments remained low.
activity segments remained,3,5,5,Late payment rates in all activity segments remained low.
segments remained low,3,5,5,Late payment rates in all activity segments remained low.
months as well,3,5,4,"After a continued rise in inflation since the beginning of 2018, the inflation rate is stabilizing slightly above the lower bound of the target range, and is expected to remain within the target in the coming months as well."
potential growth rate,3,5,4,An analysis of the data and of updated indicators of economic activity leads to the assessment that the economy is converging to its potential growth rate.
economy remains,2,5,4,"The US economy remains robust, though the risks due to the worsening “trade war” and the heightened political risk in Europe continue to weigh on momentum."
stabilized in recent,3,5,4,Home prices stabilized in recent months.
target and year,3,5,4,"In the coming months as well, inflation is expected to remain slightly above the lower bound of the target, and 1-year expectations and forecasts from the various sources range around a level of one percent."
medium terms,2,5,4,"Expectations for medium terms remained entrenched within the target range, though there has been a slight decline recently in longer-term expectations."
several quarters,2,5,4,"Private consumption grew moderately, and investment continued to contract, despite the firming of residential construction investment after it had declined over several quarters."
spreads widened,2,5,4,"In financial markets, there were marked declines in most equity indices  , and bond spreads widened."
bond spreads widened,3,5,4,"In financial markets, there were marked declines in most equity indices  , and bond spreads widened."
continued growth,2,5,4,"Emerging markets are relatively stable, but a possible worsening of the “trade war” and the effects of the monetary contraction in advanced economies continue to weigh on continued growth."
months the annual,3,5,4,"In the past six months, the annual inflation rate has ranged between 1.2 percent and 1.4 percent."
market data show,3,5,4,"Labor market data show that it remains tight—the unemployment rate remains low, although there was an increase in unemployment benefit claims in recent months; the share of job vacancies out of total employee posts is at a peak  ; and wages continue to increase  ."
negatively,1,5,4,"Emerging markets are relatively stable, but the growth rate may be negatively impacted by a possible deterioration in the “trade war” and the effects of monetary contraction in advanced economies."
near the lower,3,5,4,The inflation environment remained near the lower bound of the target range.
escalation,1,5,4,"The main risks include the slowdown in Europe, an escalation of the trade war, and Brexit."
optimism,1,5,4,"Equity indices recovered, in light of the expected halt in the process of monetary contraction, and renewed optimism regarding US-China trade negotiations."
decreased,1,5,4,"In the UK, fourth quarter 2018 growth declined because investments decreased sharply in view of Brexit."
cpi readings,2,5,4,"The CPI for April was lower than pre-publication assessments, but CPI readings for the previous three months surprised to the upside, and year-on-year inflation is at a level similar to that of recent months."
transactions increased,2,5,4,"The number of transactions increased markedly, particularly among first-time homebuyers, alongside the continued decline in investment in residential construction."
decline moderately,2,5,4,"The trend of expansion in mortgage volume continues, and mortgage interest rates continued to decline moderately."
consistent,1,5,4,The moderation in the growth rate of private consumption appears consistent with the exhaustion of the process of expansion in the labor market.
came,1,5,4,"Most of the negative contribution to the CPI came from the highly volatile fruit and vegetables component, the effect of which is felt in the inflation of nontradable goods prices."
strengthening,1,5,4,"Since the previous interest rate decision, the exchange rate has been volatile, with the shekel strengthening by 3 percent in terms of the nominal effective exchange rate since the last interest rate decision, and by 8.7 percent since the beginning of the year  ."
deterioration in world,3,5,4,The deterioration in world trade continues  .
quarter the economy,3,5,4,"Most of the indicators show that in the third quarter, the economy continued to grow at near the potential rate."
make monetary,2,5,4,"Moreover, if necessary, the Committee will take additional steps to make monetary policy even more accommodative."
make monetary policy,3,5,4,"Moreover, if necessary, the Committee will take additional steps to make monetary policy even more accommodative."
points lower,2,5,4,"The Research Department's staff forecast indicates that inflation in 2020 is expected to be 1.2 percent, 0.4 percentage points lower than the previous forecast."
percentage points lower,3,5,4,"The Research Department's staff forecast indicates that inflation in 2020 is expected to be 1.2 percent, 0.4 percentage points lower than the previous forecast."
data on goods,3,5,4,"The most recent data on goods exports were relatively good, in view of improved exports of electronic components, and the trend of growth in services exports continues."
stable around,2,5,4,"The increase in the past year is approximately 0.7 percent, while the rate of increase in rents remained stable around 2.5 percent."
significant change,2,5,4,"The signals sent out by the Federal Reserve indicate that the interest rate will remain at its current level unless there is a significant change in the state of the economy, and market assessments are that the ECB is not expected to change its interest rate in the next two years."
focused,1,5,4,"With the exception of the United States, most third quarter growth data surprised to the downside, and the main weakness is focused on manufacturing."
growth remains moderate,3,5,4,"In Europe, growth remains moderate, and industrial production continues to contract, particularly in Germany."
thereafter,1,5,4,"However, the interim budget is expected to have a markedly contractionary effect in the first half of 2020, and there is continuing uncertainty regarding budgetary policy thereafter."
prices remained moderate,3,5,4,"Inflation of nontradable goods prices remained moderate, in view of the slowdown in the increase of the housing component, and inflation in the prices of tradable goods remained negative, in view of the decline in energy prices and the appreciation of the shekel."
course,1,5,4,"However, over the course of 2019, the shekel strengthened by 8.3 percent in terms of the nominal effective exchange rate  , which continues to make it difficult to return inflation to the target range."
revisions,1,5,4,"Forecasts by investment houses were stable regarding global growth in 2020 and 2021, following a long period of downward revisions in growth forecasts  ."
downward revisions,2,5,4,"Forecasts by investment houses were stable regarding global growth in 2020 and 2021, following a long period of downward revisions in growth forecasts  ."
unchanged and signaled,3,5,4,"In the US, the Federal Reserve kept the federal funds rate unchanged, and signaled that the rate is expected to remain at its current level unless there is a significant change in the state of the economy."
long time,2,5,4,"The ECB left its interest rate unchanged, and is expected to leave its policy in place for a long time."
revised slightly,2,5,4,"Global growth forecasts for 2020 were revised slightly downward, and the slowdown in world trade continues."
around the long-term,3,5,4,The economy continued to grow at a stable pace around the long-term growth rate.
decline in demand,3,5,4,Prices of oil and commodities used in manufacturing declined in view of an expectation of a significant decline in demand from China  .
rate of inflation,3,5,4,"The decline in global demand for various goods is expected to slow the rate of inflation, but on the supply side, the shortage of goods and raw materials imported from China may serve to increase inflation somewhat."
quarterly terms,2,5,4,"According to the Research Department’s assessment, GDP contracted by approximately 5 percent in the first quarter (quarterly terms)."
basket,1,5,4,An analysis of the negative impact on private consumption—in accordance with the magnitude of the Ministry of Health’s limitations on the various consumption items and the weight of each item in the household consumption basket—indicates that private consumption is about 27 percent lower than its pre-crisis level.
consumption basket,2,5,4,An analysis of the negative impact on private consumption—in accordance with the magnitude of the Ministry of Health’s limitations on the various consumption items and the weight of each item in the household consumption basket—indicates that private consumption is about 27 percent lower than its pre-crisis level.
gradual return,2,5,4,"In China, the slowdown in the spread of the virus enabled authorities there to reduce the restrictions on the population, and data indicate a gradual return of economic activity, so that moderate but positive growth is expected in 2020."
government bond markets,3,5,4,The sharp declines in equity markets were to varying degrees reversed and government bond markets have stabilized.
real-time surveys,2,5,4,"Real-time surveys among companies, conducted by the Central Bureau of Statistics, indicated that in the middle of April, the share of active employees was around 61 percent, and it increased to about 71 percent in the beginning of May, with notable variance among the industries  ."
dismissed,1,5,4,"An analysis conducted by the Research Department based on real-time surveys by the Central Bureau of Statistics shows that between 500,000 and 570,000 workers remain on unpaid leave or were dismissed from their jobs due to the corona crisis, in addition to about 150,000 workers who were unemployed prior to the crisis."
range and expectations,3,5,4,"Forward expectations for inflation at the end of the second year are slightly below the lower bound of the target range, and expectations for longer terms are anchored within the target range."
totaling about nis,3,5,4,"The total size of the fund is NIS 18 billion, and requests for credit from the fund totaling about NIS 47 billion have been received  ."
percent following,2,5,4,"Home prices increased in May–June by 0.4 percent following a decline of 0.8 percent in April–May, and the annual rate of increase moderated markedly, from an annual rate of more than 3 percent in the months prior to March–April to an annual rate of 1.9 percent."
markets remained,2,5,4,The financial markets remained relatively stable.
remained very accommodative,3,5,4,"Monetary policy in various countries remained very accommodative, and the central banks continued signaling their preparedness to take nonconventional measures to ease financial conditions."
terms declined,2,5,4,"Forward expectations for the short and medium terms declined slightly since the previous interest rate decision, while long-term expectations remained anchored within the target range."
large and medium,3,5,4,"The Business Tendency Survey shows that there was a decline in the difficulty of large and medium businesses to raise credit, while small businesses continued to find difficulty in raising bank credit."
moderation of global,3,5,4,"However, the renewed spread of morbidity is expected to lead to a moderation of global growth in the fourth quarter."
maintaining,1,5,4,"The central banks of the major economies emphasized their commitment to maintaining accommodative policy for a long time, and governments continue to adopt assistance and fiscal expansion measures."
rapid return,2,5,4,The positive results in coronavirus vaccine tests are increasing optimism regarding the rapid return of the economy to a path of growth in the coming year.
raising credit,2,5,4,"The Business Tendency Survey shows that there was a decline in the difficulty of raising credit by large and medium businesses, while for small businesses the difficulty of raising bank credit remained at its previous level  ."
deferral program,2,5,4,"As of mid-November, loan repayments totaling NIS 10.8 billion in total were deferred as part of the bank credit payment deferral program."
data reflect,2,5,4,"World trade is recovering after having declined sharply at the start of the year, and recent data reflect a contraction of only about 1.5 percent compared with the same period last year  ."
knesset,1,5,4,The Knesset dispersed without passing the state budget for 2021.
account surplus,2,5,4,"The increase in the Current Account surplus continued in the third quarter, with an increase in the surplus in the services account and a reduction of the deficit in the goods account."
current account surplus,3,5,4,"The increase in the Current Account surplus continued in the third quarter, with an increase in the surplus in the services account and a reduction of the deficit in the goods account."
contraction of gdp,3,5,4,"The Bank of Israel Research Department revised its macroeconomic forecast for the coming two years, and estimates that the contraction of GDP in 2020 will be about 3.7 percent  ."
features,1,5,4,The revised forecast features two potential scenarios that are influenced by the pace of inoculation of the population.
forecast features,2,5,4,The revised forecast features two potential scenarios that are influenced by the pace of inoculation of the population.
supervision,1,5,4,The Banking Supervision Department directive cancelling the limitation on the Prime-linked component of mortgages is expected to lower the effective interest rate on such loans  .
banking supervision,2,5,4,The Banking Supervision Department directive cancelling the limitation on the Prime-linked component of mortgages is expected to lower the effective interest rate on such loans  .
supervision department,2,5,4,The Banking Supervision Department directive cancelling the limitation on the Prime-linked component of mortgages is expected to lower the effective interest rate on such loans  .
banking supervision department,3,5,4,The Banking Supervision Department directive cancelling the limitation on the Prime-linked component of mortgages is expected to lower the effective interest rate on such loans  .
loan repayment,2,5,4,There was a marked slowdown in November in total loan repayment deferrals in the banking system.
prices continue,2,5,4,The increases of oil and industrial commodity prices continue but inflation is expected to remain low and the monetary policies of the major central banks remain very accommodative.
political uncertainty,2,5,4,The agreement between the European Union and the UK reduced the political uncertainty.
quarter gdp data,3,5,4,Fourth quarter GDP data surprised to the upside in most countries.
impact to economic,3,5,4,The available indicators regarding economic activity in December and January show a more moderate adverse impact to economic activity than during the previous lockdowns.
slowly,1,5,4,"According to the Central Bureau of Statistics Business Tendency Survey, the overall net balance of the business sector continues to increase slowly from the low point during the second lockdown  ."
quarter gdp contracted,3,5,4,"According to the first reading  of National Accounts data for the fourth quarter, GDP contracted by 2.4 percent in 2020, and per capita GDP contracted by 4.1 percent, less than the contraction that had been forecast."
agricultural,1,5,4,Agricultural commodity and metal prices remained stable.
planned,1,5,4,"The US is leading a significant economic recovery as a result of the rapid distribution of vaccinations, a reduction of restrictions, and the launch of a fiscal program of significant scope—about 8.5 percent of GDP—alongside a planned tax reform that, if it is implemented, is expected to have a global impact."
conflict,1,5,4,"During the conflict, there was a transitory decline in credit card expenditures, but these expenditures recovered rapidly."
vehicle purchases,2,5,4,"The decline in that quarter was significantly impacted by vehicle purchases being brought forward to the end of 2020 because of tax changes, and by the shift of the timing of government expenditures on public consumption."
pace of building,3,5,4,"Home prices increased by a relatively rapid rate of 4.5 percent in the past 12 months  , in view of the moderation in the pace of building starts and building completions."
stabilized at high,3,5,4,"However, job vacancies as a share of total positions has stabilized at a high level."
numbers of building,3,5,4,"Home prices increased by 5.6 percent in the past 12 months  , a rate that is more rapid than in previous years, with an increase in the number of home purchases and reflecting the moderating numbers of building starts and building completions."
unemployed persons,2,5,4,"However, the ratio of unemployed persons to the number of job vacancies varies markedly among the geographic regions in Israel v The upward trend of inflation continues."
higher than previous,3,5,4,"In addition, according to a Central Bureau of Statistics revision of historical GDP data, nominal GDP in 2020 was about one percent higher than previous publications stated, and the historical growth rates prior to the crisis, from which the potential growth rate is derived, were higher than previous assessments."
number of employees,3,5,4,"The number of employed persons aged 15+ in July was about 185,000 lower than the number of employees required to attain the 2019 average employment rate."
set,1,5,4,"The volume of new mortgages taken out in July was similar to the record set in June, further to the high mortgage volumes since the beginning of the year  ."
indices abroad,2,5,4,"In the capital market, the Tel Aviv 125 index increased slightly relative to parallel indices abroad, and corporate bond spreads increased slightly but remained very low  ."
two quarters,2,5,4,"In the eurozone, GDP grew by about 8.2 percent in annual terms compared to the previous quarter, following two quarters of contraction."
prices remained relatively,3,5,4,The pace of increase in rental prices remained relatively moderate.
near the upper,3,5,4,"However, there is a marked gap between expectations derived from the capital market, which are near the upper bound of the target range, and those of the professional forecasters and the banks, which are lower  ."
sources declined,2,5,4,"One-year inflation expectations from all sources declined slightly, and are within the target range."
composition of employees,3,5,4,"It should be noted that, at least until September, wage levels (after neutralizing the effects of the composition of employees that typified the COVID-19 crisis period) in most industries were similar to the precrisis trend, but there has been some recent acceleration in wage increases in some industries."
ranges,1,5,4,"In the domestic capital market, equity prices continue to increase, and government bond yields declined slightly in most ranges."
pace of interest,3,5,4,"In addition, the Fed revised the forecast pace of interest rate increases upward, in view of the further increase in inflation, to a year-over-year level of 6.8 percent, and the continued recovery of the labor market."
weigh upon,2,5,4,"However, the continued moderation of global activity in view of the effects of the war in Ukraine and the slowdown in manufacturing activity in China, as well as political uncertainty in Israel, may weigh upon economic activity."
market is tight,3,5,4,The labor market is tight.
flow,1,5,4,"In contrast, due to the decline in the flow of natural gas from Russia to Europe, there was a sharp increase in natural gas prices in Europe."
increasing by percent,3,5,4,"The pace of the monthly increase in rental prices intensified, with prices increasing by 0.8 percent in August."
accounts data show,3,5,4,"National Accounts data show that in the third quarter, GDP grew by 5.8 percent compared with the third quarter last year, and by 2.1 percent in annual terms compared with the second quarter of this year  ."
price index continued,3,5,4,"The annual pace of increase in the housing component of the Consumer Price Index continued to rise, to 6.2 percent in October."
increase in credit,3,5,4,"At this stage, there are no indications of a significant increase in credit risk or in businesses’ difficulties in servicing their debts."
moderating trend,2,5,4,"The global inflation environment remains elevated, but is in a moderating trend."
greatly,1,5,4,"We are beginning to see a change in the trend of tax revenues, which had previously increased greatly relative to the pre-COVID-19 period."
unsold homes,2,5,4,"The declines in the number of housing transactions and in new mortgage volume continue, while the stock of unsold homes held by developers increased markedly in the past year."
upcoming,1,5,4,"The ECB increased its interest rate by 25 basis points, and its president emphasized that the Bank’s future policy directly depends on economic data that will be published in the upcoming period."
upcoming period,2,5,4,"The ECB increased its interest rate by 25 basis points, and its president emphasized that the Bank’s future policy directly depends on economic data that will be published in the upcoming period."
southern front,2,5,4,"Under the assumption that the war will be concentrated on the southern front during the fourth quarter of the year, GDP is expected to grow by 2.3 percent in 2023 and by 2.8 percent in 2024."
reserve service,2,5,4,The labor market continued to recover in view of the increase in demand for workers and an easing of the labor supply constraint due to the return of employees from military reserve service.
index moderated,2,5,4,"In the US, the general CPI increased in February to an annual rate of 3.2 percent, while the core PCE index moderated slightly to 3.8 percent."
past months increased,3,5,4,"Inflation in the past 12 months increased to 2.8 percent, close to the upper bound of the target range.  ."
continued supply,2,5,4,"Tax changes, particularly the increase in VAT, along with continued supply constraints and excess demand, are expected to raise the inflation rate in the first half of the year, and inflation is expected to moderate to within the target range during the second half of the year."
continued supply constraints,3,5,4,"Tax changes, particularly the increase in VAT, along with continued supply constraints and excess demand, are expected to raise the inflation rate in the first half of the year, and inflation is expected to moderate to within the target range during the second half of the year."
construction industry remains,3,5,4,The equipment constraint in the construction industry remains high  .
consecutive month,2,5,4,"In the housing market, home prices continued to increase for the fifth consecutive month  ."
growth trend,2,5,4,"The underperformance from the long-term growth trend remains similar, at 3.6 percent."
depreciated by percent,3,5,4,"Since the previous interest rate decision, the shekel has depreciated by 2.8 percent against the US dollar, by 1.5 percent against the euro, and by 2.3 percent in terms of the nominal effective exchange rate."
premium declined,2,5,4,"In the financial markets, Israel’s risk premium declined, although it remains high."
risk premium declined,3,5,4,"In the financial markets, Israel’s risk premium declined, although it remains high."
supply constraint remains,3,5,4,"The October Survey also shows that in the construction and services industries, the supply constraint remains dominant, while the demand constraint remains dominant in the hotels industry."
tariffs,1,5,4,"Inflation expectations for the next two years remained high, partly due to concerns about the imposition of tariffs and an expansionary fiscal policy."
prices indicate,2,5,4,"Credit card expenditure data in current prices indicate a sharp decline in activity at the beginning of Operation Rising Lion, and rapid recovery at the end of the campaign  ."
current prices indicate,3,5,4,"Credit card expenditure data in current prices indicate a sharp decline in activity at the beginning of Operation Rising Lion, and rapid recovery at the end of the campaign  ."
component rent,2,5,4,"The annual pace of increase in the owner-occupied housing services component (rent in new and renewing contracts) declined to 2.6 percent in November, from 3.1 percent in October."
services component rent,3,5,4,"The annual pace of increase in the owner-occupied housing services component (rent in new and renewing contracts) declined to 2.6 percent in November, from 3.1 percent in October."
rent in new,3,5,4,"The annual pace of increase in the owner-occupied housing services component (rent in new and renewing contracts) declined to 2.6 percent in November, from 3.1 percent in October."
increase in contracts,3,5,4,"The pace of increase in contracts where the tenant changed declined from 5.5 percent in October to 4.7 percent in November Alongside this, the level of activity in the construction industry is high."
continued rise,2,5,3,"After a continued rise in inflation since the beginning of 2018, the inflation rate is stabilizing slightly above the lower bound of the target range, and is expected to remain within the target in the coming months as well."
entrenched,1,5,3,Medium-term expectations remained entrenched within the target range.
indicators of activity,3,5,3,"In the second and third quarters, there was some slowdown in the economy’s growth rate, but current indicators of activity support the assessment that the economy is at full employment, and in particular, the tight labor market data indicate a high level of demand."
past month,2,5,3,"In the past month, there was a slight increase in the yield spreads between corporate bonds and comparable government bonds."
quantitative,1,5,3,"Likewise, global quantitative easing wound down, and in the coming months quantitative contraction is expected to begin, in view of the Fed contracting its balance sheet and the cessation of purchases by the ECB  ."
global macroeconomic,2,5,3,"The global macroeconomic picture continues to convey a slowing of momentum, high volatility, and lack of certainty."
macroeconomic picture,2,5,3,"The global macroeconomic picture continues to convey a slowing of momentum, high volatility, and lack of certainty."
global macroeconomic picture,3,5,3,"The global macroeconomic picture continues to convey a slowing of momentum, high volatility, and lack of certainty."
macroeconomic picture continues,3,5,3,"The global macroeconomic picture continues to convey a slowing of momentum, high volatility, and lack of certainty."
unemployment rate increased,3,5,3,"In recent months, the unemployment rate increased slightly, and the job vacancy rate declined, but the labor market remains tight and supports the assessment that the economy is in a full employment environment."
continue to rise,3,5,3,"In particular, wages continue to rise, led by the business sector and across all industries."
percent in nominal,3,5,3,"Since the last interest rate decision, the shekel strengthened by 2 percent in nominal effective exchange rate terms."
appreciation continues,2,5,3,"If the appreciation continues, it could delay the inflation rate’s rise toward the midpoint of the target."
decrease,1,5,3,"The CPI for January declined by only 0.1 percent, a more moderate decrease than had been expected, and the inflation rate for the preceding 12 months returned to above the lower bound of the target, at 1.2 percent  , a level similar to that of recent months."
delaying,1,5,3,The appreciation is the main factor that is delaying the continued increase of the inflation rate toward the midpoint of the target.
increased mainly,2,5,3,"The risks to the global economy increased, mainly in view of the increasing severity of the ""trade war"", despite first-quarter growth in major economies surprising to the upside."
adversely,1,5,3,"Economic activity continues to grow at close to its potential rate, and thus far it seems that activity in Israel is not being adversely affected by the negative global sentiment."
three years,2,5,3,"A further decline in the year over year inflation rate is expected over the coming months, one-year expectations are close to the lower bound of the target range  , and there was a decline in forward expectations up to three years."
grow at near,3,5,3,"Economic activity continues to grow at near its potential rate  , and so far it seems that activity in Israel is not being adversely affected by the negative global sentiment."
continues to make,3,5,3,"However, since the beginning of the year, the shekel has strengthened by 8.9 percent, and the appreciation continues to make it difficult to return inflation to the target range."
exception,1,5,3,"With the exception of the United States, most third quarter growth data surprised to the downside, and the main weakness is focused on manufacturing."
guiding,1,5,3,"Inflation remains lower than the central banks' guiding targets  , but it appears that the process of deepening monetary accommodation by the major central banks has reached its limit at this stage."
results,1,5,3,"Global economic activity continues to slow, but it seems that the risks of a significant deterioration have declined in view of progress in the trade negotiations between the US and China and the results of the UK elections."
negative growth,2,5,3,"The most recent data published regarding global economic activity indicate low growth in Europe and negative growth in Japan, while the US continues to exhibit positive growth."
market continue,2,5,3,Medium-and long-term forward inflation expectations derived from the capital market continue to be largely stable since the previous interest rate decision  .
shock,1,5,3,"The crisis led to a shock in capital markets in Israel and worldwide, with steep declines in equity prices and an increase in volatility and risk."
contract by percent,3,5,3,"In the relatively optimistic scenario, in which control of the spread of the virus is maintained, GDP is expected to contract by 4.5 percent in 2020 and to grow by 6 percent in 2021."
steep increase,2,5,3,​The coronavirus crisis has led to an unprecedented contraction in the scope of economic activity and to a steep increase in the number of jobseekers.
exports particularly,2,5,3,"The depreciation is expected to support the profitability of exports, particularly manufacturing exports."
particularly in view,3,5,3,"To the extent that the exchange rate stabilizes at this level, it will weigh on the recovery of exports, particularly in view of the decline in global demand, and on the return of inflation to within the target range."
various countries,2,5,3,"The difficulty in stopping the pandemic in various countries, and the delay in the return to routine economic activity are weighing on the global economy."
relatively rapid,2,5,3,"Real time indicators of activity show that after the relatively rapid recovery of economic activity in June, the pace of recovery has slowed in July and August."
implement,1,5,3,Central banks in advanced economies continue to implement the special monetary measures they announced in response to the crisis.
sources remained,2,5,3,"Inflation expectations for the coming year, from all sources, remained below the lower bound of the target range, while forward expectations of inflation at the end of the second year are slightly below the lower bound of the target range, and longer-term expectations are anchored within the target range."
ago,1,5,3,"In particular, oil prices are significantly lower than they were a year ago  , but core inflation in the main economies is also low."
function with stable,3,5,3,The credit market continues to function with stable interest rates.
rate moderated,2,5,3,"With the start of easing the lockdown, the unemployment rate moderated to approximately 18 percent."
weakening,1,5,3,"During the same period, the shekel strengthened by approximately 1.7 percent against the US dollar in view of the significant weakening of the dollar worldwide."
potential scenarios,2,5,3,"The forecast published in October 2020, which contains a scenario of remaining in control and a scenario of ""low control”, still covers the range of potential scenarios in the Research Department’s forecast for 2021."
economy is recovering,3,5,3,"The global economy is recovering, but there is continued uncertainty in view of the start of inoculation campaigns while morbidity continues to spread."
pace of vaccinations,3,5,3,"Alongside this, the earlier-than-expected start of the inoculation campaign and the rapid pace of vaccinations thus far in Israel are expected to support economic recovery later in the year."
high morbidity,2,5,3,"The high morbidity levels have led to a slowdown in the services sector, mainly in Europe, while the improvements in manufacturing and in world trade continue. start of inoculation campaigns, with slight increases in US treasury bond yields."
morbidity level,2,5,3,The vaccination campaign is progressing rapidly but the spread of more contagious variants and the still high morbidity level are weighing on a return to strong economic activity.
capita,1,5,3,"GDP contracted by 2.4 percent in 2020, and per capita GDP contracted by 4.1 percent, less severe than had been previously forecasted."
inflation rate increased,3,5,3,"The inflation rate increased in all the main regions, but the core indices remained lower than central banks’ targets."
fiscal program,2,5,3,"The US is leading a significant economic recovery as a result of the rapid distribution of vaccinations, a reduction of restrictions, and the launch of a fiscal program of significant scope—about 8.5 percent of GDP—alongside a planned tax reform that, if it is implemented, is expected to have a global impact."
employment indices,2,5,3,"However, since August, the improvement in the employment indices has slowed."
oil and natural,3,5,3,The prices of oil and natural gas increased significantly during the period.
recover gradually,2,5,3,"In the US, there was a further increase in inflation, to a year-over-year level of 6.2 percent, third quarter growth was lower than in previous quarters, and the labor market continues to recover gradually."
intensity of economic,3,5,3,These developments are leading to an increase in uncertainty regarding the intensity of economic activity in the short and medium term.
interruptions,1,5,3,"The interruptions in the global production chains continue, although with slightly less intensity."
accelerate,1,5,3,"The upward trend in home prices continued to accelerate, with prices rising by 13 percent in the past 12 months."
continuing at high,3,5,3,Ongoing economic activity in Israel is continuing at a high level alongside the COVID-19 pandemic and the cyclical nature of the waves of morbidity.
narrowing,1,5,3,"In response, the Federal Reserve raised the federal funds rate by 25 basis points, signaled that it would begin narrowing its balance sheet in May, and revised its interest rate forecast significantly upward."
indicate shortage,2,5,3,Businesses in most industries continue to indicate a shortage of workers as a constraint on their current operations.
current operations,2,5,3,Businesses in most industries continue to indicate a shortage of workers as a constraint on their current operations.
workers as constraint,3,5,3,Businesses in most industries continue to indicate a shortage of workers as a constraint on their current operations.
high in wide,3,5,3,"Inflation in Israel is 5.3 percent over the past 12 months, and is high in a wide range of CPI components."
although it remains,3,5,3,"At the same time, there was some worsening of the export orders constraint reported by manufacturing companies, although it remains low."
demonstrated,1,5,3,"In the past, it has demonstrated its ability to recover from difficult periods."
difficult periods,2,5,3,"In the past, it has demonstrated its ability to recover from difficult periods."
demonstrated its ability,3,5,3,"In the past, it has demonstrated its ability to recover from difficult periods."
ability to recover,3,5,3,"In the past, it has demonstrated its ability to recover from difficult periods."
recover from difficult,3,5,3,"In the past, it has demonstrated its ability to recover from difficult periods."
turn affecting,2,5,3,"There is great amount of uncertainty with regard to the expected severity and duration of the war, which is in turn affecting the extent of the impact on activity."
affecting the extent,3,5,3,"There is great amount of uncertainty with regard to the expected severity and duration of the war, which is in turn affecting the extent of the impact on activity."
employment point,2,5,3,"Indicators of economic activity and the state of employment point to a gradual recovery following the sharp decline that took place with the outbreak of the war, but there is a lot of variance between industries."
gradual recovery following,3,5,3,"Indicators of economic activity and the state of employment point to a gradual recovery following the sharp decline that took place with the outbreak of the war, but there is a lot of variance between industries."
decline that took,3,5,3,"Indicators of economic activity and the state of employment point to a gradual recovery following the sharp decline that took place with the outbreak of the war, but there is a lot of variance between industries."
industry activity,2,5,3,"An analysis of the constraints on industry activity as reported in the Central Bureau of Statistics Business Tendency Survey shows that the seriousness of the constraints on the demand side is moderating, after increasing with the outbreak of the war."
moderate or serious,3,5,3,"The rate of companies reporting a moderate or serious constraint in the volume of orders in the manufacturing and services industries moderated, mainly with regard to orders for the domestic market."
non-israeli,1,5,3,"There is a supply limitation in the labor market, among other things in view of the shortage of non-Israeli workers and the absence of workers who are on reserve duty in the security forces or were employed in the Northern border area, which contributes to a tight labor market."
non-israeli workers,2,5,3,"There is a supply limitation in the labor market, among other things in view of the shortage of non-Israeli workers and the absence of workers who are on reserve duty in the security forces or were employed in the Northern border area, which contributes to a tight labor market."
percent on average,3,5,3,"The annual inflation rate is expected to be 3.8 percent on average in the fourth quarter of 2024, which is higher than the July forecast, and 2.8 percent on average in the fourth quarter of 2025."
home prices moderated,3,5,3,"In the housing market, the increase in home prices moderated."
period although,2,5,3,"The economy’s risk premium, as measured by the CDS spread, declined significantly during the reviewed period, although it remains very high relative to the prewar period."
cds spread declined,3,5,3,"The economy’s risk premium, as measured by the CDS spread, declined significantly during the reviewed period, although it remains very high relative to the prewar period."
reviewed period although,3,5,3,"The economy’s risk premium, as measured by the CDS spread, declined significantly during the reviewed period, although it remains very high relative to the prewar period."
continues at moderate,3,5,3,"In view of geopolitical developments, the recovery in economic activity continues at a moderate pace."
beginning of operation,3,5,3,"Credit card expenditure data in current prices indicate a sharp decline in activity at the beginning of Operation Rising Lion, and rapid recovery at the end of the campaign  ."
leads,1,4,4,An analysis of the data and of updated indicators of economic activity leads to the assessment that the economy is converging to its potential growth rate.
worsening trade,2,4,4,"The US economy remains robust, though the risks due to the worsening “trade war” and the heightened political risk in Europe continue to weigh on momentum."
worsening trade war,3,4,4,"The US economy remains robust, though the risks due to the worsening “trade war” and the heightened political risk in Europe continue to weigh on momentum."
rate by percentage,3,4,4,"Even after an increase of the interest rate by 0.15 percentage points, monetary policy remains accommodative and will continue to support the attainment of policy targets."
tradable goods prices,3,4,4,"Inflation in tradable goods prices moderated, primarily as a result of a slowdown in the annual rate of increase in energy prices, despite the increase in oil prices until recently and the depreciation of the shekel."
serves,1,4,4,"Inflation in prices of nontradable items, which serves as an approximation of the domestic component of inflation, resumed its rise  ."
bonds and comparable,3,4,4,"In the past month, there was a slight increase in the yield spreads between corporate bonds and comparable government bonds."
elevated,1,4,4,"The unemployment rate remains very low, though the participation and employment rates appear to be moderating from the elevated levels they had reached."
posts,1,4,4,"The ratio of job vacancies to total employee posts rose to a record level  , and wages continue to increase  , led by a relatively sharp rise in the business sector, encompassing a wide range of industries and all salary levels."
employee posts,2,4,4,"The ratio of job vacancies to total employee posts rose to a record level  , and wages continue to increase  , led by a relatively sharp rise in the business sector, encompassing a wide range of industries and all salary levels."
europe growth,2,4,4,"In Europe, growth weakened in the third quarter."
leading indicators,2,4,4,"Assessments are that it is not a change in trend, although leading indicators point to a loss of momentum."
china continues,2,4,4,Growth in China continues to weaken.
hold press,2,4,4,"The next decision regarding the interest rate will be published at 16:00 on Monday, January 7, 2019, following which the Governor will hold a press briefing."
governor will hold,3,4,4,"The next decision regarding the interest rate will be published at 16:00 on Monday, January 7, 2019, following which the Governor will hold a press briefing."
hold press briefing,3,4,4,"The next decision regarding the interest rate will be published at 16:00 on Monday, January 7, 2019, following which the Governor will hold a press briefing."
department forecasts,2,4,4,The Research Department forecasts inflation of 1.3 percent over the coming four quarters.
research department forecasts,3,4,4,The Research Department forecasts inflation of 1.3 percent over the coming four quarters.
long term,2,4,4,"After the growth rate slowed in the second and third quarters of 2018, the findings from the fourth quarter Companies Survey   and data on tax revenues support the assessment that the economy is growing at a pace hovering around the long term path."
germany and italy,3,4,4,"The major economies in Europe convey a mixed picture—there was positive growth in France and Spain, while contraction was seen in Germany and Italy."
economic activity data,3,4,4,"In Japan, the economic activity data published in the fourth quarter indicate a recovery, following contraction in the third quarter."
inflation rate declined,3,4,4,"After the annual inflation rate declined below the target range in December, it returned above the lower bound in January, and in the coming months it is expected to hover near it."
cpi excluding,2,4,4,"The 12-month CPI excluding prices of energy, fruit and vegetables, and administrative price changes remains slightly lower  ."
remains slightly,2,4,4,"The 12-month CPI excluding prices of energy, fruit and vegetables, and administrative price changes remains slightly lower  ."
tradables,1,4,4,"Inflation in nontradables, an approximation of the domestic component of inflation, continued to increase, reaching approximately 2 percent, while inflation in tradables continued to decline, and has turned negative in the past two months  ."
shekel appreciated,2,4,4,The shekel appreciated by approximately 2 percent in nominal effective exchange rate terms since the previous interest rate decision  .
final,1,4,4,"Equity indices in Israel have increased significantly since the last interest rate decision, after marked declines in the final two months of 2018  , in line with major equity indices worldwide  ."
industries except,2,4,4,"There was an increase in investment in most of the principal industries, except for investment in residential construction that continued to decline, and exports (excluding diamonds and startups) grew due to exports of services, while exports of goods remained sluggish  ."
rate is stable,3,4,4,"Labor market data indicate that it remains tight—the unemployment rate remains low, the employment rate is stable at a record high level  , and wages continue to rise across all industries, led by the business sector  ."
home buyers,2,4,4,"The number of transactions continued to increase, particularly among first-time home buyers, notwithstanding the prolonged decline in the scope of residential construction."
indicate decline,2,4,4,The global macroeconomic picture continues to indicate a decline in both the growth and inflation rates.
indices continue,2,4,4,"In Europe, economic activity continues to lose momentum and sentiment indices continue to weaken."
latter,1,4,4,"Germany and Italy are notably weak, with the latter slipping into a recession."
months annual,2,4,4,"In the coming months, annual inflation is expected to be slightly above the lower bound of the target, and 1-year expectations and forecasts from the various sources hover near it."
coming months annual,3,4,4,"In the coming months, annual inflation is expected to be slightly above the lower bound of the target, and 1-year expectations and forecasts from the various sources hover near it."
months annual inflation,3,4,4,"In the coming months, annual inflation is expected to be slightly above the lower bound of the target, and 1-year expectations and forecasts from the various sources hover near it."
markets as well,3,4,4,"The slowdown in world trade is becoming more severe, and includes emerging markets as well."
israel and comparable,3,4,4,Yield spreads between corporate bonds in Israel and comparable government bonds continued to decline  .
shortage constraint,2,4,4,"However, some industries are showing an apparent slight easing in the labor shortage constraint as reported by employers, and the job vacancy rate remains elevated but is declining moderately."
economy is expected,3,4,4,"The economy is expected to grow in those years at a rate slightly higher than the long-term pace, as a result of significant activity by a number of large companies."
forecasts were revised,3,4,4,"In the US, the pace of inflation moderated, and the Fed left the federal funds rate unchanged  , and interest rate forecasts were revised downward."
date,1,4,4,"For the year to date, the shekel has strengthened by 6 percent in terms of the nominal effective exchange rate, and since the last meeting it has appreciated by 1.2 percent."
adjusting,1,4,4,"After adjusting for this effect, the Bank of Israel Research Department's assessment is that economic growth was slightly below 3 percent."
data indicate slowdown,3,4,4,"There is an apparent decline in the share of companies in the Business Tendency Survey reporting a severe constraint in export orders, but foreign trade data indicate a slowdown in goods exports in April."
consumption increased,2,4,4,"Private current consumption increased at a relatively moderate rate in the first quarter, and, other than vehicles, most components of investment contracted."
recent months home,3,4,4,"In recent months, home prices reverted to registering moderate increases, and have increased by approximately 0.5 percent in the past year  ."
moderately in view,3,4,4,"The current account surplus in the third quarter increased moderately, in view of the increase in services exports."
indicate weakness,2,4,4,"In Europe, the economic picture continues to indicate weakness, although first quarter growth data in a number of leading economies surprised to the upside."
slowdown in growth,3,4,4,"The ECB left its interest rate unchanged, and its president noted that there are greater   expectations for a slowdown in growth in 2019."
oil prices remained,3,4,4,"Oil prices remained stable since the previous interest rate decision, in view of the decline in supply being offset by worsening sentiment in the markets.  . prior to this interest rate decision will be published on June 3, 2019."
decision in view,3,4,4,"Oil prices remained stable since the previous interest rate decision, in view of the decline in supply being offset by worsening sentiment in the markets.  . prior to this interest rate decision will be published on June 3, 2019."
months but remains,3,4,4,"Inflation in the prices of nontradable goods, an approximation of the domestic component of inflation, moderated in recent months, but remains above the 2 percent level, and inflation in tradable goods prices continues to increase."
latest,1,4,4,"Labor market data indicate that it remains tight—the unemployment rate continues to decline, and the latest data on the employment and participation rates show they declined slightly but remain high  ."
production continues,2,4,4,"In Europe, the economic picture continues to indicate weakness, and industrial production continues to contract."
industrial production continues,3,4,4,"In Europe, the economic picture continues to indicate weakness, and industrial production continues to contract."
continues to contract,3,4,4,"In Europe, the economic picture continues to indicate weakness, and industrial production continues to contract."
expectations declined,2,4,4,"Short- and medium-term inflation expectations declined, with one-year expectations ranging around the lower bound of the target range, but long-term expectations remained anchored near the midpoint of the target range."
durable,1,4,4,"Private consumption excluding durable goods and public consumption drove growth in the second quarter, and the trend of expansion that has characterized exports in the past two years continued, led by services exports."
durable goods,2,4,4,"Private consumption excluding durable goods and public consumption drove growth in the second quarter, and the trend of expansion that has characterized exports in the past two years continued, led by services exports."
moreover,1,4,4,"Moreover, if necessary, the Committee will take additional steps toward making monetary policy even more accommodative in order to support a process at the end of which inflation will stabilize around the midpoint of the target range, and to support economic activity."
index readings,2,4,4,"After most index readings since the beginning of the year surprised to the upside, the readings for June and July were markedly lower than expected."
travel abroad,2,4,4,"The annual pace of inflation of the tradable components also increased, to 5.4 percent, influenced by the contribution of travel abroad by Israelis.  ."
department assessments,2,4,4,"GDP grew by 1 percent, but according to Research Department assessments, the growth rate net of this effect was above the potential rate."
research department assessments,3,4,4,"GDP grew by 1 percent, but according to Research Department assessments, the growth rate net of this effect was above the potential rate."
eased,1,4,4,"Similar to global yields, medium- and long-term government bond yields declined sharply and eased financial conditions in the economy."
revised its global,3,4,4,"In July, even before the intensification of the ""trade war"", the IMF revised its 2019 global growth and world trade forecasts downward  ."
expected and inflation,3,4,4,"Growth in the second quarter was lower than in the first quarter, but higher than expected, and inflation is slightly below the target."
israel the monetary,3,4,4,
necessary to leave,3,4,4,
level for prolonged,3,4,4,
short-term inflation,2,4,4,"In view of the decline in inflation and the appreciation of the shekel, short-term inflation expectations also declined, and one-year expectations are around the lower bound of the target range  ."
managers index declined,3,4,4,"In contrast, the Purchasing Managers Index declined significantly in August, and indicates a contraction of activity."
exports continues,2,4,4,"The most recent data on goods exports were relatively good, in view of improved exports of electronic components, and the trend of growth in services exports continues."
certain,1,4,4,"Growth in 2020 is expected to be about 0.5 percentage points lower than in the previous forecast, as a result of the decline in export forecasts due to the expected slowdown in world trade, and due to the assumption that the government will need to take certain measures to lower the deficit."
rents remained,2,4,4,"The increase in the past year is approximately 0.7 percent, while the rate of increase in rents remained stable around 2.5 percent."
furthermore,1,4,4,"Furthermore, the Committee is taking additional steps as necessary to make monetary policy more accommodative."
inflation was percent,3,4,4,"In the past 12 months, inflation was 0.4 percent  ."
remained negative,2,4,4,"Inflation of nontradable goods prices continued to moderate, and inflation in the prices of tradable goods remained negative."
tradable goods remained,3,4,4,"Inflation of nontradable goods prices continued to moderate, and inflation in the prices of tradable goods remained negative."
third quarter gdp,3,4,4,"According to the first estimate of National Accounts data for the third quarter, GDP grew by 4.1 percent  ."
quarter gdp grew,3,4,4,"According to the first estimate of National Accounts data for the third quarter, GDP grew by 4.1 percent  ."
yields in europe,3,4,4,"Long-term government bond yields remained stable since the previous interest rate decision, despite the increase in yields in Europe and the US  ."
increase moderately,2,4,4,"Home prices continued to increase moderately, and in the past year they have increased by 1.9 percent, while the annual rate of increase in rents is moderating."
continued to slow,3,4,4,The global economy continued to slow  .
declined moderately,2,4,4,Expectations derived from CPI financial contracts appear to have declined moderately in recent months.
market remained,2,4,4,"Medium-and long-term forward inflation expectations derived from the bond market remained largely stable since the previous interest rate decision, and have increased slightly in recent days  ."
services exports continued,3,4,4,"Goods exports were flat in October and November, while services exports continued to grow rapidly in October  ."
activity and inflation,3,4,4,"The interim budget is expected to have a markedly contractionary effect in the first half of 2020, even in view of the path of government debt repayment, and uncertainty remains regarding budgetary policy thereafter and its implications for economic activity and inflation."
moderate improvement,2,4,4,"The global economy continues to slow, but several indicators point to a possible moderate improvement in the coming months."
houses global,2,4,4,"Investment houses’ global growth forecast for 2020 were revised slightly downward, while the revision for growth in China is more significant  ."
investment houses global,3,4,4,"Investment houses’ global growth forecast for 2020 were revised slightly downward, while the revision for growth in China is more significant  ."
houses global growth,3,4,4,"Investment houses’ global growth forecast for 2020 were revised slightly downward, while the revision for growth in China is more significant  ."
uncertainty surrounding,2,4,4,"The slowdown in world trade continues  , but the political risks have moderated in view of the signing of the first stage of the trade agreement between the US and China, and the decline in uncertainty surrounding the progress of the Brexit process."
chinese,1,4,4,"The baseline scenario guiding the assessments of most international financial institutions is that the spread of the virus will be halted in the coming months, and the damage to the Chinese economy will be restricted mainly to the first quarter of 2020."
provision,1,4,4,"Provision of monetary loans to banks for a term of 3 years, with a fixed interest rate of 0.1 percent."
considerable uncertainty,2,4,4,"Note that there is considerable uncertainty regarding the forecast crisis, in view of the lack of clarity about the length and magnitude of the crisis."
economies declined,2,4,4,"Equity market indices in major economies declined by approximately 30 percent, and afterward most of them offset part of the decline against the background of steps by central banks and the governments."
reaching percent,2,4,4,"The CPI declined by 0.4 percent in January and by 0.1 percent in February, so that the year over year inflation rate continued to fall, reaching 0.1 percent, with a moderate decrease in inflation expectations, from all sources, as well."
limitations on economic,3,4,4,"This would lead to an expansion of the limitations on economic activity and the shutdown of the education system for several weeks, particularly in the northern region but also in the central part of the country."
global equity markets,3,4,4,"There was anomalous volatility in the exchange rate during March, against the background of the dollar liquidity distress resulting from dollar margin calls after the sharp declines in global equity markets."
contraction in activity,3,4,4,Sentiment indices also point to contraction in activity.
extension,1,4,4,"Governments announced extensive plans to expand public expenditure, compensation for those adversely impacted by the crisis, and the extension of credit to the business sector."
lengthening,1,4,4,
crisis is lengthening,3,4,4,
occurred,1,4,4,"However, over the year as a whole, the volatility of vehicle imports (which occurred at the end of the previous year as well) did not have a significant impact on annual growth."
show recovery,2,4,4,"Indicators of private consumption show a recovery; data on credit card purchases indicate an increase in the scope of purchases in most industries in which the strict limitations were removed, to close to the pre-crisis level."
mobility to workplaces,3,4,4,"Indicators of the public’s mobility show an increase in the scope of mobility to workplaces, retail and recreation, beginning in mid-April  ."
exports declined,2,4,4,Goods exports declined sharply in March and April.
fell,1,4,4,"The crisis led to a decline in the inflation rate worldwide and to a sharp decline in commodity prices  ; the price of oil fell sharply although it has recovered partly in recent days, with exceptional volatility. decision will be published on June 8, 2020."
assets,1,4,4,The pricing of some financial assets may not necessarily reflect all of the risks.
alongside continued,2,4,4,"In the housing market, home prices increased in the past two months, alongside continued moderation in rents."
imports declined,2,4,4,"All components of goods imports declined in May, including the import of raw materials, which was stable in March and April."
department updated,2,4,4,The Research Department updated its macroeconomic forecast.
research department updated,3,4,4,The Research Department updated its macroeconomic forecast.
constraint remains higher,3,4,4,"The Business Tendency Survey indicates some moderation in companies’ difficulties in obtaining credit, but the constraint remains higher than it was prior to the crisis."
significant contraction,2,4,4,"Global GDP contracted sharply in the first quarter, particularly in the major economies, and indicators for April and May point to an even more significant contraction in the second quarter."
second quarter gdp,3,4,4,"According to the National Accounts data, second quarter GDP was approximately 11 percent lower than what would have been expected without the crisis."
inflation target,2,4,4,"Medium-term forward inflation expectations have increased, such that inflation expectations at the end of the second year are slightly below the lower bound of the inflation target, and longer-term expectations are anchored within the target range."
months prior,2,4,4,"Home prices increased in May–June by 0.4 percent following a decline of 0.8 percent in April–May, and the annual rate of increase moderated markedly, from an annual rate of more than 3 percent in the months prior to March–April to an annual rate of 1.9 percent."
china gdp,2,4,4,"In China, GDP grew by about 5.3 percent in annual terms compared to the previous quarter—lower than the average in the precrisis years."
exceeding,1,4,4,"According to the first estimate of National Accounts data for the fourth quarter, GDP in 2021 grew by 8.1 percent—exceeding the forecast growth—and per capita GDP grew by 6.3 percent."
financing constraint,2,4,4,"Following a sharp incline at the start of the crisis, there has been a downward trend in demand for financing on the part of companies, but the rate of companies reporting a serious financing constraint remains higher than it was prior to the crisis, and it increased slightly in September."
utilize,1,4,4,"In view of the magnitude of the crisis’s adverse impact on economic activity, the Committee continues to utilize a range of tools in order to increase the extent of the monetary policy accommodation and to ensure the continued orderly functioning of the financial markets."
utilize range,2,4,4,"In view of the magnitude of the crisis’s adverse impact on economic activity, the Committee continues to utilize a range of tools in order to increase the extent of the monetary policy accommodation and to ensure the continued orderly functioning of the financial markets."
flash surveys,2,4,4,Central Bureau of Statistics flash surveys showed continued improvement in firms’ expectations regarding their volume of activity.
quarter show,2,4,4,"Companies Survey data for the third quarter show that the net balance increased to a higher level than during the first quarter of 2020, but its level still reflects a strong contraction of activity."
tendency survey conducted,3,4,4,The Business Tendency Survey conducted by the Central Bureau of Statistics shows a similar picture  .
energy fruits,2,4,4,"Inflation excluding energy, fruits, and vegetables in the past 12 months is -0.4 percent  ."
added,1,4,4,"At the end of September, the outline for deferring bank loans was further extended and expanded to December 31, 2020, and credit card companies were added to it."
improvement in activity,3,4,4,"The improvement in activity also led to an upward revision in the IMF’s forecast, which now projects contraction of 4.4 percent in the global economy in 2020 (compared to a contraction of 4.9 percent in the June forecast)."
covid period,2,4,4,"The average wage in the economy increased in line with the precrisis trends, as did the average wage after neutralizing the effect of the employee composition that was typical of the COVID-19 period."
probability,1,4,4,"Regarding 2021, a high level of uncertainty remains regarding the forecast in view of the recent increase in the infection coefficient and the probability of additional lockdowns compared to the chances of a vaccine during 2021."
trend and corporate,3,4,4,"In the domestic market, yields increased on the shekel bond curve similar to the global trend, and corporate bond spreads continued to narrow alongside the price increases on equity indices  ."
credit remained,2,4,4,"The Business Tendency Survey shows that there was a decline in the difficulty of raising credit by large and medium businesses, while for small businesses the difficulty of raising bank credit remained at its previous level  ."
economic indicators point,3,4,4,"In the US, morbidity is spreading at a high rate, but economic indicators point to a continued recovery in the fourth quarter."
business sector increased,3,4,4,"Bank credit to the business sector increased in recent months, and the increase in housing credit also continued."
opening,1,4,4,"With the opening of street-front stores at the beginning of November, there was a jump in credit card purchases, and since then, the level has been slightly higher than it was prior to the crisis  ."
rate of business,3,4,4,"The rate of business closures increases the smaller they are, as does the rate of those dismissed from the business."
base,1,4,4,"In view of the dispersal of the Knesset without passing the state budget for 2021, and in order to prevent large-scale cutbacks in government activity, the government increased the budget base for 2020 so that the interim budget in 2021 will be less restraining than was previously expected."
various sources increased,3,4,4,Inflation expectations for the coming year from the various sources increased slightly but remain below the lower bound of the target range.
volume of transactions,3,4,4,"The volume of transactions in the housing market is lower than in the precrisis period, and there was a marked slowdown in building starts."
sector mainly,2,4,4,"The high morbidity levels have led to a slowdown in the services sector, mainly in Europe, while the improvements in manufacturing and in world trade continue. start of inoculation campaigns, with slight increases in US treasury bond yields."
moderation in activity,3,4,4,"In the US, a fiscal incentive program was approved and the growth forecasts were revised upward, but private consumption and labor market data point to moderation in activity."
together,1,4,4,"According to the Business Tendency Survey conducted by the Central Bureau of Statistics, there was a sharp increase in companies reporting difficulties in recruiting workers, together with a notable increase in reported job vacancies."
long-term inflation,2,4,4,Medium- and long-term inflation expectations are anchored within the target range.
long-term inflation expectations,3,4,4,Medium- and long-term inflation expectations are anchored within the target range.
life,1,4,4,The opening of the economy and the return to normal life in Israel are expected to support continued rapid growth in the coming year.
health risks,2,4,4,"However, there are still challenges to economic activity in view of the health risks in Israel and abroad."
risks in israel,3,4,4,"However, there are still challenges to economic activity in view of the health risks in Israel and abroad."
economy particularly,2,4,4,"The crisis's adverse effects on the economy, particularly the labor market, are expected to be prolonged."
time using,2,4,4,
using range,2,4,4,
necessary including,2,4,4,
conduct very accommodative,3,4,4,
prolonged time using,3,4,4,
time using range,3,4,4,
tools as necessary,3,4,4,
tool in order,3,4,4,
relatively high levels,3,4,4,"From an industry standpoint, the average level of difficulty in obtaining credit returned to its precrisis level in all industries except hotels, where there was a sharp decline in the difficulty in March, but companies are still reporting relatively high levels of difficulty in obtaining credit."
alongside an increase,3,4,4,"Alongside this, some of the data indicate difficulties in the labor market’s recovery process: the number of job vacancies continues to rise, alongside an increase in employers’ difficulty in recruiting new workers in some industries."
card transactions,2,4,4,"The level of consumption through credit card transactions returned to, and even crossed, the trend line that was expected prior to the crisis  ."
credit card transactions,3,4,4,"The level of consumption through credit card transactions returned to, and even crossed, the trend line that was expected prior to the crisis  ."
decline in credit,3,4,4,"During the conflict, there was a transitory decline in credit card expenditures, but these expenditures recovered rapidly."
considered,1,4,4,"Since the exit from the third lockdown, there has been an increase in the adjusted employment rate (according to which COVID-19 absentees are not considered employed), to 56.6 percent in May, while the rate was 61 percent in 2019, prior to the crisis."
considered employed,2,4,4,"Since the exit from the third lockdown, there has been an increase in the adjusted employment rate (according to which COVID-19 absentees are not considered employed), to 56.6 percent in May, while the rate was 61 percent in 2019, prior to the crisis."
manufacturing companies,2,4,4,"According to the Business Tendency Survey, there was a significant increase in the rate of manufacturing companies reporting difficulty in recruiting nonprofessional workers, to about 20 percent  ."
combined,1,4,4,"The increase in orders for consumer goods and imports of goods for manufacturing, combined with the lack of manpower and storage space at the ports, are leading to difficulties in supply chains."
report,1,4,4,"Despite this, the employment report indicated a slowdown in the pace of job additions."
employed persons,2,4,4,"The number of employed persons in May was about 300,000 below potential according to the trend forecast prior to the crisis."
indicating economic expansion,3,4,4,"The global Purchasing Managers’ Index continues to increase, indicating economic expansion, and for the first time since the outbreak of the COVID-19 crisis, the index for the services sector indicates a higher level than for the manufacturing sector."
trade continued,2,4,4,The volume of world trade continued to increase in recent months.
increase although,2,4,4,"Equity indices continue to increase, although the pace of price increases was relatively moderate."
although the pace,3,4,4,"Equity indices continue to increase, although the pace of price increases was relatively moderate."
economies remained,2,4,4,Monetary policy in the major economies remained very accommodative.
economy process,2,4,4,The Israeli economy’s process of recovery from the crisis continues.
crisis continues,2,4,4,The Israeli economy’s process of recovery from the crisis continues.
israeli economy process,3,4,4,The Israeli economy’s process of recovery from the crisis continues.
process of recovery,3,4,4,The Israeli economy’s process of recovery from the crisis continues.
sector continued,2,4,4,"According to the Central Bureau of Statistics Business Tendency Survey, the aggregate net balance of the business sector continued to increase in July, and was at its highest level since the outbreak of the COVID-19 crisis  ."
ships and aircraft,3,4,4,"The sharp increase in uses is also reflected in imports (excluding defense, ships and aircraft, and diamonds), which grew by 17.6 percent  ."
professional employees,2,4,4,"According to the Business Tendency Survey, the shortage of workers continues to weigh on the expansion of activity, particularly in the hotels, manufacturing (professional employees), and services industries  ."
housing prices,2,4,4,The increase in housing prices in recent months has been accompanied by an increase in the prices of construction inputs.
index increased slightly,3,4,4,"In the capital market, the Tel Aviv 125 index increased slightly relative to parallel indices abroad, and corporate bond spreads increased slightly but remained very low  ."
financing difficulties,2,4,4,"According to the Central Bureau of Statistics Business Tendency Survey, reported financing difficulties among businesses of various sizes are returning to levels similar to those that were prevalent prior to the crisis  ."
global production chain,3,4,4,"The recovery in the global economy continues, but there is growing concern that the “Delta variant” will lead to an increase in morbidity and a return of restrictions, and will thereby lead to a slowdown in activity and deepening difficulties in the global production chain."
eurozone gdp,2,4,4,"In the eurozone, GDP grew by about 8.2 percent in annual terms compared to the previous quarter, following two quarters of contraction."
increases in number,3,4,4,"Furthermore, there were interest rate increases in a number of developing economies in which there are significant inflationary pressures. decision will be published on September 6, 2021."
revised its staff,3,4,4,The Research Department revised its staff forecast upward.
waves of morbidity,3,4,4,"However, there is still a great deal of uncertainty regarding economic activity in the medium term, mainly in view of the risk of cyclicality of additional waves of morbidity."
maintains,1,4,4,"The Monetary Committee is closely monitoring these developments, and maintains its assessment that there is no concern of an inflationary outbreak."
developments and maintains,3,4,4,"The Monetary Committee is closely monitoring these developments, and maintains its assessment that there is no concern of an inflationary outbreak."
maintains its assessment,3,4,4,"The Monetary Committee is closely monitoring these developments, and maintains its assessment that there is no concern of an inflationary outbreak."
market equity prices,3,4,4,"In the capital market, equity prices increased during the reviewed period, in contrast with the global trend, and corporate bond spreads declined slightly  ."
minutes,1,4,4,"The minutes of the monetary discussions prior to this interest rate decision will be published on October 21, 2021."
monetary discussions,2,4,4,"The minutes of the monetary discussions prior to this interest rate decision will be published on October 21, 2021."
discussions prior,2,4,4,"The minutes of the monetary discussions prior to this interest rate decision will be published on October 21, 2021."
monetary discussions prior,3,4,4,"The minutes of the monetary discussions prior to this interest rate decision will be published on October 21, 2021."
signs of slowdown,3,4,4,"In the global economy, the trend of recovery continues, but there are increasing signs of a slowdown in the growth rate."
path of inflation,3,4,4,"The Committee will therefore continue to conduct an accommodative monetary policy for a prolonged time, in accordance with the pace of growth, employment, and the path of inflation."
reflecting gap,2,4,4,"Following the rapid increase in the first half of the year, the adjusted employment rate (for those aged 15+) has ranged around 59 percent from the second half of July to the end of October, reflecting a gap of about 150,000 employed persons compared with the average employment rate in 2019."
environment continued,2,4,4,The global inflation environment continued to increase and remains high.
inflation environment continued,3,4,4,The global inflation environment continued to increase and remains high.
previous quarters,2,4,4,"In the US, there was a further increase in inflation, to a year-over-year level of 6.2 percent, third quarter growth was lower than in previous quarters, and the labor market continues to recover gradually."
increased volatility,2,4,4,"Since the previous interest rate decision, there has been increased volatility in the exchange rate."
targets and monetary,3,4,4,"In most countries, the inflation indices have increased to levels higher than their central bank targets, and monetary tightening around the world continues. ​ The Israeli economy’s process of recovery from the crisis continues."
especially,1,4,4,"However, with the increase in the spread of the Omicron variant in December, there was a decline in credit card purchases, especially in the domestic tourism industries  ."
houses remained,2,4,4,The revised growth forecasts of the various investment houses remained virtually unchanged.
gas prices,2,4,4,Natural gas prices in Europe were very volatile in view of the energy crisis in Europe.
natural gas prices,3,4,4,Natural gas prices in Europe were very volatile in view of the energy crisis in Europe.
data gdp grew,3,4,4,"According to National Accounts data, GDP grew by 8.1 percent in 2021, beyond the forecast growth, and per capita GDP grew by 6.3 percent."
inflation will remain,3,4,4,"The professional forecasters project that inflation will remain around the upper bound of the target range in the coming months, and is then expected to decline toward the midpoint of the range."
continuing global,2,4,4,"In view of the continuing global supply chain difficulties, the intensity of the equipment and raw materials constraint reported by companies remained high."
sizes remained,2,4,4,"According to the Central Bureau of Statistics Business Tendency Survey, financing constraints among businesses of various sizes remained similar to precrisis levels."
various sizes remained,3,4,4,"According to the Central Bureau of Statistics Business Tendency Survey, financing constraints among businesses of various sizes remained similar to precrisis levels."
growth accompanied,2,4,4,"The Israeli economy is recording strong growth, accompanied by a tight labor market and an increase in the inflation environment."
recording strong growth,3,4,4,"The Israeli economy is recording strong growth, accompanied by a tight labor market and an increase in the inflation environment."
strong growth accompanied,3,4,4,"The Israeli economy is recording strong growth, accompanied by a tight labor market and an increase in the inflation environment."
components continued,2,4,4,The annual pace of inflation in both the nontradable and the tradable components continued to increase in recent months  .
tradable components continued,3,4,4,The annual pace of inflation in both the nontradable and the tradable components continued to increase in recent months  .
number of months,3,4,4,"The aggregate balance of the Central Bureau of Statistics Business Tendency Survey for March increased, and continued to reflect businesses’ positive assessments of their situation  .According to the survey, the net balance is also positive in the hotels industry for the first time in a number of months."
covid morbidity,2,4,4,"Globally, the war in Ukraine and its effects, as well as the slowdown in economic activity in China due to the increase in COVID-19 morbidity there and policy’s response to it, are extending the interruptions in the global production chain, despite some decline in shipping prices."
increase in covid,3,4,4,"Globally, the war in Ukraine and its effects, as well as the slowdown in economic activity in China due to the increase in COVID-19 morbidity there and policy’s response to it, are extending the interruptions in the global production chain, despite some decline in shipping prices."
events,1,4,4,"Equity and commodity markets traded at high volatility in view of global events, mainly those in Europe."
volatility in view,3,4,4,"Equity and commodity markets traded at high volatility in view of global events, mainly those in Europe."
startup,1,4,4,"The decline in GDP in the first quarter was mainly influenced by declines in services exports (excluding the sale of startup companies), public consumption, and investments in the principal industries  ."
startup companies,2,4,4,"The decline in GDP in the first quarter was mainly influenced by declines in services exports (excluding the sale of startup companies), public consumption, and investments in the principal industries  ."
purchases remained,2,4,4,"Total credit card purchases remained high, with a marked recovery in the tourism, leisure, transportation, and restaurant industries."
aged declined,2,4,4,"In April, the adjusted employment rate (aged 15+) declined slightly, to 60.1 percent—slightly lower than the average employment rate in 2019 (61.1 percent)."
paths,1,4,4,"In the bond markets, the increases in yields on government bonds continued, with a high level of volatility, in view of the increase in the inflation environment and uncertainty regarding the future inflation and interest rate paths."
rate paths,2,4,4,"In the bond markets, the increases in yields on government bonds continued, with a high level of volatility, in view of the increase in the inflation environment and uncertainty regarding the future inflation and interest rate paths."
interest rate paths,3,4,4,"In the bond markets, the increases in yields on government bonds continued, with a high level of volatility, in view of the increase in the inflation environment and uncertainty regarding the future inflation and interest rate paths."
slowdown in global,3,4,4,"However, the possible slowdown in global economic activity in view of the effects of the war in Ukraine and the slowdown in manufacturing activity in China, as well as the political uncertainty in Israel, may have a negative impact on economic activity."
inflation monetary,2,4,4,"Globally, high inflation, monetary tightening, and the difficulties in the production chain continue to weigh upon growth in the advanced economies."
high inflation monetary,3,4,4,"Globally, high inflation, monetary tightening, and the difficulties in the production chain continue to weigh upon growth in the advanced economies."
inflation monetary tightening,3,4,4,"Globally, high inflation, monetary tightening, and the difficulties in the production chain continue to weigh upon growth in the advanced economies."
tighter,1,4,4,Government bond markets were very volatile in view of the increase in inflation and expectations of a tighter monetary policy on the part of central banks.
tighter monetary,2,4,4,Government bond markets were very volatile in view of the increase in inflation and expectations of a tighter monetary policy on the part of central banks.
tighter monetary policy,3,4,4,Government bond markets were very volatile in view of the increase in inflation and expectations of a tighter monetary policy on the part of central banks.
home prices continues,3,4,4,"The upward trend in home prices continues to accelerate, with prices increasing 17.8 percent in the past 12 months."
activity is strong,3,4,4,Economic activity is strong.
global supply chains,3,4,4,"Due to the easing of pressure in the global supply chains, the magnitude of the equipment and raw materials constraint eased in both the manufacturing and construction industries."
rate percent,2,4,4,"The unemployment rate for those aged 15+ was 3.4 percent (seasonally adjusted), and the employment rate (61 percent) has been stable for a number of months, and is around its 2019 average levels."
spreads remained virtually,3,4,4,"Yields on long-term government bonds declined, and corporate bond spreads remained virtually unchanged  ."
emerging markets declined,3,4,4,"The global purchasing managers’ index of advanced economies declined in July, and indicates a continued slowdown of economic activity, while the index for the emerging markets declined, but indicates expansion  ."
consecutive time,2,4,4,"In its most recent meeting, the Federal Reserve raised the federal funds rate by 75 basis points, for the second consecutive time, and emphasized its commitment to lower inflation."
activity accompanied,2,4,4,"The Israeli economy is recording strong economic activity, accompanied by a tight labor market and an increase in the inflation environment."
recording strong economic,3,4,4,"The Israeli economy is recording strong economic activity, accompanied by a tight labor market and an increase in the inflation environment."
economic activity accompanied,3,4,4,"The Israeli economy is recording strong economic activity, accompanied by a tight labor market and an increase in the inflation environment."
businesses expectations,2,4,4,"According to the Central Bureau of Statistics Business Tendency Survey, there was some decline in businesses’ expectations of expanding their employee numbers, but those expectations remain higher than they were prior to the crisis."
expectations of expanding,3,4,4,"According to the Central Bureau of Statistics Business Tendency Survey, there was some decline in businesses’ expectations of expanding their employee numbers, but those expectations remain higher than they were prior to the crisis."
housing transactions continues,3,4,4,The number of housing transactions continues to decline.
overall index,2,4,4,"In parallel the increase in inflation continues, and the overall index is at 10.0 percent."
indicate some moderation,3,4,4,"The labor market remains tight and in a full employment environment, although the most recent data indicate some moderation."
level that reflects,3,4,4,"The volume of activity in world trade increased in August, but the orders for export component of the Purchasing Managers Index, which is a leading indicator of the volume of trade in the coming months, remains at a level that reflects contraction."
message,1,4,4,"Inflation expectations for all ranges are within the target range To view the message click here Inflation in Israel is 5.3 percent over the past 12 months, and is high in a wide range of CPI components."
israel remains lower,3,4,4,"With that, inflation in Israel remains lower than in most of the advanced economies  ."
components is percent,3,4,4,The pace of inflation of the nontradable components is 5.3 percent—partly in view of the increase in the housing services component.
demand are working,3,4,4,"In the Committee’s assessment, these trends and the process of monetary tightening in Israel and abroad, as well as the moderation of demand, are working to moderate inflation."
aged percent,2,4,4,"The employment rate among the prime working ages (25–64) remains high (78.2 percent), but the most recent data show some decline  .The unemployment rate for those aged 15+ (3.9 percent) and among the prime working ages (3.5 percent) have been in an upward trend since June 2022  ."
indicate businesses,2,4,4,"The aggregate balance of the Business Tendency Survey, conducted by the Central Bureau of Statistics, for January continues to indicate businesses’ positive assessments regarding their situation, but to a smaller extent relative to most months of 2022  ."
indicate businesses positive,3,4,4,"The aggregate balance of the Business Tendency Survey, conducted by the Central Bureau of Statistics, for January continues to indicate businesses’ positive assessments regarding their situation, but to a smaller extent relative to most months of 2022  ."
industry continues,2,4,4,The level of the equipment and raw materials constraint in the manufacturing industry continues to decline but remains slightly higher than just before the COVID-19 crisis  .
trade volume,2,4,4,"In addition, the component of orders for exports in the Purchasing Managers Index, which serves as a leading index for world trade volume, indicates that in January as well the scope of world trade activity remained relatively low."
world trade volume,3,4,4,"In addition, the component of orders for exports in the Purchasing Managers Index, which serves as a leading index for world trade volume, indicates that in January as well the scope of world trade activity remained relatively low."
essentially,1,4,4,Oil prices remained essentially unchanged.
market although,2,4,4,"Economic activity in Israel is at a high level, and is accompanied by a tight labor market, although there is some moderation in a number of indicators."
labor market although,3,4,4,"Economic activity in Israel is at a high level, and is accompanied by a tight labor market, although there is some moderation in a number of indicators."
broad and remains,3,4,4,Inflation is broad and remains high.
therefore the monetary,3,4,4,"Therefore, the Monetary Committee decided to increase the interest rate."
policy and moderation,3,4,4,"The tighter monetary policy and moderation of activity abroad are expected to lead to some slowdown in economic activity in Israel, alongside a slowing of the pace of inflation."
month last,2,4,4,"According to the Central Bureau of Statistics Business Tendency Survey, there was a decline in the employee shortage constraint reported by companies in February compared with same month last year."
month last year,3,4,4,"According to the Central Bureau of Statistics Business Tendency Survey, there was a decline in the employee shortage constraint reported by companies in February compared with same month last year."
examined,1,4,4,"For example, we examined a scenario involving a significant temporary escalation in the war, which would require a reserve mobilization similar in scale to the beginning of the war."
estate,1,4,4,"Despite the decline in the number of real estate transactions, there are no apparent signs of slowdown in the labor market in the construction industry."
real estate,2,4,4,"Despite the decline in the number of real estate transactions, there are no apparent signs of slowdown in the labor market in the construction industry."
relative to global,3,4,4,"In the domestic capital markets there were declines in the equity indices during the reviewed period, and the Israeli equity indices reflect underperformance relative to global equity indices since the beginning of the year."
activity data continue,3,4,4,"In the US, activity data continue to indicate relatively strong activity, and the labor market remains tight."
full press,2,4,4,"Full press release, click here Inflation in Israel over the past 12 months remains above the upper bound of the target range, at 5 percent, and is high in a wide range of CPI components."
full press release,3,4,4,"Full press release, click here Inflation in Israel over the past 12 months remains above the upper bound of the target range, at 5 percent, and is high in a wide range of CPI components."
consecutive quarters,2,4,4,An analysis of the data shows that the level of GDP reflects a high level of activity that has been above the precrisis trend line for six consecutive quarters  .
diamonds increased,2,4,4,"Services exports increased, and remain very high, and goods exports (in current dollar terms, excluding ships, aircraft, and diamonds) increased as well in April, but remain lower than the 2022 monthly average  ."
ages percent seasonally,3,4,4,"The employment rate among those aged 15 and over (61.8 percent, seasonally adjusted) remained unchanged in May, and together with the employment rate among the prime working ages (25–64, 79.2 percent, seasonally adjusted), is higher than before the crisis  ."
high-tech services industry,3,4,4,"In the high-tech services industry, rates are lower than the precrisis data, although they have increased slightly in the past two months  ."
global indices,2,4,4,"However, since the beginning of the year, the Israeli equity indices are still significantly underperforming relative to global indices  ."
outstanding,1,4,4,"With regard to outstanding bank credit, there was an increase in credit to large businesses in April, alongside a moderation of the increase in credit to medium-sized businesses and a decline in credit to small and micro businesses."
relative to recent,3,4,4,"In addition, capital raised by the high-tech sector declined significantly relative to recent years, which is part of the global trend  ."
continued moderate growth,3,4,4,"Investment houses’ global growth forecasts for 2024 remained virtually unchanged, and they indicate continued moderate growth  ."
eurozone declined,2,4,4,Core inflation in the eurozone declined to 5.6 percent but remains high.
ages increased,2,4,4,"The unemployment rate for those aged 15+ (3.6 percent, seasonally adjusted) remained unchanged relative to the previous month, while the unemployment rate among the prime working ages increased to 3.3 percent (seasonally adjusted) in May, but remains low  ."
working ages increased,3,4,4,"The unemployment rate for those aged 15+ (3.6 percent, seasonally adjusted) remained unchanged relative to the previous month, while the unemployment rate among the prime working ages increased to 3.3 percent (seasonally adjusted) in May, but remains low  ."
real wage level,3,4,4,"In view of these figures, the real wage level increased, and was around the long-term trend in April."
downward trends,2,4,4,The downward trends in the number of housing transactions and in new mortgage volume continued.
market expectations,2,4,4,"With that, interest rate increases and monetary tightening around the world are continuing, and a number of central banks in advanced economies, including the UK and Norway, have raised their interest rates beyond market expectations."
prices of new,3,4,4,"In May–June 2023, the Index of Home Prices declined by 0.2 percent, and the prices of new homes declined by 0.6 percent."
medium small,2,4,4,"However, there are indications of a slight increase in the indices of credit risk to medium, small and micro businesses."
great uncertainty,2,4,4,"However, there is great uncertainty regarding the depth and duration of the impact, and this will be affected by the extent of the fighting."
total percent,2,4,4,"All these are expected to be reflected in an increase in the government’s budget deficit, which will total 2.3 percent of GDP in 2023, and 3.5 percent of GDP in 2024."
steady,1,4,4,"The labor market remains tight and in a full employment environment, and the job vacancy rate remained steady in August."
remained steady,2,4,4,"The labor market remains tight and in a full employment environment, and the job vacancy rate remained steady in August."
major currencies,2,4,4,"Since the beginning of the year, the shekel has weakened against most of the major currencies  , with high volatility in the exchange rate."
estimation,1,4,4,"The Bank of Israel Research Department lowered its growth forecast, and in its estimation, GDP will grow by 2 percent in each of 2023 and 2024."
quarter relative,2,4,4,National Accounts data published by the Central Bureau of Statistics show that GDP grew by 2.8 percent in annual terms in the third quarter relative to the second quarter of 2023  .
includes employees,2,4,4,"Due to the war, the broad unemployment rate, which includes employees put on furlough, jumped from 3.6 percent in September to 9.6 percent in October."
put on furlough,3,4,4,"Due to the war, the broad unemployment rate, which includes employees put on furlough, jumped from 3.6 percent in September to 9.6 percent in October."
caring,1,4,4,"The definition of broad unemployment does not include employees who were absent from their jobs for other reasons, such as reserve duty, caring for children in the absence of day care or educational frameworks, and others."
children,1,4,4,"The definition of broad unemployment does not include employees who were absent from their jobs for other reasons, such as reserve duty, caring for children in the absence of day care or educational frameworks, and others."
care,1,4,4,"The definition of broad unemployment does not include employees who were absent from their jobs for other reasons, such as reserve duty, caring for children in the absence of day care or educational frameworks, and others."
frameworks,1,4,4,"The definition of broad unemployment does not include employees who were absent from their jobs for other reasons, such as reserve duty, caring for children in the absence of day care or educational frameworks, and others."
include employees,2,4,4,"The definition of broad unemployment does not include employees who were absent from their jobs for other reasons, such as reserve duty, caring for children in the absence of day care or educational frameworks, and others."
duty caring,2,4,4,"The definition of broad unemployment does not include employees who were absent from their jobs for other reasons, such as reserve duty, caring for children in the absence of day care or educational frameworks, and others."
day care,2,4,4,"The definition of broad unemployment does not include employees who were absent from their jobs for other reasons, such as reserve duty, caring for children in the absence of day care or educational frameworks, and others."
educational frameworks,2,4,4,"The definition of broad unemployment does not include employees who were absent from their jobs for other reasons, such as reserve duty, caring for children in the absence of day care or educational frameworks, and others."
definition of broad,3,4,4,"The definition of broad unemployment does not include employees who were absent from their jobs for other reasons, such as reserve duty, caring for children in the absence of day care or educational frameworks, and others."
reserve duty caring,3,4,4,"The definition of broad unemployment does not include employees who were absent from their jobs for other reasons, such as reserve duty, caring for children in the absence of day care or educational frameworks, and others."
caring for children,3,4,4,"The definition of broad unemployment does not include employees who were absent from their jobs for other reasons, such as reserve duty, caring for children in the absence of day care or educational frameworks, and others."
absence of day,3,4,4,"The definition of broad unemployment does not include employees who were absent from their jobs for other reasons, such as reserve duty, caring for children in the absence of day care or educational frameworks, and others."
care or educational,3,4,4,"The definition of broad unemployment does not include employees who were absent from their jobs for other reasons, such as reserve duty, caring for children in the absence of day care or educational frameworks, and others."
frameworks and others,3,4,4,"The definition of broad unemployment does not include employees who were absent from their jobs for other reasons, such as reserve duty, caring for children in the absence of day care or educational frameworks, and others."
risk indices,2,4,4,"The credit risk indices for medium, small, and micro businesses increased, and there was an increase in the rate of checks returned due to cancellation of lack of cover, mainly those of small and micro business and of individuals."
globally economic,2,4,4,"Globally, economic activity and inflation in the major countries are moderating, as world trade continues to indicate weakness and there are assessments that central banks will begin a process of monetary accommodation during 2024."
globally economic activity,3,4,4,"Globally, economic activity and inflation in the major countries are moderating, as world trade continues to indicate weakness and there are assessments that central banks will begin a process of monetary accommodation during 2024."
following significant,2,4,4,"Indicators of economic activity point to a gradual recovery of activity, following a significant contraction in business activity with the outbreak of the war."
contraction in business,3,4,4,"Indicators of economic activity point to a gradual recovery of activity, following a significant contraction in business activity with the outbreak of the war."
activity depreciation,2,4,4,"However, there are still a number of risks of a potential acceleration in inflation: the effects of the war and its progress on economic activity, a depreciation of the shekel, and fiscal behavior."
economic activity depreciation,3,4,4,"However, there are still a number of risks of a potential acceleration in inflation: the effects of the war and its progress on economic activity, a depreciation of the shekel, and fiscal behavior."
level prior,2,4,4,"The level of usage of public transit improved gradually, but the gap compared to the level prior to the war has not been closed  ."
noneconomic,1,4,4,"In November, the broad unemployment rate declined from 9.7 percent in October to 8.5 percent, and the volume of those absent from work for other noneconomic reasons (which may be linked to the war but not due to reserve army duty) declined from 7.8 percent in October t0 0.4 percent in November."
noneconomic reasons,2,4,4,"In November, the broad unemployment rate declined from 9.7 percent in October to 8.5 percent, and the volume of those absent from work for other noneconomic reasons (which may be linked to the war but not due to reserve army duty) declined from 7.8 percent in October t0 0.4 percent in November."
duty declined,2,4,4,"In November, the broad unemployment rate declined from 9.7 percent in October to 8.5 percent, and the volume of those absent from work for other noneconomic reasons (which may be linked to the war but not due to reserve army duty) declined from 7.8 percent in October t0 0.4 percent in November."
maintain,1,4,4,"Maintaining a high construction supply over time, and not just the need to maintain activity in the short term, will support the stability of housing prices."
cpi remained unchanged,3,4,4,"The CPI remained unchanged in January, following a decline of 0.1 percent in December."
manufacturing industries,2,4,4,"However, the rate of companies in the construction and manufacturing industries that reported a moderate or serious constraint in equipment and raw materials increased in October, and remained high in November and December."
reported moderate,2,4,4,"However, the rate of companies in the construction and manufacturing industries that reported a moderate or serious constraint in equipment and raw materials increased in October, and remained high in November and December."
industries that reported,3,4,4,"However, the rate of companies in the construction and manufacturing industries that reported a moderate or serious constraint in equipment and raw materials increased in October, and remained high in November and December."
deficit forecast,2,4,4,"The budget that was approved includes a deficit forecast of about 6.6 percent of GDP, and is expected to lead to a debt to GDP ratio of about 67 percent at the end of the year."
core pce index,3,4,4,"The general CPI declined in January to an annual rate of 3.1 percent, while the core PCE index remained at 3.9 percent."
remained at percent,3,4,4,"The general CPI declined in January to an annual rate of 3.1 percent, while the core PCE index remained at 3.9 percent."
path of interest,3,4,4,"According to market assessments, these are expected to moderate the path of interest rate declines."
shortage of equipment,3,4,4,"In addition, the share of companies in the services and manufacturing industries that reported a moderate or serious constraint to increasing activity due to a shortage of equipment and raw materials moderated, but remained higher than before the war."
imports and exports,3,4,4,Foreign trade data indicate increases in goods imports and exports and also in services exports  .
global oil,2,4,4,"In the Committee’s assessment, there are several risks for a possible acceleration of inflation: geopolitical developments and their impact on economic activity, shekel depreciation, prolonged supply limitations, fiscal developments, and higher global oil prices."
global oil prices,3,4,4,"In the Committee’s assessment, there are several risks for a possible acceleration of inflation: geopolitical developments and their impact on economic activity, shekel depreciation, prolonged supply limitations, fiscal developments, and higher global oil prices."
indicating continued,2,4,4,"The Purchasing Managers Index (PMI) for advanced economies increased slightly, and the PMI for emerging markets declined slightly, though both are at levels indicating continued expansion of economic activity  ."
indicating continued expansion,3,4,4,"The Purchasing Managers Index (PMI) for advanced economies increased slightly, and the PMI for emerging markets declined slightly, though both are at levels indicating continued expansion of economic activity  ."
components remained,2,4,4,"The moderation of inflation of the nontradable components of the CPI was halted, and the annual pace of inflation of the tradable components remained virtually unchanged  ."
beginning of partly,3,4,4,"According to forecasters’ assessments, inflation will reach about 3.5 percent at the beginning of 2025, partly in view of the expected increase in VAT in 2025, and will then moderate toward the upper bound of the target range  ."
geopolitical environment,2,4,4,"Since the previous interest rate decision, the shekel depreciated by about 1.3 percent against the US dollar and against the euro, and by 1 percent in terms of the nominal effective exchange rate, with high volatility influenced by developments in the war and in the geopolitical environment."
working assumption,2,4,4,"The deficit forecast for 2025 was compiled under the working assumption that the government will make adjustments of a permanent nature to reduce the deficit, which will total at least NIS 30 billion."
investment products,2,4,4,There was also growth in the import of raw materials (8 percent) and in the import of investment products (2 percent).
moderate recovery,2,4,4,"According to current indicators for the third quarter, the moderate recovery is continuing, such that the level of economic activity remains lower than the trend line."
sources inflation,2,4,4,"According to various sources, inflation expectations for the coming year are around the upper bound of the target range  ."
various sources inflation,3,4,4,"According to various sources, inflation expectations for the coming year are around the upper bound of the target range  ."
sources inflation expectations,3,4,4,"According to various sources, inflation expectations for the coming year are around the upper bound of the target range  ."
economies continued,2,4,4,"The monetary easing among central banks in the advanced economies continued, with the Federal Reserve lowering its interest rate by 50 basis points and revising its interest rate forecasts from June downward for both 2024 and 2025."
advanced economies continued,3,4,4,"The monetary easing among central banks in the advanced economies continued, with the Federal Reserve lowering its interest rate by 50 basis points and revising its interest rate forecasts from June downward for both 2024 and 2025."
activity prolonged,2,4,4,"In the Committee’s assessment, there are several risks of a possible acceleration of inflation: geopolitical developments and their impact on economic activity, prolonged supply limitations, volatility of the shekel, and fiscal developments."
economic activity prolonged,3,4,4,"In the Committee’s assessment, there are several risks of a possible acceleration of inflation: geopolitical developments and their impact on economic activity, prolonged supply limitations, volatility of the shekel, and fiscal developments."
activity prolonged supply,3,4,4,"In the Committee’s assessment, there are several risks of a possible acceleration of inflation: geopolitical developments and their impact on economic activity, prolonged supply limitations, volatility of the shekel, and fiscal developments."
public consumption excluding,3,4,4,Public consumption (excluding defense imports) contracted by 8.6 percent in the third quarter in annual terms.
consumption excluding defense,3,4,4,Public consumption (excluding defense imports) contracted by 8.6 percent in the third quarter in annual terms.
lower interest,2,4,4,"In view of the convergence toward the inflation targets, central banks are continuing to lower interest rates."
lower interest rates,3,4,4,"In view of the convergence toward the inflation targets, central banks are continuing to lower interest rates."
stable at high,3,4,4,"Tax revenues remained stable at a high level and, net of seasonality and one-off revenues, they are 3–5 percent higher than their long-term real trend."
states the consumer,3,4,4,"In the United States, the Consumer Price Index (CPI) rose by 0.3 percent in November, to an annual rate of 2.7 percent."
cds price,2,4,4,"Israel’s risk premium, as measured by the 5-year CDS price and by the spreads on dollar-denominated government bonds, continued to decline, but remained higher than in the prewar period."
year cds price,3,4,4,"Israel’s risk premium, as measured by the 5-year CDS price and by the spreads on dollar-denominated government bonds, continued to decline, but remained higher than in the prewar period."
lowered its rate,3,4,4,The ECB lowered its rate by 25 basis points.
balance of payments,3,4,4,"The surplus in the current account of the balance of payments declined in the fourth quarter of 2024, due to an increase in goods imports."
price of brent,3,4,4,"The price of oil increased at the beginning of the reviewed period, but the US tariff measures and reactive measures by other countries led to a sharp decline of about 12 percent in the price of Brent crude oil, to $65 per barrel  ."
onward remain near,3,4,4,Expectations for the second year onward remain near the midpoint of the target range  .
government tax,2,4,4,Government tax receipts in the past three months returned to near the long-term trend  .
government tax receipts,3,4,4,Government tax receipts in the past three months returned to near the long-term trend  .
component rents,2,4,4,"The pace of annual increase in the housing component of the CPI increased to 4.4 percent in April, while the owner-occupied housing services component (rents in new and renewing contracts) increased at an annual rate of 4.2 percent."
services component rents,3,4,4,"The pace of annual increase in the housing component of the CPI increased to 4.4 percent in April, while the owner-occupied housing services component (rents in new and renewing contracts) increased at an annual rate of 4.2 percent."
rents in new,3,4,4,"The pace of annual increase in the housing component of the CPI increased to 4.4 percent in April, while the owner-occupied housing services component (rents in new and renewing contracts) increased at an annual rate of 4.2 percent."
year unindexed,2,4,4,"Yields on 10-year unindexed Israeli government bonds increased during the reviewed period, similar to other countries, but the spread between them and 10-year US Treasuries narrowed.  ."
year unindexed israeli,3,4,4,"Yields on 10-year unindexed Israeli government bonds increased during the reviewed period, similar to other countries, but the spread between them and 10-year US Treasuries narrowed.  ."
unindexed israeli government,3,4,4,"Yields on 10-year unindexed Israeli government bonds increased during the reviewed period, similar to other countries, but the spread between them and 10-year US Treasuries narrowed.  ."
onward also remain,3,4,4,Expectations for the second year onward also remain near the midpoint of the target range  .
businesses reporting,2,4,4,"According to the Central Bureau of Statistics Business Tendency Survey for June, the rate of businesses reporting a serious credit constraint remained low  ."
businesses reporting serious,3,4,4,"According to the Central Bureau of Statistics Business Tendency Survey for June, the rate of businesses reporting a serious credit constraint remained low  ."
states inflation,2,4,4,"In the United States, inflation according to the general Consumer Price Index (CPI) increased to 2.4 percent in May, and the core CPI was 2.8 percent."
united states inflation,3,4,4,"In the United States, inflation according to the general Consumer Price Index (CPI) increased to 2.4 percent in May, and the core CPI was 2.8 percent."
renewed acceleration,2,4,4,"In the Committee’s assessment, there are several risks of renewed acceleration of inflation: geopolitical developments and their impact on economic activity, an increase in demand alongside supply constraints, and fiscal developments."
risks of renewed,3,4,4,"In the Committee’s assessment, there are several risks of renewed acceleration of inflation: geopolitical developments and their impact on economic activity, an increase in demand alongside supply constraints, and fiscal developments."
dollar-denominated and shekel-denominated,3,4,4,The spreads on dollar-denominated and shekel-denominated government bonds continued to decline  .
shekel-denominated government bonds,3,4,4,The spreads on dollar-denominated and shekel-denominated government bonds continued to decline  .
brent oil,2,4,4,"Since the previous interest rate decision, and in view of the tension between the US and Iran, the price of oil increased by about 16 percent, with Brent oil trading around $72 per barrel."
rise in inflation,3,4,3,"After a continued rise in inflation since the beginning of 2018, the inflation rate is stabilizing slightly above the lower bound of the target range, and is expected to remain within the target in the coming months as well."
one percent,2,4,3,One-year expectations and forecasts from the various sources hover around the level of one percent.
expansionary fiscal,2,4,3,The rise in wages in the economy and the expansionary fiscal policy will support the continued entrenchment of inflation within the target.
sharp appreciation,2,4,3,The main risk to this is the possibility of a sharp appreciation of the shekel.
remains robust,2,4,3,"The US economy remains robust, though the risks due to the worsening “trade war” and the heightened political risk in Europe continue to weigh on momentum."
moderation in world,3,4,3,"The IMF revised its growth forecast downward for most countries and regions, and the moderation in world trade continues."
marked declines,2,4,3,"In financial markets, there were marked declines in most equity indices."
appear,1,4,3,"The number of transactions and mortgage volume appear to be stabilizing, with a slight increase in mortgage interest rates."
ranged,1,4,3,"After a continued rise in actual inflation since the beginning of 2018, the annual inflation rate has ranged between 1.2–1.4 percent in the past five months, and the “adjusted indices” are in a similar environment  ."
adjusted indices,2,4,3,"After a continued rise in actual inflation since the beginning of 2018, the annual inflation rate has ranged between 1.2–1.4 percent in the past five months, and the “adjusted indices” are in a similar environment  ."
resumed,1,4,3,"Inflation in prices of nontradable items, which serves as an approximation of the domestic component of inflation, resumed its rise  ."
driven by private,3,4,3,"In the US, as noted, the high growth continued, driven by private consumption and the improvement in manufacturing activity, while the fiscal expansion’s impact is expected to dissipate in 2020."
economies continue,2,4,3,"Emerging markets are relatively stable, but a possible worsening of the “trade war” and the effects of the monetary contraction in advanced economies continue to weigh on continued growth."
low growth,2,4,3,"An analysis of recent data and of updated indicators of economic activity continues to support the assessment that the economy is converging to its potential growth rate, despite the low growth in the second and third quarters."
widening,1,4,3,"The tight labor market supports this assessment, as does the growth of imports and the widening of the trade deficit."
trade deficit,2,4,3,"The tight labor market supports this assessment, as does the growth of imports and the widening of the trade deficit."
declined by approximately,3,4,3,"In the past two months, Tel Aviv Stock Exchange equity indices declined by approximately 10 percent  , which is in line with the marked declines on major global equity indices  ."
percent in slightly,3,4,3,"According to the Research Department’s assessment, GDP is expected to grow by 3.4 percent in 2019, slightly lower than the previous forecast, and by 3.5 percent in 2020."
timing,1,4,3,"Despite the continued increases in the interest rates of the US and some other economies, US markets are no longer pricing in an additional rise, and European markets have pushed off the timing of an expected interest rate increase."
mixed picture,2,4,3,"The major economies in Europe convey a mixed picture—there was positive growth in France and Spain, while contraction was seen in Germany and Italy."
regions particularly,2,4,3,"The IMF again revised its growth forecast downward for most regions, particularly Europe."
percent while inflation,3,4,3,"Inflation in nontradables, an approximation of the domestic component of inflation, continued to increase, reaching approximately 2 percent, while inflation in tradables continued to decline, and has turned negative in the past two months  ."
long-term forward expectations,3,4,3,Medium-term and long-term forward expectations are slightly below the midpoint of the target.
transitory,1,4,3,"The second estimate of National Accounts data by the Central Bureau of Statistics also shows that economic growth in the fourth quarter of 2018 was in line with the long-term rate, and it is clear that the slowdown in mid-2018 was transitory  ."
economy increased,2,4,3,"The risks to the global economy increased, mainly in view of the increasing severity of the ""trade war"", despite first-quarter growth in major economies surprising to the upside."
following the publication,3,4,3,"One-year inflation expectations and forecasts are slightly above the lower bound of the target range, and following the publication of the April CPI, there was a slight decline  ."
emphasis,1,4,3,"The equity indices in Israel continued to increase after the previous interest rate decision, but have fallen since the end of April, with an emphasis on the shares of pharmaceutical companies and in view of declines in most of the global markets."
share of companies,3,4,3,"There is an apparent decline in the share of companies in the Business Tendency Survey reporting a severe constraint in export orders, but foreign trade data indicate a slowdown in goods exports in April."
current consumption,2,4,3,"Private current consumption increased at a relatively moderate rate in the first quarter, and, other than vehicles, most components of investment contracted."
trend of expansion,3,4,3,"The trend of expansion in mortgage volume continues, and mortgage interest rates declined slightly  ."
encouraging,1,4,3,"In the UK as well, first quarter growth data were encouraging, but the risks regarding Brexit remain high, and its implementation was delayed again."
likely,1,4,3,"The inflation rate over the preceding 12 months has been 1.5 percent, and it currently seems less likely that inflation will again fall below the lower bound of the target range."
vegetables component,2,4,3,"Inflation over the past 12 months was 1.5 percent  , its highest level since 2013, with the volatile fruit and vegetables component making a relatively significant contribution  ."
past four quarters,3,4,3,"Over the past four quarters, the downward trend in building starts appears to have halted."
increased geopolitical,2,4,3,"Oil prices declined since the previous interest rate decision, in view of the continued increase in supply from the US and despite increased geopolitical risk  . prior to this interest rate decision will be published on July 22, 2019."
shifted,1,4,3,"Since the previous interest rate decision, the inflation environment has shifted downward."
markedly lower,2,4,3,"The CPI readings for June and July were markedly lower than expected, and the inflation rate in the past 12 months is 0.5 percent."
short and medium-term,3,4,3,"Short- and medium-term inflation expectations declined, with one-year expectations ranging around the lower bound of the target range, but long-term expectations remained anchored near the midpoint of the target range."
past two years,3,4,3,"Private consumption excluding durable goods and public consumption drove growth in the second quarter, and the trend of expansion that has characterized exports in the past two years continued, led by services exports."
profitability,1,4,3,The Central Bureau of Statistics Business Tendency Survey indicates that there is no significant deterioration in the profitability of exports  .
financial conditions,2,4,3,"Similar to global yields, medium- and long-term government bond yields declined sharply and eased financial conditions in the economy."
good in view,3,4,3,"The most recent data on goods exports were relatively good, in view of improved exports of electronic components, and the trend of growth in services exports continues."
trend of growth,3,4,3,"The most recent data on goods exports were relatively good, in view of improved exports of electronic components, and the trend of growth in services exports continues."
remained stable around,3,4,3,"The increase in the past year is approximately 0.7 percent, while the rate of increase in rents remained stable around 2.5 percent."
combination,1,4,3,"Mortgage volume continued to expand, as a result of a combination of an increase in the number of transactions and an increase in the average mortgage level, and mortgage interest rates continued to decline."
unless,1,4,3,"The signals sent out by the Federal Reserve indicate that the interest rate will remain at its current level unless there is a significant change in the state of the economy, and market assessments are that the ECB is not expected to change its interest rate in the next two years."
level unless,2,4,3,"The signals sent out by the Federal Reserve indicate that the interest rate will remain at its current level unless there is a significant change in the state of the economy, and market assessments are that the ECB is not expected to change its interest rate in the next two years."
market assessments,2,4,3,"The signals sent out by the Federal Reserve indicate that the interest rate will remain at its current level unless there is a significant change in the state of the economy, and market assessments are that the ECB is not expected to change its interest rate in the next two years."
current level unless,3,4,3,"The signals sent out by the Federal Reserve indicate that the interest rate will remain at its current level unless there is a significant change in the state of the economy, and market assessments are that the ECB is not expected to change its interest rate in the next two years."
policy more accommodative,3,4,3,"Furthermore, the Committee is taking additional steps as necessary to make monetary policy more accommodative."
global economy continued,3,4,3,The global economy continued to slow  .
data surprised,2,4,3,"With the exception of the United States, most third quarter growth data surprised to the downside, and the main weakness is focused on manufacturing."
balance of risks,3,4,3,"The balance of risks continues to tend downward, and the deterioration in world trade continues  , but the risk of significant worsening in view of the ""trade war"" and Brexit has declined."
basic,1,4,3,Inflation excluding energy and fruits and vegetables indicates a lower basic inflation rate than in previous months.
remains percent,2,4,3,"The January CPI was lower than expected, and inflation over the past 12 months remains 0.3 percent."
international financial,2,4,3,"The baseline scenario guiding the assessments of most international financial institutions is that the spread of the virus will be halted in the coming months, and the overall impact on the global economy is expected to be limited."
required,1,4,3,"If the crisis persists and spills over into additional countries, and particularly if strict preventative measures are required in Israel, it is expected to have a more significant impact."
benefits,1,4,3,"More than one-third of the economy is shut down, private consumption is lower by about one-quarter relative to the pre-crisis period, and approximately 1 million workers, 24 percent of the workforce, have claimed unemployment benefits."
unemployment benefits,2,4,3,"More than one-third of the economy is shut down, private consumption is lower by about one-quarter relative to the pre-crisis period, and approximately 1 million workers, 24 percent of the workforce, have claimed unemployment benefits."
expected to reach,3,4,3,The debt to GDP ratio is expected to reach about 75 percent in 2020.
increase in volatility,3,4,3,"The crisis led to a shock in capital markets in Israel and worldwide, with steep declines in equity prices and an increase in volatility and risk."
expectations for longer,3,4,3,"The 1-year inflation expectations decreased further, but expectations for longer terms remained stable."
methodological,1,4,3,"Due to the crisis, there is a methodological difficulty in calculating the CPI and in analyzing the meaning of measured changes in prices."
calculating,1,4,3,"Due to the crisis, there is a methodological difficulty in calculating the CPI and in analyzing the meaning of measured changes in prices."
analyzing,1,4,3,"Due to the crisis, there is a methodological difficulty in calculating the CPI and in analyzing the meaning of measured changes in prices."
meaning,1,4,3,"Due to the crisis, there is a methodological difficulty in calculating the CPI and in analyzing the meaning of measured changes in prices."
methodological difficulty,2,4,3,"Due to the crisis, there is a methodological difficulty in calculating the CPI and in analyzing the meaning of measured changes in prices."
calculating the cpi,3,4,3,"Due to the crisis, there is a methodological difficulty in calculating the CPI and in analyzing the meaning of measured changes in prices."
analyzing the meaning,3,4,3,"Due to the crisis, there is a methodological difficulty in calculating the CPI and in analyzing the meaning of measured changes in prices."
movement,1,4,3,"The gradual process of removing the restrictions that the government imposed on movement and activity is beginning to be reflected in economic activity, though the adverse impact on the economy is still considerable and is expected to persist."
removing the restrictions,3,4,3,"The gradual process of removing the restrictions that the government imposed on movement and activity is beginning to be reflected in economic activity, though the adverse impact on the economy is still considerable and is expected to persist."
contraction in gdp,3,4,3,"Forecasts by investment houses expect positive growth in the second half of the year, but for the full year of 2020 a marked contraction in GDP is expected in most economies."
real time,2,4,3,"Real time indicators of economic activity point to a recovery in some industries, though the level of activity continues to be low and in the industries in which the main limitations have not yet been removed it remains around the lowest level, and the recovery is reflected only partly in the labor market."
remains around,2,4,3,"Real time indicators of economic activity point to a recovery in some industries, though the level of activity continues to be low and in the industries in which the main limitations have not yet been removed it remains around the lowest level, and the recovery is reflected only partly in the labor market."
point to recovery,3,4,3,"Real time indicators of economic activity point to a recovery in some industries, though the level of activity continues to be low and in the industries in which the main limitations have not yet been removed it remains around the lowest level, and the recovery is reflected only partly in the labor market."
credit declined,2,4,3,"Bank credit has increased during the course of the crisis, primarily in light of the growth in business credit and in mortgages, but credit to small businesses and consumer credit declined."
quarter in annual,3,4,3,"Based on the first estimate of National Accounts data, GDP contracted by 7.1 percent in the first quarter, in annual terms, as a result of the shutdown of a notable part of economic activity in the middle of March  ."
education and leisure,3,4,3,"In industries in which the main limitations have not yet been removed (such as tourism, restaurants, education and leisure), the level of purchases remains near the lowest point  ."
infection,1,4,3,"The Research Department assesses that in a case of an outbreak of a second wave of infection in the final quarter of the year, GDP in 2020 is expected to contract even more sharply, by approximately 8 percent, and the unemployment rate is expected to increase to 11 percent in the fourth quarter."
government-guaranteed,1,4,3,The government increased the volume of the fund for the provision of government-guaranteed credit to small and medium businesses by a further NIS 4 billion.
government-guaranteed credit,2,4,3,The government increased the volume of the fund for the provision of government-guaranteed credit to small and medium businesses by a further NIS 4 billion.
launch,1,4,3,"In addition, the Monetary Committee decided to launch a program for purchasing corporate bonds in the secondary market."
assistance programs,2,4,3,The governments of many countries are operating wide-scale assistance programs in order to moderate the negative impact of the crisis and incentivize economic activity.
positions,1,4,3,"However, job vacancies as a share of total positions has stabilized at a high level."
provided,1,4,3,"The Monetary Committee has decided to end the program providing long-term loans to the banking system against loans to be provided to small and micro businesses on October 1, 2021 or upon the utilization of NIS 40 billion in the program."
following the first,3,4,3,"During the summer months—following the first lockdown and prior to the imposition of the second lockdown—economic activity in Israel recovered rapidly, as shown by a number of main activity indices."
upward revision,2,4,3,"The global economy improved during the third quarter in view of the decline in morbidity rates and the easing of lockdown policies, which led to an upward revision in the IMF’s forecast."
countries remained,2,4,3,"Monetary policy in various countries remained very accommodative, and the central banks continued signaling their preparedness to take nonconventional measures to ease financial conditions."
morbidity levels,2,4,3,"The global economy also showed improvement during the third quarter in view of the decline in morbidity levels and an easing of lockdown policies, although with large variance between economies."
various industries,2,4,3,"The adverse impact on economic activity as a result of the second lockdown was less severe than the impact of the first lockdown, but the exit from the second lockdown has been slower, and there is variance in the adverse impact on activity across various industries."
range and long-term,3,4,3,"Forward expectations for the second year returned to within the target range, and long-term expectations remained anchored within the target range."
difficulty in raising,3,4,3,"The Business Tendency Survey shows that there was a decline in the difficulty of large and medium businesses to raise credit, while small businesses continued to find difficulty in raising bank credit."
domestic market,2,4,3,"In the domestic market, yields increased on the shekel bond curve similar to the global trend, and corporate bond spreads continued to narrow alongside the price increases on equity indices  ."
israel announced,2,4,3,"Today the Bank of Israel announced an additional framework for further deferrals and easing of loan repayments, which has been adopted by the banking system, and which focuses on households."
harmed,1,4,3,"The framework enables customers who have been harmed by the crisis to spread out their consumer and mortgage loan repayments over longer periods, and also provides them with the option of a further deferral of loan repayments to credit card companies."
banks remains,2,4,3,The monetary policies of the major central banks remains very accommodative.
central banks remains,3,4,3,The monetary policies of the major central banks remains very accommodative.
jump,1,4,3,"With the opening of street-front stores at the beginning of November, there was a jump in credit card purchases, and since then, the level has been slightly higher than it was prior to the crisis  ."
precrisis period,2,4,3,"The volume of transactions in the housing market is lower than in the precrisis period, and there was a marked slowdown in building starts."
uncertainty continues,2,4,3,"The global economy is recovering, but the uncertainty continues in view of the start of inoculation campaigns while morbidity continues to spread."
vaccination campaign,2,4,3,The vaccination campaign is progressing rapidly but the spread of more contagious variants and the still high morbidity level are weighing on a return to strong economic activity.
significantly impacted,2,4,3,"It is clear that the unemployment rate during the lockdowns increases mainly in the industries that are significantly impacted by social distancing requirements, such as the hospitality and food services, art and leisure, and education industries."
continues to trend,3,4,3,The inflation environment remains low but continues to trend upward moderately.
remain anchored,2,4,3,The expectations for medium and long terms remain anchored within the target range.
slow the pace,3,4,3,"However, morbidity levels that remained high in some countries, as well as the difficulty in moving forward with vaccinations, are expected to slow the pace of recovery."
still higher,2,4,3,"The unemployment rate in 2022 is expected to continue to decline, to about 6 percent in the fourth quarter of the year—a level that is still higher than the precrisis level."
indices remained,2,4,3,"The inflation rate increased in all the main regions, but the core indices remained lower than central banks’ targets."
return to normal,3,4,3,The opening of the economy and the return to normal life in Israel are expected to support continued rapid growth in the coming year.
poses,1,4,3,Such development poses a risk to the economy and to a return to normal routine.
share of total,3,4,3,"Home prices increased by 4 percent in the past 12 months  , and investors’ share of total transactions increased."
trend in inflation,3,4,3,"The fiscal program is expected to have a positive effect on the growth rate and on the labor market in the US, and is expected to encourage the continuation of the upward trend in inflation."
hard,1,4,3,The significant increase in consumption continued even in the industries that were particularly hard hit by the restrictions during the COVID-19 crisis.
vacancies continues,2,4,3,"Alongside this, some of the data indicate difficulties in the labor market’s recovery process: the number of job vacancies continues to rise, alongside an increase in employers’ difficulty in recruiting new workers in some industries."
job vacancies continues,3,4,3,"Alongside this, some of the data indicate difficulties in the labor market’s recovery process: the number of job vacancies continues to rise, alongside an increase in employers’ difficulty in recruiting new workers in some industries."
agricultural commodities,2,4,3,"The prices of agricultural commodities, metals, and oil increased, and contributed to the continued increase in inflation."
manpower,1,4,3,"The increase in orders for consumer goods and imports of goods for manufacturing, combined with the lack of manpower and storage space at the ports, are leading to difficulties in supply chains."
rate of change,3,4,3,"The prices of tradable goods increased sharply, in view of the increase in energy prices, while the rate of change in the prices of nontradable components of the CPI remained moderate  ."
covid absentees,2,4,3,"The broad unemployment rate declined to 9.5 percent, and the employment rate excluding COVID-19 absentees increased slightly."
entered,1,4,3,"Inflation in the past 12 months has entered the target range, and is now 1.5 percent."
help,1,4,3,"The vaccination process is expected to help lower serious morbidity, and thereby lead to a reduction in the expected impact on the economy."
thereby,1,4,3,"The vaccination process is expected to help lower serious morbidity, and thereby lead to a reduction in the expected impact on the economy."
continue to show,3,4,3,"The indicators regarding activity continue to show that the level of activity had returned to its long-term trend in most industries, but was lower than the trend in the vulnerable in-person industries, particularly tourism, hospitality, and culture."
terms compared,2,4,3,"In the eurozone, GDP grew by about 8.2 percent in annual terms compared to the previous quarter, following two quarters of contraction."
annual terms compared,3,4,3,"In the eurozone, GDP grew by about 8.2 percent in annual terms compared to the previous quarter, following two quarters of contraction."
indicate stability,2,4,3,Labor Force Survey data for the first half of September indicate stability in the unemployment rate.
typical,1,4,3,"This phenomenon is typical of other advanced economies that have experienced a rapid growth in unemployment due to governmental furlough policies that led to new job vacancies being created with the easing of restrictions and the rapid growth of GDP, which were filled relatively slowly."
gdp remains,2,4,3,"However, the level of global GDP remains lower than that derived from the precrisis forecasted growth path, and there are increasing signs of some slowdown in the growth rate."
levels higher,2,4,3,"In some countries, the inflation indices are increasing to levels higher than their central bank targets, but the central banks and forecasters in the major economies do not expect a significant portion of the increase to persist  ."
marked improvement,2,4,3,Labor market data for November and the first half of December indicate a marked improvement in the employment indices.
ongoing economic,2,4,3,The ongoing economic activity in Israel continues to expand alongside the COVID-19 pandemic and the cyclical nature of the waves of morbidity.
ongoing economic activity,3,4,3,The ongoing economic activity in Israel continues to expand alongside the COVID-19 pandemic and the cyclical nature of the waves of morbidity.
returned to levels,3,4,3,The Central Bureau of Statistics Business Tendency Survey shows that financing difficulties among businesses of various sizes have returned to levels similar to those prior to the crisis  .
volatile in view,3,4,3,Natural gas prices in Europe were very volatile in view of the energy crisis in Europe.
third year,2,4,3,"Expectations for the second year derived from the capital market increased during the reviewed period to above the target range, but expectations from the third year onward are within the target range."
activity remains strong,3,4,3,Economic activity remains strong.
accelerate with prices,3,4,3,"The upward trend in home prices continued to accelerate, with prices rising by 13 percent in the past 12 months."
mainly influenced,2,4,3,"The decline in GDP in the first quarter was mainly influenced by declines in services exports (excluding the sale of startup companies), public consumption, and investments in the principal industries  ."
contracts was percent,3,4,3,"Alongside this, the annual increase in rents (in renewing contracts) was 3.2 percent."
activity derived,2,4,3,"Despite the decline in the forecast figures, the level of activity derived from the forecast remains strong."
forecast remains,2,4,3,"Despite the decline in the forecast figures, the level of activity derived from the forecast remains strong."
forecast remains strong,3,4,3,"Despite the decline in the forecast figures, the level of activity derived from the forecast remains strong."
various sources declined,3,4,3,"One-year inflation expectations from the various sources declined, and are within the target range."
constraint remains significant,3,4,3,"However, the level of the constraint remains significant, and higher than in the past."
however the number,3,4,3,"However, the number of transactions declined in recent months, and the number of building starts and building permits is high, following increases in the first quarter."
europe high,2,4,3,"Global economic activity continues to moderate, as a result of the combination of the energy crisis in Europe, high inflation and monetary tightening, the continuing war in Ukraine, and the slowdown in China."
europe high inflation,3,4,3,"Global economic activity continues to moderate, as a result of the combination of the energy crisis in Europe, high inflation and monetary tightening, the continuing war in Ukraine, and the slowdown in China."
israel as well,3,4,3,"However, monetary policy tightening and moderation of activity abroad are expected to lead to some slowdown in economic activity in Israel as well, and a number of indicators are showing signs of the beginning of such a process."
number of factors,3,4,3,A number of indicators continue to point to a slowdown of economic activity influenced by a number of factors.
dynamic,1,4,3,"In recent months, there have been signs of a slowdown in the dynamic of the increase in inflation  ."
high-tech industry,2,4,3,"The job vacancy rate in the high-tech industry continues to decline, in parallel to the sharp decline in capital raised relative to the high levels of 2021 and early 2022."
country risk,2,4,3,"In the second scenario, the Research Department presents an analysis of the potential economic implications if the legal and institutional changes are accompanied by an increase in the country’s risk premium, a negative impact to exports, and declines in domestic investments and in demand for private consumption."
country risk premium,3,4,3,"In the second scenario, the Research Department presents an analysis of the potential economic implications if the legal and institutional changes are accompanied by an increase in the country’s risk premium, a negative impact to exports, and declines in domestic investments and in demand for private consumption."
world are continuing,3,4,3,"Interest rate increases around the world are continuing, but the pace has slowed."
gdp reflects,2,4,3,An analysis of the data shows that the level of GDP reflects a high level of activity that has been above the precrisis trend line for six consecutive quarters  .
adjusted remained,2,4,3,"The employment rate among those aged 15 and over (61.8 percent, seasonally adjusted) remained unchanged in May, and together with the employment rate among the prime working ages (25–64, 79.2 percent, seasonally adjusted), is higher than before the crisis  ."
seasonally adjusted remained,3,4,3,"The employment rate among those aged 15 and over (61.8 percent, seasonally adjusted) remained unchanged in May, and together with the employment rate among the prime working ages (25–64, 79.2 percent, seasonally adjusted), is higher than before the crisis  ."
range near,2,4,3,"One-year inflation expectations and forecasts are within the target range, near the upper bound."
target range near,3,4,3,"One-year inflation expectations and forecasts are within the target range, near the upper bound."
dynamics,1,4,3,Data to be published in the coming months will significantly contribute to clarifying the picture regarding the dynamics of the inflation.
remains sticky,2,4,3,"The inflation environment is moderating in many countries, but remains above central bank targets, while core inflation remains sticky."
foundations,1,4,3,"The Israeli economy is strong, stable, and based on solid foundations."
forecast in accordance,3,4,3,The Bank of Israel Research Department revised its macroeconomic forecast in accordance with initial information gathered since the start of the war.
repayment deferral,2,4,3,"In the credit market, the banks and credit card companies adopted a broad loan repayment deferral program that was formulated by the Banking Supervision Department."
banks and credit,3,4,3,"In the credit market, the banks and credit card companies adopted a broad loan repayment deferral program that was formulated by the Banking Supervision Department."
loan repayment deferral,3,4,3,"In the credit market, the banks and credit card companies adopted a broad loan repayment deferral program that was formulated by the Banking Supervision Department."
repayment deferral program,3,4,3,"In the credit market, the banks and credit card companies adopted a broad loan repayment deferral program that was formulated by the Banking Supervision Department."
cash,1,4,3,"The program is intended to assist individuals and businesses who have been harmed, and to help with their cash flow during the upcoming period."
cash flow,2,4,3,"The program is intended to assist individuals and businesses who have been harmed, and to help with their cash flow during the upcoming period."
needs,1,4,3,The assessment regarding the State budget for 2024 is currently exposed to significant uncertainty with regard to the impact of the war and the government’s decisions with regard to prioritizing the security and civilian needs arising from it.
industries declined,2,4,3,"The pace of annual inflation of the nontradable components of the CPI, which mainly reflects the housing services component and the services industries, declined but remained high, at 4.6 percent."
great amount,2,4,3,"There is great amount of uncertainty with regard to the expected severity and duration of the war, which is in turn affecting the extent of the impact on activity."
amount of uncertainty,3,4,3,"There is great amount of uncertainty with regard to the expected severity and duration of the war, which is in turn affecting the extent of the impact on activity."
expectations from various,3,4,3,Inflation expectations from various sources are that inflation will enter the target range in the first quarter of the year.
sharp recovery,2,4,3,"In the financial markets, there is has been a sharp recovery following the declines at the beginning of the war."
market the slowing,3,4,3,"In the credit market, the slowing trend of bank credit to businesses and households continues, in parallel with the general slowdown in economic activity."
declined from percent,3,4,3,"In November, the broad unemployment rate declined from 9.7 percent in October to 8.5 percent, and the volume of those absent from work for other noneconomic reasons (which may be linked to the war but not due to reserve army duty) declined from 7.8 percent in October t0 0.4 percent in November."
serious constraint,2,4,3,"The rate of companies reporting a moderate or serious constraint in the volume of orders in the manufacturing and services industries moderated, mainly with regard to orders for the domestic market."
prewar average,2,4,3,"The recovery in the volume of credit card transactions continued in February, and total purchases even slightly exceeded the 2023 prewar average."
surprisingly,1,4,3,"The pace of global economic activity was surprisingly good in view of stronger activity in the US, while the economic weakness in the eurozone continued."
military reserve,2,4,3,The labor market continued to recover in view of the increase in demand for workers and an easing of the labor supply constraint due to the return of employees from military reserve service.
military reserve service,3,4,3,The labor market continued to recover in view of the increase in demand for workers and an easing of the labor supply constraint due to the return of employees from military reserve service.
war remain,2,4,3,"In the housing market, home prices continue to increase and the constraints and difficulties in the industry’s activity in view of the war remain significant."
war remain significant,3,4,3,"In the housing market, home prices continue to increase and the constraints and difficulties in the industry’s activity in view of the war remain significant."
activity is recovering,3,4,3,"Alongside these, construction industry activity is recovering gradually but the industry is sill not functioning at its full potential."
stable in recent,3,4,3,"Credit card expenditure volume remained relatively stable in recent months, following the sharp decline at the beginning of the war and the recovery that followed  ."
tenant changed,2,4,3,"However, for rentals in which the tenant changed, there was an increase of 5.3 percent in rents."
long-term growth trend,3,4,3,"The underperformance from the long-term growth trend remains similar, at 3.6 percent."
defense imports,2,4,3,Public consumption (excluding defense imports) contracted by 8.6 percent in the third quarter in annual terms.
increased from percent,3,4,3,"Inflation in the eurozone increased from 1.7 percent to 2.0 percent in October, and the core index remained unchanged at 2.7 percent in annual terms."
components was percent,3,4,3,"The annual rate of inflation in the nontradable components was 4.1 percent, and the rate of inflation of the tradable components is 3.4 percent in the past 12 months  ."
components to percent,3,4,3,"The decline in annual inflation in February also reflects declines in inflation of the tradable components, to 2.8 percent, and of the nontradable components to 3.8 percent  ."
accelerated to percent,3,4,3,The pace of increase in home prices accelerated to 7.7 percent  .
late,1,4,3,The late repayments rate for mortgages remains stable and a low level.
global energy,2,4,3,"Since the previous interest rate decision, there has been an increase in the inflation environment, mainly due to a marked increase in global energy prices."
global energy prices,3,4,3,"Since the previous interest rate decision, there has been an increase in the inflation environment, mainly due to a marked increase in global energy prices."
change of tenant,3,4,3,"The annual rate of increase in contracts in which there was a change of tenant remained relatively high, at 5.8 percent in February."
